  [1m[35m (1.0ms)[0m  [1m[35mCREATE TABLE "schema_migrations" ("version" varchar NOT NULL PRIMARY KEY) /*application='Store'*/[0m
  [1m[35m (0.5ms)[0m  [1m[35mCREATE TABLE "ar_internal_metadata" ("key" varchar NOT NULL PRIMARY KEY, "value" varchar, "created_at" datetime(6) NOT NULL, "updated_at" datetime(6) NOT NULL) /*application='Store'*/[0m
  [1m[36mActiveRecord::SchemaMigration Load (0.2ms)[0m  [1m[34mSELECT "schema_migrations"."version" FROM "schema_migrations" ORDER BY "schema_migrations"."version" ASC /*application='Store'*/[0m
Started GET "/" for ::1 at 2026-06-07 17:24:12 +0300
  [1m[36mActiveRecord::SchemaMigration Load (0.3ms)[0m  [1m[34mSELECT "schema_migrations"."version" FROM "schema_migrations" ORDER BY "schema_migrations"."version" ASC /*application='Store'*/[0m
Processing by Rails::WelcomeController#index as HTML
  Rendering /home/marwan/.local/share/mise/installs/ruby/3.4.9/lib/ruby/gems/3.4.0/gems/railties-8.1.3/lib/rails/templates/rails/welcome/index.html.erb
  Rendered /home/marwan/.local/share/mise/installs/ruby/3.4.9/lib/ruby/gems/3.4.0/gems/railties-8.1.3/lib/rails/templates/rails/welcome/index.html.erb (Duration: 0.4ms | GC: 0.0ms)
Completed 200 OK in 20ms (Views: 4.7ms | ActiveRecord: 0.0ms (0 queries, 0 cached) | GC: 0.0ms)


  [1m[36mActiveRecord::InternalMetadata Load (0.2ms)[0m  [1m[34mSELECT * FROM "ar_internal_metadata" WHERE "ar_internal_metadata"."key" = 'environment' ORDER BY "ar_internal_metadata"."key" ASC LIMIT 1 /*application='Store'*/[0m
  [1m[36mActiveRecord::InternalMetadata Create (1.1ms)[0m  [1m[32mINSERT INTO "ar_internal_metadata" ("key", "value", "created_at", "updated_at") VALUES ('environment', 'development', '2026-06-07 14:45:19.123969', '2026-06-07 14:45:19.123971') RETURNING "key" /*application='Store'*/[0m
  [1m[36mActiveRecord::SchemaMigration Load (0.1ms)[0m  [1m[34mSELECT "schema_migrations"."version" FROM "schema_migrations" ORDER BY "schema_migrations"."version" ASC /*application='Store'*/[0m
Migrating to CreateProducts (20260607142555)
  [1m[36mTRANSACTION (0.0ms)[0m  [1m[35mBEGIN immediate TRANSACTION /*application='Store'*/[0m
  [1m[35m (0.9ms)[0m  [1m[35mCREATE TABLE "products" ("id" integer PRIMARY KEY AUTOINCREMENT NOT NULL, "name" varchar, "created_at" datetime(6) NOT NULL, "updated_at" datetime(6) NOT NULL) /*application='Store'*/[0m
  [1m[36mActiveRecord::SchemaMigration Create (0.2ms)[0m  [1m[32mINSERT INTO "schema_migrations" ("version") VALUES ('20260607142555') RETURNING "version" /*application='Store'*/[0m
  [1m[36mTRANSACTION (0.4ms)[0m  [1m[35mCOMMIT TRANSACTION /*application='Store'*/[0m
  [1m[36mActiveRecord::SchemaMigration Load (0.0ms)[0m  [1m[34mSELECT "schema_migrations"."version" FROM "schema_migrations" ORDER BY "schema_migrations"."version" ASC /*application='Store'*/[0m
  [1m[36mTRANSACTION (0.1ms)[0m  [1m[35mBEGIN immediate TRANSACTION /*application='Store'*/[0m
  [1m[36mProduct Create (0.6ms)[0m  [1m[32mINSERT INTO "products" ("name", "created_at", "updated_at") VALUES ('hello world', '2026-06-07 14:57:20.534237', '2026-06-07 14:57:20.534237') RETURNING "id" /*application='Store'*/[0m
  [1m[36mTRANSACTION (0.8ms)[0m  [1m[35mCOMMIT TRANSACTION /*application='Store'*/[0m
  [1m[36mProduct Load (0.1ms)[0m  [1m[34mSELECT "products".* FROM "products" /* loading for pp */ LIMIT 11 /*application='Store'*/[0m
  [1m[36mTRANSACTION (0.1ms)[0m  [1m[35mBEGIN immediate TRANSACTION /*application='Store'*/[0m
  [1m[36mProduct Create (1.0ms)[0m  [1m[32mINSERT INTO "products" ("name", "created_at", "updated_at") VALUES ('hello world', '2026-06-07 14:57:31.505381', '2026-06-07 14:57:31.505381') RETURNING "id" /*application='Store'*/[0m
  [1m[36mTRANSACTION (0.6ms)[0m  [1m[35mCOMMIT TRANSACTION /*application='Store'*/[0m
  [1m[36mProduct Load (0.2ms)[0m  [1m[34mSELECT "products".* FROM "products" /* loading for pp */ LIMIT 11 /*application='Store'*/[0m
  [1m[36mTRANSACTION (0.1ms)[0m  [1m[35mBEGIN immediate TRANSACTION /*application='Store'*/[0m
  [1m[36mProduct Create (1.5ms)[0m  [1m[32mINSERT INTO "products" ("name", "created_at", "updated_at") VALUES ('T-shirt', '2026-06-07 14:58:48.997802', '2026-06-07 14:58:48.997802') RETURNING "id" /*application='Store'*/[0m
  [1m[36mTRANSACTION (1.0ms)[0m  [1m[35mCOMMIT TRANSACTION /*application='Store'*/[0m
  [1m[36mProduct Load (0.2ms)[0m  [1m[34mSELECT "products".* FROM "products" WHERE "products"."id" = 4 /* loading for pp */ LIMIT 11 /*application='Store'*/[0m
  [1m[36mProduct Load (0.2ms)[0m  [1m[34mSELECT "products".* FROM "products" WHERE "products"."id" = 3 /* loading for pp */ LIMIT 11 /*application='Store'*/[0m
  [1m[36mProduct Load (0.3ms)[0m  [1m[34mSELECT "products".* FROM "products" WHERE "products"."id" BETWEEN 1 AND 2 /* loading for pp */ LIMIT 11 /*application='Store'*/[0m
  [1m[36mProduct Load (0.3ms)[0m  [1m[34mSELECT "products".* FROM "products" WHERE "products"."id" BETWEEN 1 AND 3 /* loading for pp */ LIMIT 11 /*application='Store'*/[0m
  [1m[36mProduct Load (0.2ms)[0m  [1m[34mSELECT "products".* FROM "products" WHERE "products"."id" BETWEEN 2 AND 3 /* loading for pp */ LIMIT 11 /*application='Store'*/[0m
  [1m[36mProduct Load (0.3ms)[0m  [1m[34mSELECT "products".* FROM "products" /* loading for pp */ ORDER BY "products"."name" DESC LIMIT 11 /*application='Store'*/[0m
  [1m[36mProduct Load (0.3ms)[0m  [1m[34mSELECT "products".* FROM "products" /* loading for pp */ ORDER BY "products"."name" ASC LIMIT 11 /*application='Store'*/[0m
  [1m[36mProduct Load (0.2ms)[0m  [1m[34mSELECT "products".* FROM "products" WHERE "products"."id" = 2 LIMIT 1 /*application='Store'*/[0m
  [1m[36mProduct Load (0.2ms)[0m  [1m[34mSELECT "products".* FROM "products" WHERE "products"."id" = 2 LIMIT 1 /*application='Store'*/[0m
  [1m[36mProduct Load (0.2ms)[0m  [1m[34mSELECT "products".* FROM "products" WHERE "products"."id" = 4 LIMIT 1 /*application='Store'*/[0m
  [1m[36mProduct Load (0.2ms)[0m  [1m[34mSELECT "products".* FROM "products" WHERE "products"."id" = 2 /* loading for pp */ LIMIT 11 /*application='Store'*/[0m
  [1m[36mProduct Load (0.3ms)[0m  [1m[34mSELECT "products".* FROM "products" WHERE "products"."id" = 2 /* loading for pp */ LIMIT 11 /*application='Store'*/[0m
  [1m[36mProduct Load (0.2ms)[0m  [1m[34mSELECT "products".* FROM "products" WHERE "products"."id" = 2 /* loading for pp */ LIMIT 11 /*application='Store'*/[0m
  [1m[36mProduct Load (0.2ms)[0m  [1m[34mSELECT "products".* FROM "products" WHERE "products"."id" = 1 LIMIT 1 /*application='Store'*/[0m
  [1m[36mProduct Load (0.2ms)[0m  [1m[34mSELECT "products".* FROM "products" WHERE "products"."id" = 2 LIMIT 1 /*application='Store'*/[0m
  [1m[36mTRANSACTION (0.1ms)[0m  [1m[35mBEGIN immediate TRANSACTION /*application='Store'*/[0m
  [1m[36mProduct Update (1.0ms)[0m  [1m[33mUPDATE "products" SET "name" = 'updated name', "updated_at" = '2026-06-07 15:07:42.238823' WHERE "products"."id" = 2 /*application='Store'*/[0m
  [1m[36mTRANSACTION (0.3ms)[0m  [1m[35mCOMMIT TRANSACTION /*application='Store'*/[0m
  [1m[36mProduct Load (0.3ms)[0m  [1m[34mSELECT "products".* FROM "products" /* loading for pp */ LIMIT 11 /*application='Store'*/[0m
  [1m[36mProduct Load (0.2ms)[0m  [1m[34mSELECT "products".* FROM "products" WHERE "products"."id" = 2 LIMIT 1 /*application='Store'*/[0m
  [1m[36mTRANSACTION (0.1ms)[0m  [1m[35mBEGIN immediate TRANSACTION /*application='Store'*/[0m
  [1m[36mProduct Update (0.9ms)[0m  [1m[33mUPDATE "products" SET "name" = 'updated for the second time', "updated_at" = '2026-06-07 15:08:21.288514' WHERE "products"."id" = 2 /*application='Store'*/[0m
  [1m[36mTRANSACTION (0.5ms)[0m  [1m[35mCOMMIT TRANSACTION /*application='Store'*/[0m
  [1m[36mProduct Load (0.2ms)[0m  [1m[34mSELECT "products".* FROM "products" /* loading for pp */ LIMIT 11 /*application='Store'*/[0m
  [1m[36mProduct Load (0.3ms)[0m  [1m[34mSELECT "products".* FROM "products" WHERE "products"."id" = 2 LIMIT 1 /*application='Store'*/[0m
  [1m[36mTRANSACTION (0.1ms)[0m  [1m[35mBEGIN immediate TRANSACTION /*application='Store'*/[0m
  [1m[36mProduct Destroy (1.2ms)[0m  [1m[31mDELETE FROM "products" WHERE "products"."id" = 2 /*application='Store'*/[0m
  [1m[36mTRANSACTION (0.5ms)[0m  [1m[35mCOMMIT TRANSACTION /*application='Store'*/[0m
  [1m[36mProduct Load (0.2ms)[0m  [1m[34mSELECT "products".* FROM "products" /* loading for pp */ LIMIT 11 /*application='Store'*/[0m
Started GET "/up" for ::1 at 2026-06-07 18:17:07 +0300
  [1m[36mActiveRecord::SchemaMigration Load (0.1ms)[0m  [1m[34mSELECT "schema_migrations"."version" FROM "schema_migrations" ORDER BY "schema_migrations"."version" ASC /*application='Store'*/[0m
Processing by Rails::HealthController#show as HTML
  Rendering html template
  Rendered html template (Duration: 0.0ms | GC: 0.0ms)
Completed 200 OK in 3ms (Views: 2.2ms | ActiveRecord: 0.0ms (0 queries, 0 cached) | GC: 0.0ms)


Started GET "/manifest" for ::1 at 2026-06-07 18:17:45 +0300
Processing by Rails::PwaController#manifest as HTML
Completed 500 Internal Server Error in 4ms (ActiveRecord: 0.0ms (0 queries, 0 cached) | GC: 0.0ms)


  
ActionView::MissingTemplate (Missing template pwa/manifest with {locale: [:en], formats: [:html], variants: [], handlers: [:raw, :erb, :html, :builder, :ruby, :jbuilder]}.

Searched in:
  * "/home/marwan/.local/share/mise/installs/ruby/3.4.9/lib/ruby/gems/3.4.0/gems/railties-8.1.3/lib/rails/templates"
  * "/mnt/Users/maraw/.0Marwan/.Marwan/ITI/Courses/Ruby/labs/lab3/store/app/views"
  * "/home/marwan/.local/share/mise/installs/ruby/3.4.9/lib/ruby/gems/3.4.0/gems/turbo-rails-2.0.23/app/views"
  * "/home/marwan/.local/share/mise/installs/ruby/3.4.9/lib/ruby/gems/3.4.0/gems/actiontext-8.1.3/app/views"
  * "/home/marwan/.local/share/mise/installs/ruby/3.4.9/lib/ruby/gems/3.4.0/gems/actionmailbox-8.1.3/app/views"
):
  
actionview (8.1.3) lib/action_view/path_set.rb:42:in 'ActionView::PathSet#find'
actionview (8.1.3) lib/action_view/lookup_context.rb:131:in 'ActionView::LookupContext::ViewPaths#find'
actionview (8.1.3) lib/action_view/renderer/template_renderer.rb:49:in 'ActionView::TemplateRenderer#determine_template'
actionview (8.1.3) lib/action_view/renderer/template_renderer.rb:7:in 'ActionView::TemplateRenderer#render'
actionview (8.1.3) lib/action_view/renderer/renderer.rb:58:in 'ActionView::Renderer#render_template_to_object'
actionview (8.1.3) lib/action_view/renderer/renderer.rb:31:in 'ActionView::Renderer#render_to_object'
actionview (8.1.3) lib/action_view/rendering.rb:136:in 'block in ActionView::Rendering#_render_template'
actionview (8.1.3) lib/action_view/base.rb:308:in 'ActionView::Base#in_rendering_context'
actionview (8.1.3) lib/action_view/rendering.rb:135:in 'ActionView::Rendering#_render_template'
actionpack (8.1.3) lib/action_controller/metal/streaming.rb:179:in 'ActionController::Streaming#_render_template'
actionview (8.1.3) lib/action_view/rendering.rb:122:in 'ActionView::Rendering#render_to_body'
actionpack (8.1.3) lib/action_controller/metal/rendering.rb:192:in 'ActionController::Rendering#render_to_body'
actionpack (8.1.3) lib/action_controller/metal/renderers.rb:155:in 'ActionController::Renderers#render_to_body'
actionpack (8.1.3) lib/abstract_controller/rendering.rb:28:in 'AbstractController::Rendering#render'
actionpack (8.1.3) lib/action_controller/metal/rendering.rb:173:in 'ActionController::Rendering#render'
actionpack (8.1.3) lib/action_controller/metal/instrumentation.rb:31:in 'block (2 levels) in ActionController::Instrumentation#render'
activesupport (8.1.3) lib/active_support/benchmark.rb:17:in 'ActiveSupport::Benchmark.realtime'
actionpack (8.1.3) lib/action_controller/metal/instrumentation.rb:31:in 'block in ActionController::Instrumentation#render'
actionpack (8.1.3) lib/action_controller/metal/instrumentation.rb:100:in 'ActionController::Instrumentation#cleanup_view_runtime'
activerecord (8.1.3) lib/active_record/railties/controller_runtime.rb:48:in 'ActiveRecord::Railties::ControllerRuntime#cleanup_view_runtime'
actionpack (8.1.3) lib/action_controller/metal/instrumentation.rb:30:in 'ActionController::Instrumentation#render'
railties (8.1.3) lib/rails/pwa_controller.rb:13:in 'Rails::PwaController#manifest'
actionpack (8.1.3) lib/action_controller/metal/basic_implicit_render.rb:8:in 'ActionController::BasicImplicitRender#send_action'
actionpack (8.1.3) lib/abstract_controller/base.rb:221:in 'AbstractController::Base#process_action'
actionpack (8.1.3) lib/action_controller/metal/rendering.rb:199:in 'ActionController::Rendering#process_action'
actionpack (8.1.3) lib/abstract_controller/callbacks.rb:267:in 'block in AbstractController::Callbacks#process_action'
activesupport (8.1.3) lib/active_support/callbacks.rb:121:in 'block in ActiveSupport::Callbacks#run_callbacks'
turbo-rails (2.0.23) lib/turbo-rails.rb:24:in 'Turbo.with_request_id'
turbo-rails (2.0.23) app/controllers/concerns/turbo/request_id_tracking.rb:10:in 'Turbo::RequestIdTracking#turbo_tracking_request_id'
activesupport (8.1.3) lib/active_support/callbacks.rb:130:in 'block in ActiveSupport::Callbacks#run_callbacks'
actiontext (8.1.3) lib/action_text/rendering.rb:24:in 'ActionText::Rendering::ClassMethods#with_renderer'
actiontext (8.1.3) lib/action_text/engine.rb:72:in 'block (4 levels) in <class:Engine>'
activesupport (8.1.3) lib/active_support/callbacks.rb:130:in 'BasicObject#instance_exec'
activesupport (8.1.3) lib/active_support/callbacks.rb:130:in 'block in ActiveSupport::Callbacks#run_callbacks'
activesupport (8.1.3) lib/active_support/callbacks.rb:141:in 'ActiveSupport::Callbacks#run_callbacks'
actionpack (8.1.3) lib/abstract_controller/callbacks.rb:266:in 'AbstractController::Callbacks#process_action'
actionpack (8.1.3) lib/action_controller/metal/rescue.rb:36:in 'ActionController::Rescue#process_action'
actionpack (8.1.3) lib/action_controller/metal/instrumentation.rb:76:in 'block in ActionController::Instrumentation#process_action'
activesupport (8.1.3) lib/active_support/notifications.rb:210:in 'block in ActiveSupport::Notifications.instrument'
activesupport (8.1.3) lib/active_support/notifications/instrumenter.rb:58:in 'ActiveSupport::Notifications::Instrumenter#instrument'
activesupport (8.1.3) lib/active_support/notifications.rb:210:in 'ActiveSupport::Notifications.instrument'
actionpack (8.1.3) lib/action_controller/metal/instrumentation.rb:75:in 'ActionController::Instrumentation#process_action'
actionpack (8.1.3) lib/action_controller/metal/params_wrapper.rb:259:in 'ActionController::ParamsWrapper#process_action'
activerecord (8.1.3) lib/active_record/railties/controller_runtime.rb:39:in 'ActiveRecord::Railties::ControllerRuntime#process_action'
actionpack (8.1.3) lib/abstract_controller/base.rb:154:in 'AbstractController::Base#process'
actionview (8.1.3) lib/action_view/rendering.rb:40:in 'ActionView::Rendering#process'
actionpack (8.1.3) lib/action_controller/metal.rb:252:in 'ActionController::Metal#dispatch'
actionpack (8.1.3) lib/action_controller/metal.rb:335:in 'ActionController::Metal.dispatch'
actionpack (8.1.3) lib/action_dispatch/routing/route_set.rb:65:in 'ActionDispatch::Routing::RouteSet::Dispatcher#dispatch'
actionpack (8.1.3) lib/action_dispatch/routing/route_set.rb:50:in 'ActionDispatch::Routing::RouteSet::Dispatcher#serve'
actionpack (8.1.3) lib/action_dispatch/journey/router.rb:35:in 'block in ActionDispatch::Journey::Router#serve'
actionpack (8.1.3) lib/action_dispatch/journey/router.rb:86:in 'block in ActionDispatch::Journey::Router#recognize'
actionpack (8.1.3) lib/action_dispatch/journey/router.rb:66:in 'Array#each'
actionpack (8.1.3) lib/action_dispatch/journey/router.rb:66:in 'ActionDispatch::Journey::Router#recognize'
actionpack (8.1.3) lib/action_dispatch/journey/router.rb:31:in 'ActionDispatch::Journey::Router#serve'
actionpack (8.1.3) lib/action_dispatch/routing/route_set.rb:906:in 'ActionDispatch::Routing::RouteSet#call'
railties (8.1.3) lib/rails/engine/lazy_route_set.rb:60:in 'Rails::Engine::LazyRouteSet#call'
rack (3.2.6) lib/rack/tempfile_reaper.rb:20:in 'Rack::TempfileReaper#call'
rack (3.2.6) lib/rack/etag.rb:29:in 'Rack::ETag#call'
rack (3.2.6) lib/rack/conditional_get.rb:31:in 'Rack::ConditionalGet#call'
rack (3.2.6) lib/rack/head.rb:15:in 'Rack::Head#call'
actionpack (8.1.3) lib/action_dispatch/http/content_security_policy.rb:38:in 'ActionDispatch::ContentSecurityPolicy::Middleware#call'
rack-session (2.1.2) lib/rack/session/abstract/id.rb:274:in 'Rack::Session::Abstract::Persisted#context'
rack-session (2.1.2) lib/rack/session/abstract/id.rb:268:in 'Rack::Session::Abstract::Persisted#call'
actionpack (8.1.3) lib/action_dispatch/middleware/cookies.rb:708:in 'ActionDispatch::Cookies#call'
activerecord (8.1.3) lib/active_record/migration.rb:671:in 'ActiveRecord::Migration::CheckPending#call'
actionpack (8.1.3) lib/action_dispatch/middleware/callbacks.rb:31:in 'block in ActionDispatch::Callbacks#call'
activesupport (8.1.3) lib/active_support/callbacks.rb:101:in 'ActiveSupport::Callbacks#run_callbacks'
actionpack (8.1.3) lib/action_dispatch/middleware/callbacks.rb:30:in 'ActionDispatch::Callbacks#call'
actionpack (8.1.3) lib/action_dispatch/middleware/executor.rb:20:in 'ActionDispatch::Executor#call'
actionpack (8.1.3) lib/action_dispatch/middleware/actionable_exceptions.rb:18:in 'ActionDispatch::ActionableExceptions#call'
actionpack (8.1.3) lib/action_dispatch/middleware/debug_exceptions.rb:31:in 'ActionDispatch::DebugExceptions#call'
web-console (4.3.0) lib/web_console/middleware.rb:132:in 'WebConsole::Middleware#call_app'
web-console (4.3.0) lib/web_console/middleware.rb:28:in 'block in WebConsole::Middleware#call'
web-console (4.3.0) lib/web_console/middleware.rb:17:in 'Kernel#catch'
web-console (4.3.0) lib/web_console/middleware.rb:17:in 'WebConsole::Middleware#call'
actionpack (8.1.3) lib/action_dispatch/middleware/show_exceptions.rb:32:in 'ActionDispatch::ShowExceptions#call'
railties (8.1.3) lib/rails/rack/logger.rb:41:in 'Rails::Rack::Logger#call_app'
railties (8.1.3) lib/rails/rack/logger.rb:29:in 'Rails::Rack::Logger#call'
propshaft (1.3.2) lib/propshaft/quiet_assets.rb:11:in 'Propshaft::QuietAssets#call'
actionpack (8.1.3) lib/action_dispatch/middleware/remote_ip.rb:98:in 'ActionDispatch::RemoteIp#call'
actionpack (8.1.3) lib/action_dispatch/middleware/request_id.rb:34:in 'ActionDispatch::RequestId#call'
rack (3.2.6) lib/rack/method_override.rb:28:in 'Rack::MethodOverride#call'
rack (3.2.6) lib/rack/runtime.rb:24:in 'Rack::Runtime#call'
activesupport (8.1.3) lib/active_support/cache/strategy/local_cache_middleware.rb:30:in 'ActiveSupport::Cache::Strategy::LocalCache::Middleware#call'
actionpack (8.1.3) lib/action_dispatch/middleware/server_timing.rb:61:in 'block in ActionDispatch::ServerTiming#call'
actionpack (8.1.3) lib/action_dispatch/middleware/server_timing.rb:26:in 'ActionDispatch::ServerTiming::Subscriber#collect_events'
actionpack (8.1.3) lib/action_dispatch/middleware/server_timing.rb:60:in 'ActionDispatch::ServerTiming#call'
actionpack (8.1.3) lib/action_dispatch/middleware/executor.rb:20:in 'ActionDispatch::Executor#call'
propshaft (1.3.2) lib/propshaft/server.rb:37:in 'Propshaft::Server#call'
actionpack (8.1.3) lib/action_dispatch/middleware/static.rb:27:in 'ActionDispatch::Static#call'
rack (3.2.6) lib/rack/sendfile.rb:131:in 'Rack::Sendfile#call'
actionpack (8.1.3) lib/action_dispatch/middleware/host_authorization.rb:143:in 'ActionDispatch::HostAuthorization#call'
railties (8.1.3) lib/rails/engine.rb:534:in 'Rails::Engine#call'
puma (8.0.2) lib/puma/configuration.rb:305:in 'Puma::Configuration::ConfigMiddleware#call'
puma (8.0.2) lib/puma/response.rb:79:in 'block in Puma::Response#handle_request'
puma (8.0.2) lib/puma/thread_pool.rb:434:in 'Puma::ThreadPool#with_force_shutdown'
puma (8.0.2) lib/puma/response.rb:78:in 'Puma::Response#handle_request'
puma (8.0.2) lib/puma/server.rb:508:in 'Puma::Server#process_client'
puma (8.0.2) lib/puma/server.rb:263:in 'block in Puma::Server#run'
puma (8.0.2) lib/puma/thread_pool.rb:246:in 'block in Puma::ThreadPool#spawn_thread'
Started GET "/manifest" for ::1 at 2026-06-07 18:17:57 +0300
Processing by Rails::PwaController#manifest as HTML
Completed 500 Internal Server Error in 1ms (ActiveRecord: 0.0ms (0 queries, 0 cached) | GC: 0.0ms)


  
ActionView::MissingTemplate (Missing template pwa/manifest with {locale: [:en], formats: [:html], variants: [], handlers: [:raw, :erb, :html, :builder, :ruby, :jbuilder]}.

Searched in:
  * "/home/marwan/.local/share/mise/installs/ruby/3.4.9/lib/ruby/gems/3.4.0/gems/railties-8.1.3/lib/rails/templates"
  * "/mnt/Users/maraw/.0Marwan/.Marwan/ITI/Courses/Ruby/labs/lab3/store/app/views"
  * "/home/marwan/.local/share/mise/installs/ruby/3.4.9/lib/ruby/gems/3.4.0/gems/turbo-rails-2.0.23/app/views"
  * "/home/marwan/.local/share/mise/installs/ruby/3.4.9/lib/ruby/gems/3.4.0/gems/actiontext-8.1.3/app/views"
  * "/home/marwan/.local/share/mise/installs/ruby/3.4.9/lib/ruby/gems/3.4.0/gems/actionmailbox-8.1.3/app/views"
):
  
actionview (8.1.3) lib/action_view/path_set.rb:42:in 'ActionView::PathSet#find'
actionview (8.1.3) lib/action_view/lookup_context.rb:131:in 'ActionView::LookupContext::ViewPaths#find'
actionview (8.1.3) lib/action_view/renderer/template_renderer.rb:49:in 'ActionView::TemplateRenderer#determine_template'
actionview (8.1.3) lib/action_view/renderer/template_renderer.rb:7:in 'ActionView::TemplateRenderer#render'
actionview (8.1.3) lib/action_view/renderer/renderer.rb:58:in 'ActionView::Renderer#render_template_to_object'
actionview (8.1.3) lib/action_view/renderer/renderer.rb:31:in 'ActionView::Renderer#render_to_object'
actionview (8.1.3) lib/action_view/rendering.rb:136:in 'block in ActionView::Rendering#_render_template'
actionview (8.1.3) lib/action_view/base.rb:308:in 'ActionView::Base#in_rendering_context'
actionview (8.1.3) lib/action_view/rendering.rb:135:in 'ActionView::Rendering#_render_template'
actionpack (8.1.3) lib/action_controller/metal/streaming.rb:179:in 'ActionController::Streaming#_render_template'
actionview (8.1.3) lib/action_view/rendering.rb:122:in 'ActionView::Rendering#render_to_body'
actionpack (8.1.3) lib/action_controller/metal/rendering.rb:192:in 'ActionController::Rendering#render_to_body'
actionpack (8.1.3) lib/action_controller/metal/renderers.rb:155:in 'ActionController::Renderers#render_to_body'
actionpack (8.1.3) lib/abstract_controller/rendering.rb:28:in 'AbstractController::Rendering#render'
actionpack (8.1.3) lib/action_controller/metal/rendering.rb:173:in 'ActionController::Rendering#render'
actionpack (8.1.3) lib/action_controller/metal/instrumentation.rb:31:in 'block (2 levels) in ActionController::Instrumentation#render'
activesupport (8.1.3) lib/active_support/benchmark.rb:17:in 'ActiveSupport::Benchmark.realtime'
actionpack (8.1.3) lib/action_controller/metal/instrumentation.rb:31:in 'block in ActionController::Instrumentation#render'
actionpack (8.1.3) lib/action_controller/metal/instrumentation.rb:100:in 'ActionController::Instrumentation#cleanup_view_runtime'
activerecord (8.1.3) lib/active_record/railties/controller_runtime.rb:48:in 'ActiveRecord::Railties::ControllerRuntime#cleanup_view_runtime'
actionpack (8.1.3) lib/action_controller/metal/instrumentation.rb:30:in 'ActionController::Instrumentation#render'
railties (8.1.3) lib/rails/pwa_controller.rb:13:in 'Rails::PwaController#manifest'
actionpack (8.1.3) lib/action_controller/metal/basic_implicit_render.rb:8:in 'ActionController::BasicImplicitRender#send_action'
actionpack (8.1.3) lib/abstract_controller/base.rb:221:in 'AbstractController::Base#process_action'
actionpack (8.1.3) lib/action_controller/metal/rendering.rb:199:in 'ActionController::Rendering#process_action'
actionpack (8.1.3) lib/abstract_controller/callbacks.rb:267:in 'block in AbstractController::Callbacks#process_action'
activesupport (8.1.3) lib/active_support/callbacks.rb:121:in 'block in ActiveSupport::Callbacks#run_callbacks'
turbo-rails (2.0.23) lib/turbo-rails.rb:24:in 'Turbo.with_request_id'
turbo-rails (2.0.23) app/controllers/concerns/turbo/request_id_tracking.rb:10:in 'Turbo::RequestIdTracking#turbo_tracking_request_id'
activesupport (8.1.3) lib/active_support/callbacks.rb:130:in 'block in ActiveSupport::Callbacks#run_callbacks'
actiontext (8.1.3) lib/action_text/rendering.rb:24:in 'ActionText::Rendering::ClassMethods#with_renderer'
actiontext (8.1.3) lib/action_text/engine.rb:72:in 'block (4 levels) in <class:Engine>'
activesupport (8.1.3) lib/active_support/callbacks.rb:130:in 'BasicObject#instance_exec'
activesupport (8.1.3) lib/active_support/callbacks.rb:130:in 'block in ActiveSupport::Callbacks#run_callbacks'
activesupport (8.1.3) lib/active_support/callbacks.rb:141:in 'ActiveSupport::Callbacks#run_callbacks'
actionpack (8.1.3) lib/abstract_controller/callbacks.rb:266:in 'AbstractController::Callbacks#process_action'
actionpack (8.1.3) lib/action_controller/metal/rescue.rb:36:in 'ActionController::Rescue#process_action'
actionpack (8.1.3) lib/action_controller/metal/instrumentation.rb:76:in 'block in ActionController::Instrumentation#process_action'
activesupport (8.1.3) lib/active_support/notifications.rb:210:in 'block in ActiveSupport::Notifications.instrument'
activesupport (8.1.3) lib/active_support/notifications/instrumenter.rb:58:in 'ActiveSupport::Notifications::Instrumenter#instrument'
activesupport (8.1.3) lib/active_support/notifications.rb:210:in 'ActiveSupport::Notifications.instrument'
actionpack (8.1.3) lib/action_controller/metal/instrumentation.rb:75:in 'ActionController::Instrumentation#process_action'
actionpack (8.1.3) lib/action_controller/metal/params_wrapper.rb:259:in 'ActionController::ParamsWrapper#process_action'
activerecord (8.1.3) lib/active_record/railties/controller_runtime.rb:39:in 'ActiveRecord::Railties::ControllerRuntime#process_action'
actionpack (8.1.3) lib/abstract_controller/base.rb:154:in 'AbstractController::Base#process'
actionview (8.1.3) lib/action_view/rendering.rb:40:in 'ActionView::Rendering#process'
actionpack (8.1.3) lib/action_controller/metal.rb:252:in 'ActionController::Metal#dispatch'
actionpack (8.1.3) lib/action_controller/metal.rb:335:in 'ActionController::Metal.dispatch'
actionpack (8.1.3) lib/action_dispatch/routing/route_set.rb:65:in 'ActionDispatch::Routing::RouteSet::Dispatcher#dispatch'
actionpack (8.1.3) lib/action_dispatch/routing/route_set.rb:50:in 'ActionDispatch::Routing::RouteSet::Dispatcher#serve'
actionpack (8.1.3) lib/action_dispatch/journey/router.rb:35:in 'block in ActionDispatch::Journey::Router#serve'
actionpack (8.1.3) lib/action_dispatch/journey/router.rb:86:in 'block in ActionDispatch::Journey::Router#recognize'
actionpack (8.1.3) lib/action_dispatch/journey/router.rb:66:in 'Array#each'
actionpack (8.1.3) lib/action_dispatch/journey/router.rb:66:in 'ActionDispatch::Journey::Router#recognize'
actionpack (8.1.3) lib/action_dispatch/journey/router.rb:31:in 'ActionDispatch::Journey::Router#serve'
actionpack (8.1.3) lib/action_dispatch/routing/route_set.rb:906:in 'ActionDispatch::Routing::RouteSet#call'
railties (8.1.3) lib/rails/engine/lazy_route_set.rb:60:in 'Rails::Engine::LazyRouteSet#call'
rack (3.2.6) lib/rack/tempfile_reaper.rb:20:in 'Rack::TempfileReaper#call'
rack (3.2.6) lib/rack/etag.rb:29:in 'Rack::ETag#call'
rack (3.2.6) lib/rack/conditional_get.rb:31:in 'Rack::ConditionalGet#call'
rack (3.2.6) lib/rack/head.rb:15:in 'Rack::Head#call'
actionpack (8.1.3) lib/action_dispatch/http/content_security_policy.rb:38:in 'ActionDispatch::ContentSecurityPolicy::Middleware#call'
rack-session (2.1.2) lib/rack/session/abstract/id.rb:274:in 'Rack::Session::Abstract::Persisted#context'
rack-session (2.1.2) lib/rack/session/abstract/id.rb:268:in 'Rack::Session::Abstract::Persisted#call'
actionpack (8.1.3) lib/action_dispatch/middleware/cookies.rb:708:in 'ActionDispatch::Cookies#call'
activerecord (8.1.3) lib/active_record/migration.rb:671:in 'ActiveRecord::Migration::CheckPending#call'
actionpack (8.1.3) lib/action_dispatch/middleware/callbacks.rb:31:in 'block in ActionDispatch::Callbacks#call'
activesupport (8.1.3) lib/active_support/callbacks.rb:101:in 'ActiveSupport::Callbacks#run_callbacks'
actionpack (8.1.3) lib/action_dispatch/middleware/callbacks.rb:30:in 'ActionDispatch::Callbacks#call'
actionpack (8.1.3) lib/action_dispatch/middleware/executor.rb:20:in 'ActionDispatch::Executor#call'
actionpack (8.1.3) lib/action_dispatch/middleware/actionable_exceptions.rb:18:in 'ActionDispatch::ActionableExceptions#call'
actionpack (8.1.3) lib/action_dispatch/middleware/debug_exceptions.rb:31:in 'ActionDispatch::DebugExceptions#call'
web-console (4.3.0) lib/web_console/middleware.rb:132:in 'WebConsole::Middleware#call_app'
web-console (4.3.0) lib/web_console/middleware.rb:28:in 'block in WebConsole::Middleware#call'
web-console (4.3.0) lib/web_console/middleware.rb:17:in 'Kernel#catch'
web-console (4.3.0) lib/web_console/middleware.rb:17:in 'WebConsole::Middleware#call'
actionpack (8.1.3) lib/action_dispatch/middleware/show_exceptions.rb:32:in 'ActionDispatch::ShowExceptions#call'
railties (8.1.3) lib/rails/rack/logger.rb:41:in 'Rails::Rack::Logger#call_app'
railties (8.1.3) lib/rails/rack/logger.rb:29:in 'Rails::Rack::Logger#call'
propshaft (1.3.2) lib/propshaft/quiet_assets.rb:11:in 'Propshaft::QuietAssets#call'
actionpack (8.1.3) lib/action_dispatch/middleware/remote_ip.rb:98:in 'ActionDispatch::RemoteIp#call'
actionpack (8.1.3) lib/action_dispatch/middleware/request_id.rb:34:in 'ActionDispatch::RequestId#call'
rack (3.2.6) lib/rack/method_override.rb:28:in 'Rack::MethodOverride#call'
rack (3.2.6) lib/rack/runtime.rb:24:in 'Rack::Runtime#call'
activesupport (8.1.3) lib/active_support/cache/strategy/local_cache_middleware.rb:30:in 'ActiveSupport::Cache::Strategy::LocalCache::Middleware#call'
actionpack (8.1.3) lib/action_dispatch/middleware/server_timing.rb:61:in 'block in ActionDispatch::ServerTiming#call'
actionpack (8.1.3) lib/action_dispatch/middleware/server_timing.rb:26:in 'ActionDispatch::ServerTiming::Subscriber#collect_events'
actionpack (8.1.3) lib/action_dispatch/middleware/server_timing.rb:60:in 'ActionDispatch::ServerTiming#call'
actionpack (8.1.3) lib/action_dispatch/middleware/executor.rb:20:in 'ActionDispatch::Executor#call'
propshaft (1.3.2) lib/propshaft/server.rb:37:in 'Propshaft::Server#call'
actionpack (8.1.3) lib/action_dispatch/middleware/static.rb:27:in 'ActionDispatch::Static#call'
rack (3.2.6) lib/rack/sendfile.rb:131:in 'Rack::Sendfile#call'
actionpack (8.1.3) lib/action_dispatch/middleware/host_authorization.rb:143:in 'ActionDispatch::HostAuthorization#call'
railties (8.1.3) lib/rails/engine.rb:534:in 'Rails::Engine#call'
puma (8.0.2) lib/puma/configuration.rb:305:in 'Puma::Configuration::ConfigMiddleware#call'
puma (8.0.2) lib/puma/response.rb:79:in 'block in Puma::Response#handle_request'
puma (8.0.2) lib/puma/thread_pool.rb:434:in 'Puma::ThreadPool#with_force_shutdown'
puma (8.0.2) lib/puma/response.rb:78:in 'Puma::Response#handle_request'
puma (8.0.2) lib/puma/server.rb:508:in 'Puma::Server#process_client'
puma (8.0.2) lib/puma/server.rb:263:in 'block in Puma::Server#run'
puma (8.0.2) lib/puma/thread_pool.rb:246:in 'block in Puma::ThreadPool#spawn_thread'
Started GET "/favicon.ico" for ::1 at 2026-06-07 18:17:57 +0300
  
ActionController::RoutingError (No route matches [GET] "/favicon.ico"):
  
Started GET "/manifest" for ::1 at 2026-06-07 18:17:58 +0300
Processing by Rails::PwaController#manifest as HTML
Completed 500 Internal Server Error in 1ms (ActiveRecord: 0.0ms (0 queries, 0 cached) | GC: 0.0ms)


  
ActionView::MissingTemplate (Missing template pwa/manifest with {locale: [:en], formats: [:html], variants: [], handlers: [:raw, :erb, :html, :builder, :ruby, :jbuilder]}.

Searched in:
  * "/home/marwan/.local/share/mise/installs/ruby/3.4.9/lib/ruby/gems/3.4.0/gems/railties-8.1.3/lib/rails/templates"
  * "/mnt/Users/maraw/.0Marwan/.Marwan/ITI/Courses/Ruby/labs/lab3/store/app/views"
  * "/home/marwan/.local/share/mise/installs/ruby/3.4.9/lib/ruby/gems/3.4.0/gems/turbo-rails-2.0.23/app/views"
  * "/home/marwan/.local/share/mise/installs/ruby/3.4.9/lib/ruby/gems/3.4.0/gems/actiontext-8.1.3/app/views"
  * "/home/marwan/.local/share/mise/installs/ruby/3.4.9/lib/ruby/gems/3.4.0/gems/actionmailbox-8.1.3/app/views"
):
  
actionview (8.1.3) lib/action_view/path_set.rb:42:in 'ActionView::PathSet#find'
actionview (8.1.3) lib/action_view/lookup_context.rb:131:in 'ActionView::LookupContext::ViewPaths#find'
actionview (8.1.3) lib/action_view/renderer/template_renderer.rb:49:in 'ActionView::TemplateRenderer#determine_template'
actionview (8.1.3) lib/action_view/renderer/template_renderer.rb:7:in 'ActionView::TemplateRenderer#render'
actionview (8.1.3) lib/action_view/renderer/renderer.rb:58:in 'ActionView::Renderer#render_template_to_object'
actionview (8.1.3) lib/action_view/renderer/renderer.rb:31:in 'ActionView::Renderer#render_to_object'
actionview (8.1.3) lib/action_view/rendering.rb:136:in 'block in ActionView::Rendering#_render_template'
actionview (8.1.3) lib/action_view/base.rb:308:in 'ActionView::Base#in_rendering_context'
actionview (8.1.3) lib/action_view/rendering.rb:135:in 'ActionView::Rendering#_render_template'
actionpack (8.1.3) lib/action_controller/metal/streaming.rb:179:in 'ActionController::Streaming#_render_template'
actionview (8.1.3) lib/action_view/rendering.rb:122:in 'ActionView::Rendering#render_to_body'
actionpack (8.1.3) lib/action_controller/metal/rendering.rb:192:in 'ActionController::Rendering#render_to_body'
actionpack (8.1.3) lib/action_controller/metal/renderers.rb:155:in 'ActionController::Renderers#render_to_body'
actionpack (8.1.3) lib/abstract_controller/rendering.rb:28:in 'AbstractController::Rendering#render'
actionpack (8.1.3) lib/action_controller/metal/rendering.rb:173:in 'ActionController::Rendering#render'
actionpack (8.1.3) lib/action_controller/metal/instrumentation.rb:31:in 'block (2 levels) in ActionController::Instrumentation#render'
activesupport (8.1.3) lib/active_support/benchmark.rb:17:in 'ActiveSupport::Benchmark.realtime'
actionpack (8.1.3) lib/action_controller/metal/instrumentation.rb:31:in 'block in ActionController::Instrumentation#render'
actionpack (8.1.3) lib/action_controller/metal/instrumentation.rb:100:in 'ActionController::Instrumentation#cleanup_view_runtime'
activerecord (8.1.3) lib/active_record/railties/controller_runtime.rb:48:in 'ActiveRecord::Railties::ControllerRuntime#cleanup_view_runtime'
actionpack (8.1.3) lib/action_controller/metal/instrumentation.rb:30:in 'ActionController::Instrumentation#render'
railties (8.1.3) lib/rails/pwa_controller.rb:13:in 'Rails::PwaController#manifest'
actionpack (8.1.3) lib/action_controller/metal/basic_implicit_render.rb:8:in 'ActionController::BasicImplicitRender#send_action'
actionpack (8.1.3) lib/abstract_controller/base.rb:221:in 'AbstractController::Base#process_action'
actionpack (8.1.3) lib/action_controller/metal/rendering.rb:199:in 'ActionController::Rendering#process_action'
actionpack (8.1.3) lib/abstract_controller/callbacks.rb:267:in 'block in AbstractController::Callbacks#process_action'
activesupport (8.1.3) lib/active_support/callbacks.rb:121:in 'block in ActiveSupport::Callbacks#run_callbacks'
turbo-rails (2.0.23) lib/turbo-rails.rb:24:in 'Turbo.with_request_id'
turbo-rails (2.0.23) app/controllers/concerns/turbo/request_id_tracking.rb:10:in 'Turbo::RequestIdTracking#turbo_tracking_request_id'
activesupport (8.1.3) lib/active_support/callbacks.rb:130:in 'block in ActiveSupport::Callbacks#run_callbacks'
actiontext (8.1.3) lib/action_text/rendering.rb:24:in 'ActionText::Rendering::ClassMethods#with_renderer'
actiontext (8.1.3) lib/action_text/engine.rb:72:in 'block (4 levels) in <class:Engine>'
activesupport (8.1.3) lib/active_support/callbacks.rb:130:in 'BasicObject#instance_exec'
activesupport (8.1.3) lib/active_support/callbacks.rb:130:in 'block in ActiveSupport::Callbacks#run_callbacks'
activesupport (8.1.3) lib/active_support/callbacks.rb:141:in 'ActiveSupport::Callbacks#run_callbacks'
actionpack (8.1.3) lib/abstract_controller/callbacks.rb:266:in 'AbstractController::Callbacks#process_action'
actionpack (8.1.3) lib/action_controller/metal/rescue.rb:36:in 'ActionController::Rescue#process_action'
actionpack (8.1.3) lib/action_controller/metal/instrumentation.rb:76:in 'block in ActionController::Instrumentation#process_action'
activesupport (8.1.3) lib/active_support/notifications.rb:210:in 'block in ActiveSupport::Notifications.instrument'
activesupport (8.1.3) lib/active_support/notifications/instrumenter.rb:58:in 'ActiveSupport::Notifications::Instrumenter#instrument'
activesupport (8.1.3) lib/active_support/notifications.rb:210:in 'ActiveSupport::Notifications.instrument'
actionpack (8.1.3) lib/action_controller/metal/instrumentation.rb:75:in 'ActionController::Instrumentation#process_action'
actionpack (8.1.3) lib/action_controller/metal/params_wrapper.rb:259:in 'ActionController::ParamsWrapper#process_action'
activerecord (8.1.3) lib/active_record/railties/controller_runtime.rb:39:in 'ActiveRecord::Railties::ControllerRuntime#process_action'
actionpack (8.1.3) lib/abstract_controller/base.rb:154:in 'AbstractController::Base#process'
actionview (8.1.3) lib/action_view/rendering.rb:40:in 'ActionView::Rendering#process'
actionpack (8.1.3) lib/action_controller/metal.rb:252:in 'ActionController::Metal#dispatch'
actionpack (8.1.3) lib/action_controller/metal.rb:335:in 'ActionController::Metal.dispatch'
actionpack (8.1.3) lib/action_dispatch/routing/route_set.rb:65:in 'ActionDispatch::Routing::RouteSet::Dispatcher#dispatch'
actionpack (8.1.3) lib/action_dispatch/routing/route_set.rb:50:in 'ActionDispatch::Routing::RouteSet::Dispatcher#serve'
actionpack (8.1.3) lib/action_dispatch/journey/router.rb:35:in 'block in ActionDispatch::Journey::Router#serve'
actionpack (8.1.3) lib/action_dispatch/journey/router.rb:86:in 'block in ActionDispatch::Journey::Router#recognize'
actionpack (8.1.3) lib/action_dispatch/journey/router.rb:66:in 'Array#each'
actionpack (8.1.3) lib/action_dispatch/journey/router.rb:66:in 'ActionDispatch::Journey::Router#recognize'
actionpack (8.1.3) lib/action_dispatch/journey/router.rb:31:in 'ActionDispatch::Journey::Router#serve'
actionpack (8.1.3) lib/action_dispatch/routing/route_set.rb:906:in 'ActionDispatch::Routing::RouteSet#call'
railties (8.1.3) lib/rails/engine/lazy_route_set.rb:60:in 'Rails::Engine::LazyRouteSet#call'
rack (3.2.6) lib/rack/tempfile_reaper.rb:20:in 'Rack::TempfileReaper#call'
rack (3.2.6) lib/rack/etag.rb:29:in 'Rack::ETag#call'
rack (3.2.6) lib/rack/conditional_get.rb:31:in 'Rack::ConditionalGet#call'
rack (3.2.6) lib/rack/head.rb:15:in 'Rack::Head#call'
actionpack (8.1.3) lib/action_dispatch/http/content_security_policy.rb:38:in 'ActionDispatch::ContentSecurityPolicy::Middleware#call'
rack-session (2.1.2) lib/rack/session/abstract/id.rb:274:in 'Rack::Session::Abstract::Persisted#context'
rack-session (2.1.2) lib/rack/session/abstract/id.rb:268:in 'Rack::Session::Abstract::Persisted#call'
actionpack (8.1.3) lib/action_dispatch/middleware/cookies.rb:708:in 'ActionDispatch::Cookies#call'
activerecord (8.1.3) lib/active_record/migration.rb:671:in 'ActiveRecord::Migration::CheckPending#call'
actionpack (8.1.3) lib/action_dispatch/middleware/callbacks.rb:31:in 'block in ActionDispatch::Callbacks#call'
activesupport (8.1.3) lib/active_support/callbacks.rb:101:in 'ActiveSupport::Callbacks#run_callbacks'
actionpack (8.1.3) lib/action_dispatch/middleware/callbacks.rb:30:in 'ActionDispatch::Callbacks#call'
actionpack (8.1.3) lib/action_dispatch/middleware/executor.rb:20:in 'ActionDispatch::Executor#call'
actionpack (8.1.3) lib/action_dispatch/middleware/actionable_exceptions.rb:18:in 'ActionDispatch::ActionableExceptions#call'
actionpack (8.1.3) lib/action_dispatch/middleware/debug_exceptions.rb:31:in 'ActionDispatch::DebugExceptions#call'
web-console (4.3.0) lib/web_console/middleware.rb:132:in 'WebConsole::Middleware#call_app'
web-console (4.3.0) lib/web_console/middleware.rb:28:in 'block in WebConsole::Middleware#call'
web-console (4.3.0) lib/web_console/middleware.rb:17:in 'Kernel#catch'
web-console (4.3.0) lib/web_console/middleware.rb:17:in 'WebConsole::Middleware#call'
actionpack (8.1.3) lib/action_dispatch/middleware/show_exceptions.rb:32:in 'ActionDispatch::ShowExceptions#call'
railties (8.1.3) lib/rails/rack/logger.rb:41:in 'Rails::Rack::Logger#call_app'
railties (8.1.3) lib/rails/rack/logger.rb:29:in 'Rails::Rack::Logger#call'
propshaft (1.3.2) lib/propshaft/quiet_assets.rb:11:in 'Propshaft::QuietAssets#call'
actionpack (8.1.3) lib/action_dispatch/middleware/remote_ip.rb:98:in 'ActionDispatch::RemoteIp#call'
actionpack (8.1.3) lib/action_dispatch/middleware/request_id.rb:34:in 'ActionDispatch::RequestId#call'
rack (3.2.6) lib/rack/method_override.rb:28:in 'Rack::MethodOverride#call'
rack (3.2.6) lib/rack/runtime.rb:24:in 'Rack::Runtime#call'
activesupport (8.1.3) lib/active_support/cache/strategy/local_cache_middleware.rb:30:in 'ActiveSupport::Cache::Strategy::LocalCache::Middleware#call'
actionpack (8.1.3) lib/action_dispatch/middleware/server_timing.rb:61:in 'block in ActionDispatch::ServerTiming#call'
actionpack (8.1.3) lib/action_dispatch/middleware/server_timing.rb:26:in 'ActionDispatch::ServerTiming::Subscriber#collect_events'
actionpack (8.1.3) lib/action_dispatch/middleware/server_timing.rb:60:in 'ActionDispatch::ServerTiming#call'
actionpack (8.1.3) lib/action_dispatch/middleware/executor.rb:20:in 'ActionDispatch::Executor#call'
propshaft (1.3.2) lib/propshaft/server.rb:37:in 'Propshaft::Server#call'
actionpack (8.1.3) lib/action_dispatch/middleware/static.rb:27:in 'ActionDispatch::Static#call'
rack (3.2.6) lib/rack/sendfile.rb:131:in 'Rack::Sendfile#call'
actionpack (8.1.3) lib/action_dispatch/middleware/host_authorization.rb:143:in 'ActionDispatch::HostAuthorization#call'
railties (8.1.3) lib/rails/engine.rb:534:in 'Rails::Engine#call'
puma (8.0.2) lib/puma/configuration.rb:305:in 'Puma::Configuration::ConfigMiddleware#call'
puma (8.0.2) lib/puma/response.rb:79:in 'block in Puma::Response#handle_request'
puma (8.0.2) lib/puma/thread_pool.rb:434:in 'Puma::ThreadPool#with_force_shutdown'
puma (8.0.2) lib/puma/response.rb:78:in 'Puma::Response#handle_request'
puma (8.0.2) lib/puma/server.rb:508:in 'Puma::Server#process_client'
puma (8.0.2) lib/puma/server.rb:263:in 'block in Puma::Server#run'
puma (8.0.2) lib/puma/thread_pool.rb:246:in 'block in Puma::ThreadPool#spawn_thread'
Started GET "/manifest" for ::1 at 2026-06-07 18:17:58 +0300
Processing by Rails::PwaController#manifest as HTML
Completed 500 Internal Server Error in 1ms (ActiveRecord: 0.0ms (0 queries, 0 cached) | GC: 0.0ms)


  
ActionView::MissingTemplate (Missing template pwa/manifest with {locale: [:en], formats: [:html], variants: [], handlers: [:raw, :erb, :html, :builder, :ruby, :jbuilder]}.

Searched in:
  * "/home/marwan/.local/share/mise/installs/ruby/3.4.9/lib/ruby/gems/3.4.0/gems/railties-8.1.3/lib/rails/templates"
  * "/mnt/Users/maraw/.0Marwan/.Marwan/ITI/Courses/Ruby/labs/lab3/store/app/views"
  * "/home/marwan/.local/share/mise/installs/ruby/3.4.9/lib/ruby/gems/3.4.0/gems/turbo-rails-2.0.23/app/views"
  * "/home/marwan/.local/share/mise/installs/ruby/3.4.9/lib/ruby/gems/3.4.0/gems/actiontext-8.1.3/app/views"
  * "/home/marwan/.local/share/mise/installs/ruby/3.4.9/lib/ruby/gems/3.4.0/gems/actionmailbox-8.1.3/app/views"
):
  
actionview (8.1.3) lib/action_view/path_set.rb:42:in 'ActionView::PathSet#find'
actionview (8.1.3) lib/action_view/lookup_context.rb:131:in 'ActionView::LookupContext::ViewPaths#find'
actionview (8.1.3) lib/action_view/renderer/template_renderer.rb:49:in 'ActionView::TemplateRenderer#determine_template'
actionview (8.1.3) lib/action_view/renderer/template_renderer.rb:7:in 'ActionView::TemplateRenderer#render'
actionview (8.1.3) lib/action_view/renderer/renderer.rb:58:in 'ActionView::Renderer#render_template_to_object'
actionview (8.1.3) lib/action_view/renderer/renderer.rb:31:in 'ActionView::Renderer#render_to_object'
actionview (8.1.3) lib/action_view/rendering.rb:136:in 'block in ActionView::Rendering#_render_template'
actionview (8.1.3) lib/action_view/base.rb:308:in 'ActionView::Base#in_rendering_context'
actionview (8.1.3) lib/action_view/rendering.rb:135:in 'ActionView::Rendering#_render_template'
actionpack (8.1.3) lib/action_controller/metal/streaming.rb:179:in 'ActionController::Streaming#_render_template'
actionview (8.1.3) lib/action_view/rendering.rb:122:in 'ActionView::Rendering#render_to_body'
actionpack (8.1.3) lib/action_controller/metal/rendering.rb:192:in 'ActionController::Rendering#render_to_body'
actionpack (8.1.3) lib/action_controller/metal/renderers.rb:155:in 'ActionController::Renderers#render_to_body'
actionpack (8.1.3) lib/abstract_controller/rendering.rb:28:in 'AbstractController::Rendering#render'
actionpack (8.1.3) lib/action_controller/metal/rendering.rb:173:in 'ActionController::Rendering#render'
actionpack (8.1.3) lib/action_controller/metal/instrumentation.rb:31:in 'block (2 levels) in ActionController::Instrumentation#render'
activesupport (8.1.3) lib/active_support/benchmark.rb:17:in 'ActiveSupport::Benchmark.realtime'
actionpack (8.1.3) lib/action_controller/metal/instrumentation.rb:31:in 'block in ActionController::Instrumentation#render'
actionpack (8.1.3) lib/action_controller/metal/instrumentation.rb:100:in 'ActionController::Instrumentation#cleanup_view_runtime'
activerecord (8.1.3) lib/active_record/railties/controller_runtime.rb:48:in 'ActiveRecord::Railties::ControllerRuntime#cleanup_view_runtime'
actionpack (8.1.3) lib/action_controller/metal/instrumentation.rb:30:in 'ActionController::Instrumentation#render'
railties (8.1.3) lib/rails/pwa_controller.rb:13:in 'Rails::PwaController#manifest'
actionpack (8.1.3) lib/action_controller/metal/basic_implicit_render.rb:8:in 'ActionController::BasicImplicitRender#send_action'
actionpack (8.1.3) lib/abstract_controller/base.rb:221:in 'AbstractController::Base#process_action'
actionpack (8.1.3) lib/action_controller/metal/rendering.rb:199:in 'ActionController::Rendering#process_action'
actionpack (8.1.3) lib/abstract_controller/callbacks.rb:267:in 'block in AbstractController::Callbacks#process_action'
activesupport (8.1.3) lib/active_support/callbacks.rb:121:in 'block in ActiveSupport::Callbacks#run_callbacks'
turbo-rails (2.0.23) lib/turbo-rails.rb:24:in 'Turbo.with_request_id'
turbo-rails (2.0.23) app/controllers/concerns/turbo/request_id_tracking.rb:10:in 'Turbo::RequestIdTracking#turbo_tracking_request_id'
activesupport (8.1.3) lib/active_support/callbacks.rb:130:in 'block in ActiveSupport::Callbacks#run_callbacks'
actiontext (8.1.3) lib/action_text/rendering.rb:24:in 'ActionText::Rendering::ClassMethods#with_renderer'
actiontext (8.1.3) lib/action_text/engine.rb:72:in 'block (4 levels) in <class:Engine>'
activesupport (8.1.3) lib/active_support/callbacks.rb:130:in 'BasicObject#instance_exec'
activesupport (8.1.3) lib/active_support/callbacks.rb:130:in 'block in ActiveSupport::Callbacks#run_callbacks'
activesupport (8.1.3) lib/active_support/callbacks.rb:141:in 'ActiveSupport::Callbacks#run_callbacks'
actionpack (8.1.3) lib/abstract_controller/callbacks.rb:266:in 'AbstractController::Callbacks#process_action'
actionpack (8.1.3) lib/action_controller/metal/rescue.rb:36:in 'ActionController::Rescue#process_action'
actionpack (8.1.3) lib/action_controller/metal/instrumentation.rb:76:in 'block in ActionController::Instrumentation#process_action'
activesupport (8.1.3) lib/active_support/notifications.rb:210:in 'block in ActiveSupport::Notifications.instrument'
activesupport (8.1.3) lib/active_support/notifications/instrumenter.rb:58:in 'ActiveSupport::Notifications::Instrumenter#instrument'
activesupport (8.1.3) lib/active_support/notifications.rb:210:in 'ActiveSupport::Notifications.instrument'
actionpack (8.1.3) lib/action_controller/metal/instrumentation.rb:75:in 'ActionController::Instrumentation#process_action'
actionpack (8.1.3) lib/action_controller/metal/params_wrapper.rb:259:in 'ActionController::ParamsWrapper#process_action'
activerecord (8.1.3) lib/active_record/railties/controller_runtime.rb:39:in 'ActiveRecord::Railties::ControllerRuntime#process_action'
actionpack (8.1.3) lib/abstract_controller/base.rb:154:in 'AbstractController::Base#process'
actionview (8.1.3) lib/action_view/rendering.rb:40:in 'ActionView::Rendering#process'
actionpack (8.1.3) lib/action_controller/metal.rb:252:in 'ActionController::Metal#dispatch'
actionpack (8.1.3) lib/action_controller/metal.rb:335:in 'ActionController::Metal.dispatch'
actionpack (8.1.3) lib/action_dispatch/routing/route_set.rb:65:in 'ActionDispatch::Routing::RouteSet::Dispatcher#dispatch'
actionpack (8.1.3) lib/action_dispatch/routing/route_set.rb:50:in 'ActionDispatch::Routing::RouteSet::Dispatcher#serve'
actionpack (8.1.3) lib/action_dispatch/journey/router.rb:35:in 'block in ActionDispatch::Journey::Router#serve'
actionpack (8.1.3) lib/action_dispatch/journey/router.rb:86:in 'block in ActionDispatch::Journey::Router#recognize'
actionpack (8.1.3) lib/action_dispatch/journey/router.rb:66:in 'Array#each'
actionpack (8.1.3) lib/action_dispatch/journey/router.rb:66:in 'ActionDispatch::Journey::Router#recognize'
actionpack (8.1.3) lib/action_dispatch/journey/router.rb:31:in 'ActionDispatch::Journey::Router#serve'
actionpack (8.1.3) lib/action_dispatch/routing/route_set.rb:906:in 'ActionDispatch::Routing::RouteSet#call'
railties (8.1.3) lib/rails/engine/lazy_route_set.rb:60:in 'Rails::Engine::LazyRouteSet#call'
rack (3.2.6) lib/rack/tempfile_reaper.rb:20:in 'Rack::TempfileReaper#call'
rack (3.2.6) lib/rack/etag.rb:29:in 'Rack::ETag#call'
rack (3.2.6) lib/rack/conditional_get.rb:31:in 'Rack::ConditionalGet#call'
rack (3.2.6) lib/rack/head.rb:15:in 'Rack::Head#call'
actionpack (8.1.3) lib/action_dispatch/http/content_security_policy.rb:38:in 'ActionDispatch::ContentSecurityPolicy::Middleware#call'
rack-session (2.1.2) lib/rack/session/abstract/id.rb:274:in 'Rack::Session::Abstract::Persisted#context'
rack-session (2.1.2) lib/rack/session/abstract/id.rb:268:in 'Rack::Session::Abstract::Persisted#call'
actionpack (8.1.3) lib/action_dispatch/middleware/cookies.rb:708:in 'ActionDispatch::Cookies#call'
activerecord (8.1.3) lib/active_record/migration.rb:671:in 'ActiveRecord::Migration::CheckPending#call'
actionpack (8.1.3) lib/action_dispatch/middleware/callbacks.rb:31:in 'block in ActionDispatch::Callbacks#call'
activesupport (8.1.3) lib/active_support/callbacks.rb:101:in 'ActiveSupport::Callbacks#run_callbacks'
actionpack (8.1.3) lib/action_dispatch/middleware/callbacks.rb:30:in 'ActionDispatch::Callbacks#call'
actionpack (8.1.3) lib/action_dispatch/middleware/executor.rb:20:in 'ActionDispatch::Executor#call'
actionpack (8.1.3) lib/action_dispatch/middleware/actionable_exceptions.rb:18:in 'ActionDispatch::ActionableExceptions#call'
actionpack (8.1.3) lib/action_dispatch/middleware/debug_exceptions.rb:31:in 'ActionDispatch::DebugExceptions#call'
web-console (4.3.0) lib/web_console/middleware.rb:132:in 'WebConsole::Middleware#call_app'
web-console (4.3.0) lib/web_console/middleware.rb:28:in 'block in WebConsole::Middleware#call'
web-console (4.3.0) lib/web_console/middleware.rb:17:in 'Kernel#catch'
web-console (4.3.0) lib/web_console/middleware.rb:17:in 'WebConsole::Middleware#call'
actionpack (8.1.3) lib/action_dispatch/middleware/show_exceptions.rb:32:in 'ActionDispatch::ShowExceptions#call'
railties (8.1.3) lib/rails/rack/logger.rb:41:in 'Rails::Rack::Logger#call_app'
railties (8.1.3) lib/rails/rack/logger.rb:29:in 'Rails::Rack::Logger#call'
propshaft (1.3.2) lib/propshaft/quiet_assets.rb:11:in 'Propshaft::QuietAssets#call'
actionpack (8.1.3) lib/action_dispatch/middleware/remote_ip.rb:98:in 'ActionDispatch::RemoteIp#call'
actionpack (8.1.3) lib/action_dispatch/middleware/request_id.rb:34:in 'ActionDispatch::RequestId#call'
rack (3.2.6) lib/rack/method_override.rb:28:in 'Rack::MethodOverride#call'
rack (3.2.6) lib/rack/runtime.rb:24:in 'Rack::Runtime#call'
activesupport (8.1.3) lib/active_support/cache/strategy/local_cache_middleware.rb:30:in 'ActiveSupport::Cache::Strategy::LocalCache::Middleware#call'
actionpack (8.1.3) lib/action_dispatch/middleware/server_timing.rb:61:in 'block in ActionDispatch::ServerTiming#call'
actionpack (8.1.3) lib/action_dispatch/middleware/server_timing.rb:26:in 'ActionDispatch::ServerTiming::Subscriber#collect_events'
actionpack (8.1.3) lib/action_dispatch/middleware/server_timing.rb:60:in 'ActionDispatch::ServerTiming#call'
actionpack (8.1.3) lib/action_dispatch/middleware/executor.rb:20:in 'ActionDispatch::Executor#call'
propshaft (1.3.2) lib/propshaft/server.rb:37:in 'Propshaft::Server#call'
actionpack (8.1.3) lib/action_dispatch/middleware/static.rb:27:in 'ActionDispatch::Static#call'
rack (3.2.6) lib/rack/sendfile.rb:131:in 'Rack::Sendfile#call'
actionpack (8.1.3) lib/action_dispatch/middleware/host_authorization.rb:143:in 'ActionDispatch::HostAuthorization#call'
railties (8.1.3) lib/rails/engine.rb:534:in 'Rails::Engine#call'
puma (8.0.2) lib/puma/configuration.rb:305:in 'Puma::Configuration::ConfigMiddleware#call'
puma (8.0.2) lib/puma/response.rb:79:in 'block in Puma::Response#handle_request'
puma (8.0.2) lib/puma/thread_pool.rb:434:in 'Puma::ThreadPool#with_force_shutdown'
puma (8.0.2) lib/puma/response.rb:78:in 'Puma::Response#handle_request'
puma (8.0.2) lib/puma/server.rb:508:in 'Puma::Server#process_client'
puma (8.0.2) lib/puma/server.rb:263:in 'block in Puma::Server#run'
puma (8.0.2) lib/puma/thread_pool.rb:246:in 'block in Puma::ThreadPool#spawn_thread'
Started GET "/manifest" for ::1 at 2026-06-07 18:17:58 +0300
Processing by Rails::PwaController#manifest as HTML
Completed 500 Internal Server Error in 1ms (ActiveRecord: 0.0ms (0 queries, 0 cached) | GC: 0.4ms)


  
ActionView::MissingTemplate (Missing template pwa/manifest with {locale: [:en], formats: [:html], variants: [], handlers: [:raw, :erb, :html, :builder, :ruby, :jbuilder]}.

Searched in:
  * "/home/marwan/.local/share/mise/installs/ruby/3.4.9/lib/ruby/gems/3.4.0/gems/railties-8.1.3/lib/rails/templates"
  * "/mnt/Users/maraw/.0Marwan/.Marwan/ITI/Courses/Ruby/labs/lab3/store/app/views"
  * "/home/marwan/.local/share/mise/installs/ruby/3.4.9/lib/ruby/gems/3.4.0/gems/turbo-rails-2.0.23/app/views"
  * "/home/marwan/.local/share/mise/installs/ruby/3.4.9/lib/ruby/gems/3.4.0/gems/actiontext-8.1.3/app/views"
  * "/home/marwan/.local/share/mise/installs/ruby/3.4.9/lib/ruby/gems/3.4.0/gems/actionmailbox-8.1.3/app/views"
):
  
actionview (8.1.3) lib/action_view/path_set.rb:42:in 'ActionView::PathSet#find'
actionview (8.1.3) lib/action_view/lookup_context.rb:131:in 'ActionView::LookupContext::ViewPaths#find'
actionview (8.1.3) lib/action_view/renderer/template_renderer.rb:49:in 'ActionView::TemplateRenderer#determine_template'
actionview (8.1.3) lib/action_view/renderer/template_renderer.rb:7:in 'ActionView::TemplateRenderer#render'
actionview (8.1.3) lib/action_view/renderer/renderer.rb:58:in 'ActionView::Renderer#render_template_to_object'
actionview (8.1.3) lib/action_view/renderer/renderer.rb:31:in 'ActionView::Renderer#render_to_object'
actionview (8.1.3) lib/action_view/rendering.rb:136:in 'block in ActionView::Rendering#_render_template'
actionview (8.1.3) lib/action_view/base.rb:308:in 'ActionView::Base#in_rendering_context'
actionview (8.1.3) lib/action_view/rendering.rb:135:in 'ActionView::Rendering#_render_template'
actionpack (8.1.3) lib/action_controller/metal/streaming.rb:179:in 'ActionController::Streaming#_render_template'
actionview (8.1.3) lib/action_view/rendering.rb:122:in 'ActionView::Rendering#render_to_body'
actionpack (8.1.3) lib/action_controller/metal/rendering.rb:192:in 'ActionController::Rendering#render_to_body'
actionpack (8.1.3) lib/action_controller/metal/renderers.rb:155:in 'ActionController::Renderers#render_to_body'
actionpack (8.1.3) lib/abstract_controller/rendering.rb:28:in 'AbstractController::Rendering#render'
actionpack (8.1.3) lib/action_controller/metal/rendering.rb:173:in 'ActionController::Rendering#render'
actionpack (8.1.3) lib/action_controller/metal/instrumentation.rb:31:in 'block (2 levels) in ActionController::Instrumentation#render'
activesupport (8.1.3) lib/active_support/benchmark.rb:17:in 'ActiveSupport::Benchmark.realtime'
actionpack (8.1.3) lib/action_controller/metal/instrumentation.rb:31:in 'block in ActionController::Instrumentation#render'
actionpack (8.1.3) lib/action_controller/metal/instrumentation.rb:100:in 'ActionController::Instrumentation#cleanup_view_runtime'
activerecord (8.1.3) lib/active_record/railties/controller_runtime.rb:48:in 'ActiveRecord::Railties::ControllerRuntime#cleanup_view_runtime'
actionpack (8.1.3) lib/action_controller/metal/instrumentation.rb:30:in 'ActionController::Instrumentation#render'
railties (8.1.3) lib/rails/pwa_controller.rb:13:in 'Rails::PwaController#manifest'
actionpack (8.1.3) lib/action_controller/metal/basic_implicit_render.rb:8:in 'ActionController::BasicImplicitRender#send_action'
actionpack (8.1.3) lib/abstract_controller/base.rb:221:in 'AbstractController::Base#process_action'
actionpack (8.1.3) lib/action_controller/metal/rendering.rb:199:in 'ActionController::Rendering#process_action'
actionpack (8.1.3) lib/abstract_controller/callbacks.rb:267:in 'block in AbstractController::Callbacks#process_action'
activesupport (8.1.3) lib/active_support/callbacks.rb:121:in 'block in ActiveSupport::Callbacks#run_callbacks'
turbo-rails (2.0.23) lib/turbo-rails.rb:24:in 'Turbo.with_request_id'
turbo-rails (2.0.23) app/controllers/concerns/turbo/request_id_tracking.rb:10:in 'Turbo::RequestIdTracking#turbo_tracking_request_id'
activesupport (8.1.3) lib/active_support/callbacks.rb:130:in 'block in ActiveSupport::Callbacks#run_callbacks'
actiontext (8.1.3) lib/action_text/rendering.rb:24:in 'ActionText::Rendering::ClassMethods#with_renderer'
actiontext (8.1.3) lib/action_text/engine.rb:72:in 'block (4 levels) in <class:Engine>'
activesupport (8.1.3) lib/active_support/callbacks.rb:130:in 'BasicObject#instance_exec'
activesupport (8.1.3) lib/active_support/callbacks.rb:130:in 'block in ActiveSupport::Callbacks#run_callbacks'
activesupport (8.1.3) lib/active_support/callbacks.rb:141:in 'ActiveSupport::Callbacks#run_callbacks'
actionpack (8.1.3) lib/abstract_controller/callbacks.rb:266:in 'AbstractController::Callbacks#process_action'
actionpack (8.1.3) lib/action_controller/metal/rescue.rb:36:in 'ActionController::Rescue#process_action'
actionpack (8.1.3) lib/action_controller/metal/instrumentation.rb:76:in 'block in ActionController::Instrumentation#process_action'
activesupport (8.1.3) lib/active_support/notifications.rb:210:in 'block in ActiveSupport::Notifications.instrument'
activesupport (8.1.3) lib/active_support/notifications/instrumenter.rb:58:in 'ActiveSupport::Notifications::Instrumenter#instrument'
activesupport (8.1.3) lib/active_support/notifications.rb:210:in 'ActiveSupport::Notifications.instrument'
actionpack (8.1.3) lib/action_controller/metal/instrumentation.rb:75:in 'ActionController::Instrumentation#process_action'
actionpack (8.1.3) lib/action_controller/metal/params_wrapper.rb:259:in 'ActionController::ParamsWrapper#process_action'
activerecord (8.1.3) lib/active_record/railties/controller_runtime.rb:39:in 'ActiveRecord::Railties::ControllerRuntime#process_action'
actionpack (8.1.3) lib/abstract_controller/base.rb:154:in 'AbstractController::Base#process'
actionview (8.1.3) lib/action_view/rendering.rb:40:in 'ActionView::Rendering#process'
actionpack (8.1.3) lib/action_controller/metal.rb:252:in 'ActionController::Metal#dispatch'
actionpack (8.1.3) lib/action_controller/metal.rb:335:in 'ActionController::Metal.dispatch'
actionpack (8.1.3) lib/action_dispatch/routing/route_set.rb:65:in 'ActionDispatch::Routing::RouteSet::Dispatcher#dispatch'
actionpack (8.1.3) lib/action_dispatch/routing/route_set.rb:50:in 'ActionDispatch::Routing::RouteSet::Dispatcher#serve'
actionpack (8.1.3) lib/action_dispatch/journey/router.rb:35:in 'block in ActionDispatch::Journey::Router#serve'
actionpack (8.1.3) lib/action_dispatch/journey/router.rb:86:in 'block in ActionDispatch::Journey::Router#recognize'
actionpack (8.1.3) lib/action_dispatch/journey/router.rb:66:in 'Array#each'
actionpack (8.1.3) lib/action_dispatch/journey/router.rb:66:in 'ActionDispatch::Journey::Router#recognize'
actionpack (8.1.3) lib/action_dispatch/journey/router.rb:31:in 'ActionDispatch::Journey::Router#serve'
actionpack (8.1.3) lib/action_dispatch/routing/route_set.rb:906:in 'ActionDispatch::Routing::RouteSet#call'
railties (8.1.3) lib/rails/engine/lazy_route_set.rb:60:in 'Rails::Engine::LazyRouteSet#call'
rack (3.2.6) lib/rack/tempfile_reaper.rb:20:in 'Rack::TempfileReaper#call'
rack (3.2.6) lib/rack/etag.rb:29:in 'Rack::ETag#call'
rack (3.2.6) lib/rack/conditional_get.rb:31:in 'Rack::ConditionalGet#call'
rack (3.2.6) lib/rack/head.rb:15:in 'Rack::Head#call'
actionpack (8.1.3) lib/action_dispatch/http/content_security_policy.rb:38:in 'ActionDispatch::ContentSecurityPolicy::Middleware#call'
rack-session (2.1.2) lib/rack/session/abstract/id.rb:274:in 'Rack::Session::Abstract::Persisted#context'
rack-session (2.1.2) lib/rack/session/abstract/id.rb:268:in 'Rack::Session::Abstract::Persisted#call'
actionpack (8.1.3) lib/action_dispatch/middleware/cookies.rb:708:in 'ActionDispatch::Cookies#call'
activerecord (8.1.3) lib/active_record/migration.rb:671:in 'ActiveRecord::Migration::CheckPending#call'
actionpack (8.1.3) lib/action_dispatch/middleware/callbacks.rb:31:in 'block in ActionDispatch::Callbacks#call'
activesupport (8.1.3) lib/active_support/callbacks.rb:101:in 'ActiveSupport::Callbacks#run_callbacks'
actionpack (8.1.3) lib/action_dispatch/middleware/callbacks.rb:30:in 'ActionDispatch::Callbacks#call'
actionpack (8.1.3) lib/action_dispatch/middleware/executor.rb:20:in 'ActionDispatch::Executor#call'
actionpack (8.1.3) lib/action_dispatch/middleware/actionable_exceptions.rb:18:in 'ActionDispatch::ActionableExceptions#call'
actionpack (8.1.3) lib/action_dispatch/middleware/debug_exceptions.rb:31:in 'ActionDispatch::DebugExceptions#call'
web-console (4.3.0) lib/web_console/middleware.rb:132:in 'WebConsole::Middleware#call_app'
web-console (4.3.0) lib/web_console/middleware.rb:28:in 'block in WebConsole::Middleware#call'
web-console (4.3.0) lib/web_console/middleware.rb:17:in 'Kernel#catch'
web-console (4.3.0) lib/web_console/middleware.rb:17:in 'WebConsole::Middleware#call'
actionpack (8.1.3) lib/action_dispatch/middleware/show_exceptions.rb:32:in 'ActionDispatch::ShowExceptions#call'
railties (8.1.3) lib/rails/rack/logger.rb:41:in 'Rails::Rack::Logger#call_app'
railties (8.1.3) lib/rails/rack/logger.rb:29:in 'Rails::Rack::Logger#call'
propshaft (1.3.2) lib/propshaft/quiet_assets.rb:11:in 'Propshaft::QuietAssets#call'
actionpack (8.1.3) lib/action_dispatch/middleware/remote_ip.rb:98:in 'ActionDispatch::RemoteIp#call'
actionpack (8.1.3) lib/action_dispatch/middleware/request_id.rb:34:in 'ActionDispatch::RequestId#call'
rack (3.2.6) lib/rack/method_override.rb:28:in 'Rack::MethodOverride#call'
rack (3.2.6) lib/rack/runtime.rb:24:in 'Rack::Runtime#call'
activesupport (8.1.3) lib/active_support/cache/strategy/local_cache_middleware.rb:30:in 'ActiveSupport::Cache::Strategy::LocalCache::Middleware#call'
actionpack (8.1.3) lib/action_dispatch/middleware/server_timing.rb:61:in 'block in ActionDispatch::ServerTiming#call'
actionpack (8.1.3) lib/action_dispatch/middleware/server_timing.rb:26:in 'ActionDispatch::ServerTiming::Subscriber#collect_events'
actionpack (8.1.3) lib/action_dispatch/middleware/server_timing.rb:60:in 'ActionDispatch::ServerTiming#call'
actionpack (8.1.3) lib/action_dispatch/middleware/executor.rb:20:in 'ActionDispatch::Executor#call'
propshaft (1.3.2) lib/propshaft/server.rb:37:in 'Propshaft::Server#call'
actionpack (8.1.3) lib/action_dispatch/middleware/static.rb:27:in 'ActionDispatch::Static#call'
rack (3.2.6) lib/rack/sendfile.rb:131:in 'Rack::Sendfile#call'
actionpack (8.1.3) lib/action_dispatch/middleware/host_authorization.rb:143:in 'ActionDispatch::HostAuthorization#call'
railties (8.1.3) lib/rails/engine.rb:534:in 'Rails::Engine#call'
puma (8.0.2) lib/puma/configuration.rb:305:in 'Puma::Configuration::ConfigMiddleware#call'
puma (8.0.2) lib/puma/response.rb:79:in 'block in Puma::Response#handle_request'
puma (8.0.2) lib/puma/thread_pool.rb:434:in 'Puma::ThreadPool#with_force_shutdown'
puma (8.0.2) lib/puma/response.rb:78:in 'Puma::Response#handle_request'
puma (8.0.2) lib/puma/server.rb:508:in 'Puma::Server#process_client'
puma (8.0.2) lib/puma/server.rb:263:in 'block in Puma::Server#run'
puma (8.0.2) lib/puma/thread_pool.rb:246:in 'block in Puma::ThreadPool#spawn_thread'
Started GET "/manifest" for ::1 at 2026-06-07 18:17:58 +0300
Processing by Rails::PwaController#manifest as HTML
Completed 500 Internal Server Error in 1ms (ActiveRecord: 0.0ms (0 queries, 0 cached) | GC: 0.0ms)


  
ActionView::MissingTemplate (Missing template pwa/manifest with {locale: [:en], formats: [:html], variants: [], handlers: [:raw, :erb, :html, :builder, :ruby, :jbuilder]}.

Searched in:
  * "/home/marwan/.local/share/mise/installs/ruby/3.4.9/lib/ruby/gems/3.4.0/gems/railties-8.1.3/lib/rails/templates"
  * "/mnt/Users/maraw/.0Marwan/.Marwan/ITI/Courses/Ruby/labs/lab3/store/app/views"
  * "/home/marwan/.local/share/mise/installs/ruby/3.4.9/lib/ruby/gems/3.4.0/gems/turbo-rails-2.0.23/app/views"
  * "/home/marwan/.local/share/mise/installs/ruby/3.4.9/lib/ruby/gems/3.4.0/gems/actiontext-8.1.3/app/views"
  * "/home/marwan/.local/share/mise/installs/ruby/3.4.9/lib/ruby/gems/3.4.0/gems/actionmailbox-8.1.3/app/views"
):
  
actionview (8.1.3) lib/action_view/path_set.rb:42:in 'ActionView::PathSet#find'
actionview (8.1.3) lib/action_view/lookup_context.rb:131:in 'ActionView::LookupContext::ViewPaths#find'
actionview (8.1.3) lib/action_view/renderer/template_renderer.rb:49:in 'ActionView::TemplateRenderer#determine_template'
actionview (8.1.3) lib/action_view/renderer/template_renderer.rb:7:in 'ActionView::TemplateRenderer#render'
actionview (8.1.3) lib/action_view/renderer/renderer.rb:58:in 'ActionView::Renderer#render_template_to_object'
actionview (8.1.3) lib/action_view/renderer/renderer.rb:31:in 'ActionView::Renderer#render_to_object'
actionview (8.1.3) lib/action_view/rendering.rb:136:in 'block in ActionView::Rendering#_render_template'
actionview (8.1.3) lib/action_view/base.rb:308:in 'ActionView::Base#in_rendering_context'
actionview (8.1.3) lib/action_view/rendering.rb:135:in 'ActionView::Rendering#_render_template'
actionpack (8.1.3) lib/action_controller/metal/streaming.rb:179:in 'ActionController::Streaming#_render_template'
actionview (8.1.3) lib/action_view/rendering.rb:122:in 'ActionView::Rendering#render_to_body'
actionpack (8.1.3) lib/action_controller/metal/rendering.rb:192:in 'ActionController::Rendering#render_to_body'
actionpack (8.1.3) lib/action_controller/metal/renderers.rb:155:in 'ActionController::Renderers#render_to_body'
actionpack (8.1.3) lib/abstract_controller/rendering.rb:28:in 'AbstractController::Rendering#render'
actionpack (8.1.3) lib/action_controller/metal/rendering.rb:173:in 'ActionController::Rendering#render'
actionpack (8.1.3) lib/action_controller/metal/instrumentation.rb:31:in 'block (2 levels) in ActionController::Instrumentation#render'
activesupport (8.1.3) lib/active_support/benchmark.rb:17:in 'ActiveSupport::Benchmark.realtime'
actionpack (8.1.3) lib/action_controller/metal/instrumentation.rb:31:in 'block in ActionController::Instrumentation#render'
actionpack (8.1.3) lib/action_controller/metal/instrumentation.rb:100:in 'ActionController::Instrumentation#cleanup_view_runtime'
activerecord (8.1.3) lib/active_record/railties/controller_runtime.rb:48:in 'ActiveRecord::Railties::ControllerRuntime#cleanup_view_runtime'
actionpack (8.1.3) lib/action_controller/metal/instrumentation.rb:30:in 'ActionController::Instrumentation#render'
railties (8.1.3) lib/rails/pwa_controller.rb:13:in 'Rails::PwaController#manifest'
actionpack (8.1.3) lib/action_controller/metal/basic_implicit_render.rb:8:in 'ActionController::BasicImplicitRender#send_action'
actionpack (8.1.3) lib/abstract_controller/base.rb:221:in 'AbstractController::Base#process_action'
actionpack (8.1.3) lib/action_controller/metal/rendering.rb:199:in 'ActionController::Rendering#process_action'
actionpack (8.1.3) lib/abstract_controller/callbacks.rb:267:in 'block in AbstractController::Callbacks#process_action'
activesupport (8.1.3) lib/active_support/callbacks.rb:121:in 'block in ActiveSupport::Callbacks#run_callbacks'
turbo-rails (2.0.23) lib/turbo-rails.rb:24:in 'Turbo.with_request_id'
turbo-rails (2.0.23) app/controllers/concerns/turbo/request_id_tracking.rb:10:in 'Turbo::RequestIdTracking#turbo_tracking_request_id'
activesupport (8.1.3) lib/active_support/callbacks.rb:130:in 'block in ActiveSupport::Callbacks#run_callbacks'
actiontext (8.1.3) lib/action_text/rendering.rb:24:in 'ActionText::Rendering::ClassMethods#with_renderer'
actiontext (8.1.3) lib/action_text/engine.rb:72:in 'block (4 levels) in <class:Engine>'
activesupport (8.1.3) lib/active_support/callbacks.rb:130:in 'BasicObject#instance_exec'
activesupport (8.1.3) lib/active_support/callbacks.rb:130:in 'block in ActiveSupport::Callbacks#run_callbacks'
activesupport (8.1.3) lib/active_support/callbacks.rb:141:in 'ActiveSupport::Callbacks#run_callbacks'
actionpack (8.1.3) lib/abstract_controller/callbacks.rb:266:in 'AbstractController::Callbacks#process_action'
actionpack (8.1.3) lib/action_controller/metal/rescue.rb:36:in 'ActionController::Rescue#process_action'
actionpack (8.1.3) lib/action_controller/metal/instrumentation.rb:76:in 'block in ActionController::Instrumentation#process_action'
activesupport (8.1.3) lib/active_support/notifications.rb:210:in 'block in ActiveSupport::Notifications.instrument'
activesupport (8.1.3) lib/active_support/notifications/instrumenter.rb:58:in 'ActiveSupport::Notifications::Instrumenter#instrument'
activesupport (8.1.3) lib/active_support/notifications.rb:210:in 'ActiveSupport::Notifications.instrument'
actionpack (8.1.3) lib/action_controller/metal/instrumentation.rb:75:in 'ActionController::Instrumentation#process_action'
actionpack (8.1.3) lib/action_controller/metal/params_wrapper.rb:259:in 'ActionController::ParamsWrapper#process_action'
activerecord (8.1.3) lib/active_record/railties/controller_runtime.rb:39:in 'ActiveRecord::Railties::ControllerRuntime#process_action'
actionpack (8.1.3) lib/abstract_controller/base.rb:154:in 'AbstractController::Base#process'
actionview (8.1.3) lib/action_view/rendering.rb:40:in 'ActionView::Rendering#process'
actionpack (8.1.3) lib/action_controller/metal.rb:252:in 'ActionController::Metal#dispatch'
actionpack (8.1.3) lib/action_controller/metal.rb:335:in 'ActionController::Metal.dispatch'
actionpack (8.1.3) lib/action_dispatch/routing/route_set.rb:65:in 'ActionDispatch::Routing::RouteSet::Dispatcher#dispatch'
actionpack (8.1.3) lib/action_dispatch/routing/route_set.rb:50:in 'ActionDispatch::Routing::RouteSet::Dispatcher#serve'
actionpack (8.1.3) lib/action_dispatch/journey/router.rb:35:in 'block in ActionDispatch::Journey::Router#serve'
actionpack (8.1.3) lib/action_dispatch/journey/router.rb:86:in 'block in ActionDispatch::Journey::Router#recognize'
actionpack (8.1.3) lib/action_dispatch/journey/router.rb:66:in 'Array#each'
actionpack (8.1.3) lib/action_dispatch/journey/router.rb:66:in 'ActionDispatch::Journey::Router#recognize'
actionpack (8.1.3) lib/action_dispatch/journey/router.rb:31:in 'ActionDispatch::Journey::Router#serve'
actionpack (8.1.3) lib/action_dispatch/routing/route_set.rb:906:in 'ActionDispatch::Routing::RouteSet#call'
railties (8.1.3) lib/rails/engine/lazy_route_set.rb:60:in 'Rails::Engine::LazyRouteSet#call'
rack (3.2.6) lib/rack/tempfile_reaper.rb:20:in 'Rack::TempfileReaper#call'
rack (3.2.6) lib/rack/etag.rb:29:in 'Rack::ETag#call'
rack (3.2.6) lib/rack/conditional_get.rb:31:in 'Rack::ConditionalGet#call'
rack (3.2.6) lib/rack/head.rb:15:in 'Rack::Head#call'
actionpack (8.1.3) lib/action_dispatch/http/content_security_policy.rb:38:in 'ActionDispatch::ContentSecurityPolicy::Middleware#call'
rack-session (2.1.2) lib/rack/session/abstract/id.rb:274:in 'Rack::Session::Abstract::Persisted#context'
rack-session (2.1.2) lib/rack/session/abstract/id.rb:268:in 'Rack::Session::Abstract::Persisted#call'
actionpack (8.1.3) lib/action_dispatch/middleware/cookies.rb:708:in 'ActionDispatch::Cookies#call'
activerecord (8.1.3) lib/active_record/migration.rb:671:in 'ActiveRecord::Migration::CheckPending#call'
actionpack (8.1.3) lib/action_dispatch/middleware/callbacks.rb:31:in 'block in ActionDispatch::Callbacks#call'
activesupport (8.1.3) lib/active_support/callbacks.rb:101:in 'ActiveSupport::Callbacks#run_callbacks'
actionpack (8.1.3) lib/action_dispatch/middleware/callbacks.rb:30:in 'ActionDispatch::Callbacks#call'
actionpack (8.1.3) lib/action_dispatch/middleware/executor.rb:20:in 'ActionDispatch::Executor#call'
actionpack (8.1.3) lib/action_dispatch/middleware/actionable_exceptions.rb:18:in 'ActionDispatch::ActionableExceptions#call'
actionpack (8.1.3) lib/action_dispatch/middleware/debug_exceptions.rb:31:in 'ActionDispatch::DebugExceptions#call'
web-console (4.3.0) lib/web_console/middleware.rb:132:in 'WebConsole::Middleware#call_app'
web-console (4.3.0) lib/web_console/middleware.rb:28:in 'block in WebConsole::Middleware#call'
web-console (4.3.0) lib/web_console/middleware.rb:17:in 'Kernel#catch'
web-console (4.3.0) lib/web_console/middleware.rb:17:in 'WebConsole::Middleware#call'
actionpack (8.1.3) lib/action_dispatch/middleware/show_exceptions.rb:32:in 'ActionDispatch::ShowExceptions#call'
railties (8.1.3) lib/rails/rack/logger.rb:41:in 'Rails::Rack::Logger#call_app'
railties (8.1.3) lib/rails/rack/logger.rb:29:in 'Rails::Rack::Logger#call'
propshaft (1.3.2) lib/propshaft/quiet_assets.rb:11:in 'Propshaft::QuietAssets#call'
actionpack (8.1.3) lib/action_dispatch/middleware/remote_ip.rb:98:in 'ActionDispatch::RemoteIp#call'
actionpack (8.1.3) lib/action_dispatch/middleware/request_id.rb:34:in 'ActionDispatch::RequestId#call'
rack (3.2.6) lib/rack/method_override.rb:28:in 'Rack::MethodOverride#call'
rack (3.2.6) lib/rack/runtime.rb:24:in 'Rack::Runtime#call'
activesupport (8.1.3) lib/active_support/cache/strategy/local_cache_middleware.rb:30:in 'ActiveSupport::Cache::Strategy::LocalCache::Middleware#call'
actionpack (8.1.3) lib/action_dispatch/middleware/server_timing.rb:61:in 'block in ActionDispatch::ServerTiming#call'
actionpack (8.1.3) lib/action_dispatch/middleware/server_timing.rb:26:in 'ActionDispatch::ServerTiming::Subscriber#collect_events'
actionpack (8.1.3) lib/action_dispatch/middleware/server_timing.rb:60:in 'ActionDispatch::ServerTiming#call'
actionpack (8.1.3) lib/action_dispatch/middleware/executor.rb:20:in 'ActionDispatch::Executor#call'
propshaft (1.3.2) lib/propshaft/server.rb:37:in 'Propshaft::Server#call'
actionpack (8.1.3) lib/action_dispatch/middleware/static.rb:27:in 'ActionDispatch::Static#call'
rack (3.2.6) lib/rack/sendfile.rb:131:in 'Rack::Sendfile#call'
actionpack (8.1.3) lib/action_dispatch/middleware/host_authorization.rb:143:in 'ActionDispatch::HostAuthorization#call'
railties (8.1.3) lib/rails/engine.rb:534:in 'Rails::Engine#call'
puma (8.0.2) lib/puma/configuration.rb:305:in 'Puma::Configuration::ConfigMiddleware#call'
puma (8.0.2) lib/puma/response.rb:79:in 'block in Puma::Response#handle_request'
puma (8.0.2) lib/puma/thread_pool.rb:434:in 'Puma::ThreadPool#with_force_shutdown'
puma (8.0.2) lib/puma/response.rb:78:in 'Puma::Response#handle_request'
puma (8.0.2) lib/puma/server.rb:508:in 'Puma::Server#process_client'
puma (8.0.2) lib/puma/server.rb:263:in 'block in Puma::Server#run'
puma (8.0.2) lib/puma/thread_pool.rb:246:in 'block in Puma::ThreadPool#spawn_thread'
Started GET "/manifest" for ::1 at 2026-06-07 18:17:59 +0300
Processing by Rails::PwaController#manifest as HTML
Completed 500 Internal Server Error in 1ms (ActiveRecord: 0.0ms (0 queries, 0 cached) | GC: 0.0ms)


  
ActionView::MissingTemplate (Missing template pwa/manifest with {locale: [:en], formats: [:html], variants: [], handlers: [:raw, :erb, :html, :builder, :ruby, :jbuilder]}.

Searched in:
  * "/home/marwan/.local/share/mise/installs/ruby/3.4.9/lib/ruby/gems/3.4.0/gems/railties-8.1.3/lib/rails/templates"
  * "/mnt/Users/maraw/.0Marwan/.Marwan/ITI/Courses/Ruby/labs/lab3/store/app/views"
  * "/home/marwan/.local/share/mise/installs/ruby/3.4.9/lib/ruby/gems/3.4.0/gems/turbo-rails-2.0.23/app/views"
  * "/home/marwan/.local/share/mise/installs/ruby/3.4.9/lib/ruby/gems/3.4.0/gems/actiontext-8.1.3/app/views"
  * "/home/marwan/.local/share/mise/installs/ruby/3.4.9/lib/ruby/gems/3.4.0/gems/actionmailbox-8.1.3/app/views"
):
  
actionview (8.1.3) lib/action_view/path_set.rb:42:in 'ActionView::PathSet#find'
actionview (8.1.3) lib/action_view/lookup_context.rb:131:in 'ActionView::LookupContext::ViewPaths#find'
actionview (8.1.3) lib/action_view/renderer/template_renderer.rb:49:in 'ActionView::TemplateRenderer#determine_template'
actionview (8.1.3) lib/action_view/renderer/template_renderer.rb:7:in 'ActionView::TemplateRenderer#render'
actionview (8.1.3) lib/action_view/renderer/renderer.rb:58:in 'ActionView::Renderer#render_template_to_object'
actionview (8.1.3) lib/action_view/renderer/renderer.rb:31:in 'ActionView::Renderer#render_to_object'
actionview (8.1.3) lib/action_view/rendering.rb:136:in 'block in ActionView::Rendering#_render_template'
actionview (8.1.3) lib/action_view/base.rb:308:in 'ActionView::Base#in_rendering_context'
actionview (8.1.3) lib/action_view/rendering.rb:135:in 'ActionView::Rendering#_render_template'
actionpack (8.1.3) lib/action_controller/metal/streaming.rb:179:in 'ActionController::Streaming#_render_template'
actionview (8.1.3) lib/action_view/rendering.rb:122:in 'ActionView::Rendering#render_to_body'
actionpack (8.1.3) lib/action_controller/metal/rendering.rb:192:in 'ActionController::Rendering#render_to_body'
actionpack (8.1.3) lib/action_controller/metal/renderers.rb:155:in 'ActionController::Renderers#render_to_body'
actionpack (8.1.3) lib/abstract_controller/rendering.rb:28:in 'AbstractController::Rendering#render'
actionpack (8.1.3) lib/action_controller/metal/rendering.rb:173:in 'ActionController::Rendering#render'
actionpack (8.1.3) lib/action_controller/metal/instrumentation.rb:31:in 'block (2 levels) in ActionController::Instrumentation#render'
activesupport (8.1.3) lib/active_support/benchmark.rb:17:in 'ActiveSupport::Benchmark.realtime'
actionpack (8.1.3) lib/action_controller/metal/instrumentation.rb:31:in 'block in ActionController::Instrumentation#render'
actionpack (8.1.3) lib/action_controller/metal/instrumentation.rb:100:in 'ActionController::Instrumentation#cleanup_view_runtime'
activerecord (8.1.3) lib/active_record/railties/controller_runtime.rb:48:in 'ActiveRecord::Railties::ControllerRuntime#cleanup_view_runtime'
actionpack (8.1.3) lib/action_controller/metal/instrumentation.rb:30:in 'ActionController::Instrumentation#render'
railties (8.1.3) lib/rails/pwa_controller.rb:13:in 'Rails::PwaController#manifest'
actionpack (8.1.3) lib/action_controller/metal/basic_implicit_render.rb:8:in 'ActionController::BasicImplicitRender#send_action'
actionpack (8.1.3) lib/abstract_controller/base.rb:221:in 'AbstractController::Base#process_action'
actionpack (8.1.3) lib/action_controller/metal/rendering.rb:199:in 'ActionController::Rendering#process_action'
actionpack (8.1.3) lib/abstract_controller/callbacks.rb:267:in 'block in AbstractController::Callbacks#process_action'
activesupport (8.1.3) lib/active_support/callbacks.rb:121:in 'block in ActiveSupport::Callbacks#run_callbacks'
turbo-rails (2.0.23) lib/turbo-rails.rb:24:in 'Turbo.with_request_id'
turbo-rails (2.0.23) app/controllers/concerns/turbo/request_id_tracking.rb:10:in 'Turbo::RequestIdTracking#turbo_tracking_request_id'
activesupport (8.1.3) lib/active_support/callbacks.rb:130:in 'block in ActiveSupport::Callbacks#run_callbacks'
actiontext (8.1.3) lib/action_text/rendering.rb:24:in 'ActionText::Rendering::ClassMethods#with_renderer'
actiontext (8.1.3) lib/action_text/engine.rb:72:in 'block (4 levels) in <class:Engine>'
activesupport (8.1.3) lib/active_support/callbacks.rb:130:in 'BasicObject#instance_exec'
activesupport (8.1.3) lib/active_support/callbacks.rb:130:in 'block in ActiveSupport::Callbacks#run_callbacks'
activesupport (8.1.3) lib/active_support/callbacks.rb:141:in 'ActiveSupport::Callbacks#run_callbacks'
actionpack (8.1.3) lib/abstract_controller/callbacks.rb:266:in 'AbstractController::Callbacks#process_action'
actionpack (8.1.3) lib/action_controller/metal/rescue.rb:36:in 'ActionController::Rescue#process_action'
actionpack (8.1.3) lib/action_controller/metal/instrumentation.rb:76:in 'block in ActionController::Instrumentation#process_action'
activesupport (8.1.3) lib/active_support/notifications.rb:210:in 'block in ActiveSupport::Notifications.instrument'
activesupport (8.1.3) lib/active_support/notifications/instrumenter.rb:58:in 'ActiveSupport::Notifications::Instrumenter#instrument'
activesupport (8.1.3) lib/active_support/notifications.rb:210:in 'ActiveSupport::Notifications.instrument'
actionpack (8.1.3) lib/action_controller/metal/instrumentation.rb:75:in 'ActionController::Instrumentation#process_action'
actionpack (8.1.3) lib/action_controller/metal/params_wrapper.rb:259:in 'ActionController::ParamsWrapper#process_action'
activerecord (8.1.3) lib/active_record/railties/controller_runtime.rb:39:in 'ActiveRecord::Railties::ControllerRuntime#process_action'
actionpack (8.1.3) lib/abstract_controller/base.rb:154:in 'AbstractController::Base#process'
actionview (8.1.3) lib/action_view/rendering.rb:40:in 'ActionView::Rendering#process'
actionpack (8.1.3) lib/action_controller/metal.rb:252:in 'ActionController::Metal#dispatch'
actionpack (8.1.3) lib/action_controller/metal.rb:335:in 'ActionController::Metal.dispatch'
actionpack (8.1.3) lib/action_dispatch/routing/route_set.rb:65:in 'ActionDispatch::Routing::RouteSet::Dispatcher#dispatch'
actionpack (8.1.3) lib/action_dispatch/routing/route_set.rb:50:in 'ActionDispatch::Routing::RouteSet::Dispatcher#serve'
actionpack (8.1.3) lib/action_dispatch/journey/router.rb:35:in 'block in ActionDispatch::Journey::Router#serve'
actionpack (8.1.3) lib/action_dispatch/journey/router.rb:86:in 'block in ActionDispatch::Journey::Router#recognize'
actionpack (8.1.3) lib/action_dispatch/journey/router.rb:66:in 'Array#each'
actionpack (8.1.3) lib/action_dispatch/journey/router.rb:66:in 'ActionDispatch::Journey::Router#recognize'
actionpack (8.1.3) lib/action_dispatch/journey/router.rb:31:in 'ActionDispatch::Journey::Router#serve'
actionpack (8.1.3) lib/action_dispatch/routing/route_set.rb:906:in 'ActionDispatch::Routing::RouteSet#call'
railties (8.1.3) lib/rails/engine/lazy_route_set.rb:60:in 'Rails::Engine::LazyRouteSet#call'
rack (3.2.6) lib/rack/tempfile_reaper.rb:20:in 'Rack::TempfileReaper#call'
rack (3.2.6) lib/rack/etag.rb:29:in 'Rack::ETag#call'
rack (3.2.6) lib/rack/conditional_get.rb:31:in 'Rack::ConditionalGet#call'
rack (3.2.6) lib/rack/head.rb:15:in 'Rack::Head#call'
actionpack (8.1.3) lib/action_dispatch/http/content_security_policy.rb:38:in 'ActionDispatch::ContentSecurityPolicy::Middleware#call'
rack-session (2.1.2) lib/rack/session/abstract/id.rb:274:in 'Rack::Session::Abstract::Persisted#context'
rack-session (2.1.2) lib/rack/session/abstract/id.rb:268:in 'Rack::Session::Abstract::Persisted#call'
actionpack (8.1.3) lib/action_dispatch/middleware/cookies.rb:708:in 'ActionDispatch::Cookies#call'
activerecord (8.1.3) lib/active_record/migration.rb:671:in 'ActiveRecord::Migration::CheckPending#call'
actionpack (8.1.3) lib/action_dispatch/middleware/callbacks.rb:31:in 'block in ActionDispatch::Callbacks#call'
activesupport (8.1.3) lib/active_support/callbacks.rb:101:in 'ActiveSupport::Callbacks#run_callbacks'
actionpack (8.1.3) lib/action_dispatch/middleware/callbacks.rb:30:in 'ActionDispatch::Callbacks#call'
actionpack (8.1.3) lib/action_dispatch/middleware/executor.rb:20:in 'ActionDispatch::Executor#call'
actionpack (8.1.3) lib/action_dispatch/middleware/actionable_exceptions.rb:18:in 'ActionDispatch::ActionableExceptions#call'
actionpack (8.1.3) lib/action_dispatch/middleware/debug_exceptions.rb:31:in 'ActionDispatch::DebugExceptions#call'
web-console (4.3.0) lib/web_console/middleware.rb:132:in 'WebConsole::Middleware#call_app'
web-console (4.3.0) lib/web_console/middleware.rb:28:in 'block in WebConsole::Middleware#call'
web-console (4.3.0) lib/web_console/middleware.rb:17:in 'Kernel#catch'
web-console (4.3.0) lib/web_console/middleware.rb:17:in 'WebConsole::Middleware#call'
actionpack (8.1.3) lib/action_dispatch/middleware/show_exceptions.rb:32:in 'ActionDispatch::ShowExceptions#call'
railties (8.1.3) lib/rails/rack/logger.rb:41:in 'Rails::Rack::Logger#call_app'
railties (8.1.3) lib/rails/rack/logger.rb:29:in 'Rails::Rack::Logger#call'
propshaft (1.3.2) lib/propshaft/quiet_assets.rb:11:in 'Propshaft::QuietAssets#call'
actionpack (8.1.3) lib/action_dispatch/middleware/remote_ip.rb:98:in 'ActionDispatch::RemoteIp#call'
actionpack (8.1.3) lib/action_dispatch/middleware/request_id.rb:34:in 'ActionDispatch::RequestId#call'
rack (3.2.6) lib/rack/method_override.rb:28:in 'Rack::MethodOverride#call'
rack (3.2.6) lib/rack/runtime.rb:24:in 'Rack::Runtime#call'
activesupport (8.1.3) lib/active_support/cache/strategy/local_cache_middleware.rb:30:in 'ActiveSupport::Cache::Strategy::LocalCache::Middleware#call'
actionpack (8.1.3) lib/action_dispatch/middleware/server_timing.rb:61:in 'block in ActionDispatch::ServerTiming#call'
actionpack (8.1.3) lib/action_dispatch/middleware/server_timing.rb:26:in 'ActionDispatch::ServerTiming::Subscriber#collect_events'
actionpack (8.1.3) lib/action_dispatch/middleware/server_timing.rb:60:in 'ActionDispatch::ServerTiming#call'
actionpack (8.1.3) lib/action_dispatch/middleware/executor.rb:20:in 'ActionDispatch::Executor#call'
propshaft (1.3.2) lib/propshaft/server.rb:37:in 'Propshaft::Server#call'
actionpack (8.1.3) lib/action_dispatch/middleware/static.rb:27:in 'ActionDispatch::Static#call'
rack (3.2.6) lib/rack/sendfile.rb:131:in 'Rack::Sendfile#call'
actionpack (8.1.3) lib/action_dispatch/middleware/host_authorization.rb:143:in 'ActionDispatch::HostAuthorization#call'
railties (8.1.3) lib/rails/engine.rb:534:in 'Rails::Engine#call'
puma (8.0.2) lib/puma/configuration.rb:305:in 'Puma::Configuration::ConfigMiddleware#call'
puma (8.0.2) lib/puma/response.rb:79:in 'block in Puma::Response#handle_request'
puma (8.0.2) lib/puma/thread_pool.rb:434:in 'Puma::ThreadPool#with_force_shutdown'
puma (8.0.2) lib/puma/response.rb:78:in 'Puma::Response#handle_request'
puma (8.0.2) lib/puma/server.rb:508:in 'Puma::Server#process_client'
puma (8.0.2) lib/puma/server.rb:263:in 'block in Puma::Server#run'
puma (8.0.2) lib/puma/thread_pool.rb:246:in 'block in Puma::ThreadPool#spawn_thread'
Started GET "/service-worker" for ::1 at 2026-06-07 18:18:08 +0300
Processing by Rails::PwaController#service_worker as HTML
Completed 500 Internal Server Error in 1ms (ActiveRecord: 0.0ms (0 queries, 0 cached) | GC: 0.0ms)


  
ActionView::MissingTemplate (Missing template pwa/service-worker with {locale: [:en], formats: [:html], variants: [], handlers: [:raw, :erb, :html, :builder, :ruby, :jbuilder]}.

Searched in:
  * "/home/marwan/.local/share/mise/installs/ruby/3.4.9/lib/ruby/gems/3.4.0/gems/railties-8.1.3/lib/rails/templates"
  * "/mnt/Users/maraw/.0Marwan/.Marwan/ITI/Courses/Ruby/labs/lab3/store/app/views"
  * "/home/marwan/.local/share/mise/installs/ruby/3.4.9/lib/ruby/gems/3.4.0/gems/turbo-rails-2.0.23/app/views"
  * "/home/marwan/.local/share/mise/installs/ruby/3.4.9/lib/ruby/gems/3.4.0/gems/actiontext-8.1.3/app/views"
  * "/home/marwan/.local/share/mise/installs/ruby/3.4.9/lib/ruby/gems/3.4.0/gems/actionmailbox-8.1.3/app/views"
):
  
actionview (8.1.3) lib/action_view/path_set.rb:42:in 'ActionView::PathSet#find'
actionview (8.1.3) lib/action_view/lookup_context.rb:131:in 'ActionView::LookupContext::ViewPaths#find'
actionview (8.1.3) lib/action_view/renderer/template_renderer.rb:49:in 'ActionView::TemplateRenderer#determine_template'
actionview (8.1.3) lib/action_view/renderer/template_renderer.rb:7:in 'ActionView::TemplateRenderer#render'
actionview (8.1.3) lib/action_view/renderer/renderer.rb:58:in 'ActionView::Renderer#render_template_to_object'
actionview (8.1.3) lib/action_view/renderer/renderer.rb:31:in 'ActionView::Renderer#render_to_object'
actionview (8.1.3) lib/action_view/rendering.rb:136:in 'block in ActionView::Rendering#_render_template'
actionview (8.1.3) lib/action_view/base.rb:308:in 'ActionView::Base#in_rendering_context'
actionview (8.1.3) lib/action_view/rendering.rb:135:in 'ActionView::Rendering#_render_template'
actionpack (8.1.3) lib/action_controller/metal/streaming.rb:179:in 'ActionController::Streaming#_render_template'
actionview (8.1.3) lib/action_view/rendering.rb:122:in 'ActionView::Rendering#render_to_body'
actionpack (8.1.3) lib/action_controller/metal/rendering.rb:192:in 'ActionController::Rendering#render_to_body'
actionpack (8.1.3) lib/action_controller/metal/renderers.rb:155:in 'ActionController::Renderers#render_to_body'
actionpack (8.1.3) lib/abstract_controller/rendering.rb:28:in 'AbstractController::Rendering#render'
actionpack (8.1.3) lib/action_controller/metal/rendering.rb:173:in 'ActionController::Rendering#render'
actionpack (8.1.3) lib/action_controller/metal/instrumentation.rb:31:in 'block (2 levels) in ActionController::Instrumentation#render'
activesupport (8.1.3) lib/active_support/benchmark.rb:17:in 'ActiveSupport::Benchmark.realtime'
actionpack (8.1.3) lib/action_controller/metal/instrumentation.rb:31:in 'block in ActionController::Instrumentation#render'
actionpack (8.1.3) lib/action_controller/metal/instrumentation.rb:100:in 'ActionController::Instrumentation#cleanup_view_runtime'
activerecord (8.1.3) lib/active_record/railties/controller_runtime.rb:48:in 'ActiveRecord::Railties::ControllerRuntime#cleanup_view_runtime'
actionpack (8.1.3) lib/action_controller/metal/instrumentation.rb:30:in 'ActionController::Instrumentation#render'
railties (8.1.3) lib/rails/pwa_controller.rb:9:in 'Rails::PwaController#service_worker'
actionpack (8.1.3) lib/action_controller/metal/basic_implicit_render.rb:8:in 'ActionController::BasicImplicitRender#send_action'
actionpack (8.1.3) lib/abstract_controller/base.rb:221:in 'AbstractController::Base#process_action'
actionpack (8.1.3) lib/action_controller/metal/rendering.rb:199:in 'ActionController::Rendering#process_action'
actionpack (8.1.3) lib/abstract_controller/callbacks.rb:267:in 'block in AbstractController::Callbacks#process_action'
activesupport (8.1.3) lib/active_support/callbacks.rb:121:in 'block in ActiveSupport::Callbacks#run_callbacks'
turbo-rails (2.0.23) lib/turbo-rails.rb:24:in 'Turbo.with_request_id'
turbo-rails (2.0.23) app/controllers/concerns/turbo/request_id_tracking.rb:10:in 'Turbo::RequestIdTracking#turbo_tracking_request_id'
activesupport (8.1.3) lib/active_support/callbacks.rb:130:in 'block in ActiveSupport::Callbacks#run_callbacks'
actiontext (8.1.3) lib/action_text/rendering.rb:24:in 'ActionText::Rendering::ClassMethods#with_renderer'
actiontext (8.1.3) lib/action_text/engine.rb:72:in 'block (4 levels) in <class:Engine>'
activesupport (8.1.3) lib/active_support/callbacks.rb:130:in 'BasicObject#instance_exec'
activesupport (8.1.3) lib/active_support/callbacks.rb:130:in 'block in ActiveSupport::Callbacks#run_callbacks'
activesupport (8.1.3) lib/active_support/callbacks.rb:141:in 'ActiveSupport::Callbacks#run_callbacks'
actionpack (8.1.3) lib/abstract_controller/callbacks.rb:266:in 'AbstractController::Callbacks#process_action'
actionpack (8.1.3) lib/action_controller/metal/rescue.rb:36:in 'ActionController::Rescue#process_action'
actionpack (8.1.3) lib/action_controller/metal/instrumentation.rb:76:in 'block in ActionController::Instrumentation#process_action'
activesupport (8.1.3) lib/active_support/notifications.rb:210:in 'block in ActiveSupport::Notifications.instrument'
activesupport (8.1.3) lib/active_support/notifications/instrumenter.rb:58:in 'ActiveSupport::Notifications::Instrumenter#instrument'
activesupport (8.1.3) lib/active_support/notifications.rb:210:in 'ActiveSupport::Notifications.instrument'
actionpack (8.1.3) lib/action_controller/metal/instrumentation.rb:75:in 'ActionController::Instrumentation#process_action'
actionpack (8.1.3) lib/action_controller/metal/params_wrapper.rb:259:in 'ActionController::ParamsWrapper#process_action'
activerecord (8.1.3) lib/active_record/railties/controller_runtime.rb:39:in 'ActiveRecord::Railties::ControllerRuntime#process_action'
actionpack (8.1.3) lib/abstract_controller/base.rb:154:in 'AbstractController::Base#process'
actionview (8.1.3) lib/action_view/rendering.rb:40:in 'ActionView::Rendering#process'
actionpack (8.1.3) lib/action_controller/metal.rb:252:in 'ActionController::Metal#dispatch'
actionpack (8.1.3) lib/action_controller/metal.rb:335:in 'ActionController::Metal.dispatch'
actionpack (8.1.3) lib/action_dispatch/routing/route_set.rb:65:in 'ActionDispatch::Routing::RouteSet::Dispatcher#dispatch'
actionpack (8.1.3) lib/action_dispatch/routing/route_set.rb:50:in 'ActionDispatch::Routing::RouteSet::Dispatcher#serve'
actionpack (8.1.3) lib/action_dispatch/journey/router.rb:35:in 'block in ActionDispatch::Journey::Router#serve'
actionpack (8.1.3) lib/action_dispatch/journey/router.rb:86:in 'block in ActionDispatch::Journey::Router#recognize'
actionpack (8.1.3) lib/action_dispatch/journey/router.rb:66:in 'Array#each'
actionpack (8.1.3) lib/action_dispatch/journey/router.rb:66:in 'ActionDispatch::Journey::Router#recognize'
actionpack (8.1.3) lib/action_dispatch/journey/router.rb:31:in 'ActionDispatch::Journey::Router#serve'
actionpack (8.1.3) lib/action_dispatch/routing/route_set.rb:906:in 'ActionDispatch::Routing::RouteSet#call'
railties (8.1.3) lib/rails/engine/lazy_route_set.rb:60:in 'Rails::Engine::LazyRouteSet#call'
rack (3.2.6) lib/rack/tempfile_reaper.rb:20:in 'Rack::TempfileReaper#call'
rack (3.2.6) lib/rack/etag.rb:29:in 'Rack::ETag#call'
rack (3.2.6) lib/rack/conditional_get.rb:31:in 'Rack::ConditionalGet#call'
rack (3.2.6) lib/rack/head.rb:15:in 'Rack::Head#call'
actionpack (8.1.3) lib/action_dispatch/http/content_security_policy.rb:38:in 'ActionDispatch::ContentSecurityPolicy::Middleware#call'
rack-session (2.1.2) lib/rack/session/abstract/id.rb:274:in 'Rack::Session::Abstract::Persisted#context'
rack-session (2.1.2) lib/rack/session/abstract/id.rb:268:in 'Rack::Session::Abstract::Persisted#call'
actionpack (8.1.3) lib/action_dispatch/middleware/cookies.rb:708:in 'ActionDispatch::Cookies#call'
activerecord (8.1.3) lib/active_record/migration.rb:671:in 'ActiveRecord::Migration::CheckPending#call'
actionpack (8.1.3) lib/action_dispatch/middleware/callbacks.rb:31:in 'block in ActionDispatch::Callbacks#call'
activesupport (8.1.3) lib/active_support/callbacks.rb:101:in 'ActiveSupport::Callbacks#run_callbacks'
actionpack (8.1.3) lib/action_dispatch/middleware/callbacks.rb:30:in 'ActionDispatch::Callbacks#call'
actionpack (8.1.3) lib/action_dispatch/middleware/executor.rb:20:in 'ActionDispatch::Executor#call'
actionpack (8.1.3) lib/action_dispatch/middleware/actionable_exceptions.rb:18:in 'ActionDispatch::ActionableExceptions#call'
actionpack (8.1.3) lib/action_dispatch/middleware/debug_exceptions.rb:31:in 'ActionDispatch::DebugExceptions#call'
web-console (4.3.0) lib/web_console/middleware.rb:132:in 'WebConsole::Middleware#call_app'
web-console (4.3.0) lib/web_console/middleware.rb:28:in 'block in WebConsole::Middleware#call'
web-console (4.3.0) lib/web_console/middleware.rb:17:in 'Kernel#catch'
web-console (4.3.0) lib/web_console/middleware.rb:17:in 'WebConsole::Middleware#call'
actionpack (8.1.3) lib/action_dispatch/middleware/show_exceptions.rb:32:in 'ActionDispatch::ShowExceptions#call'
railties (8.1.3) lib/rails/rack/logger.rb:41:in 'Rails::Rack::Logger#call_app'
railties (8.1.3) lib/rails/rack/logger.rb:29:in 'Rails::Rack::Logger#call'
propshaft (1.3.2) lib/propshaft/quiet_assets.rb:11:in 'Propshaft::QuietAssets#call'
actionpack (8.1.3) lib/action_dispatch/middleware/remote_ip.rb:98:in 'ActionDispatch::RemoteIp#call'
actionpack (8.1.3) lib/action_dispatch/middleware/request_id.rb:34:in 'ActionDispatch::RequestId#call'
rack (3.2.6) lib/rack/method_override.rb:28:in 'Rack::MethodOverride#call'
rack (3.2.6) lib/rack/runtime.rb:24:in 'Rack::Runtime#call'
activesupport (8.1.3) lib/active_support/cache/strategy/local_cache_middleware.rb:30:in 'ActiveSupport::Cache::Strategy::LocalCache::Middleware#call'
actionpack (8.1.3) lib/action_dispatch/middleware/server_timing.rb:61:in 'block in ActionDispatch::ServerTiming#call'
actionpack (8.1.3) lib/action_dispatch/middleware/server_timing.rb:26:in 'ActionDispatch::ServerTiming::Subscriber#collect_events'
actionpack (8.1.3) lib/action_dispatch/middleware/server_timing.rb:60:in 'ActionDispatch::ServerTiming#call'
actionpack (8.1.3) lib/action_dispatch/middleware/executor.rb:20:in 'ActionDispatch::Executor#call'
propshaft (1.3.2) lib/propshaft/server.rb:37:in 'Propshaft::Server#call'
actionpack (8.1.3) lib/action_dispatch/middleware/static.rb:27:in 'ActionDispatch::Static#call'
rack (3.2.6) lib/rack/sendfile.rb:131:in 'Rack::Sendfile#call'
actionpack (8.1.3) lib/action_dispatch/middleware/host_authorization.rb:143:in 'ActionDispatch::HostAuthorization#call'
railties (8.1.3) lib/rails/engine.rb:534:in 'Rails::Engine#call'
puma (8.0.2) lib/puma/configuration.rb:305:in 'Puma::Configuration::ConfigMiddleware#call'
puma (8.0.2) lib/puma/response.rb:79:in 'block in Puma::Response#handle_request'
puma (8.0.2) lib/puma/thread_pool.rb:434:in 'Puma::ThreadPool#with_force_shutdown'
puma (8.0.2) lib/puma/response.rb:78:in 'Puma::Response#handle_request'
puma (8.0.2) lib/puma/server.rb:508:in 'Puma::Server#process_client'
puma (8.0.2) lib/puma/server.rb:263:in 'block in Puma::Server#run'
puma (8.0.2) lib/puma/thread_pool.rb:246:in 'block in Puma::ThreadPool#spawn_thread'
Started GET "/service-worker" for ::1 at 2026-06-07 18:18:33 +0300
  [1m[36mActiveRecord::SchemaMigration Load (0.4ms)[0m  [1m[34mSELECT "schema_migrations"."version" FROM "schema_migrations" ORDER BY "schema_migrations"."version" ASC /*application='Store'*/[0m
Processing by Rails::PwaController#service_worker as HTML
Completed 500 Internal Server Error in 10ms (ActiveRecord: 0.0ms (0 queries, 0 cached) | GC: 1.5ms)


  
ActionView::MissingTemplate (Missing template pwa/service-worker with {locale: [:en], formats: [:html], variants: [], handlers: [:raw, :erb, :html, :builder, :ruby, :jbuilder]}.

Searched in:
  * "/home/marwan/.local/share/mise/installs/ruby/3.4.9/lib/ruby/gems/3.4.0/gems/railties-8.1.3/lib/rails/templates"
  * "/mnt/Users/maraw/.0Marwan/.Marwan/ITI/Courses/Ruby/labs/lab3/store/app/views"
  * "/home/marwan/.local/share/mise/installs/ruby/3.4.9/lib/ruby/gems/3.4.0/gems/turbo-rails-2.0.23/app/views"
  * "/home/marwan/.local/share/mise/installs/ruby/3.4.9/lib/ruby/gems/3.4.0/gems/actiontext-8.1.3/app/views"
  * "/home/marwan/.local/share/mise/installs/ruby/3.4.9/lib/ruby/gems/3.4.0/gems/actionmailbox-8.1.3/app/views"
):
  
actionview (8.1.3) lib/action_view/path_set.rb:42:in 'ActionView::PathSet#find'
actionview (8.1.3) lib/action_view/lookup_context.rb:131:in 'ActionView::LookupContext::ViewPaths#find'
actionview (8.1.3) lib/action_view/renderer/template_renderer.rb:49:in 'ActionView::TemplateRenderer#determine_template'
actionview (8.1.3) lib/action_view/renderer/template_renderer.rb:7:in 'ActionView::TemplateRenderer#render'
actionview (8.1.3) lib/action_view/renderer/renderer.rb:58:in 'ActionView::Renderer#render_template_to_object'
actionview (8.1.3) lib/action_view/renderer/renderer.rb:31:in 'ActionView::Renderer#render_to_object'
actionview (8.1.3) lib/action_view/rendering.rb:136:in 'block in ActionView::Rendering#_render_template'
actionview (8.1.3) lib/action_view/base.rb:308:in 'ActionView::Base#in_rendering_context'
actionview (8.1.3) lib/action_view/rendering.rb:135:in 'ActionView::Rendering#_render_template'
actionpack (8.1.3) lib/action_controller/metal/streaming.rb:179:in 'ActionController::Streaming#_render_template'
actionview (8.1.3) lib/action_view/rendering.rb:122:in 'ActionView::Rendering#render_to_body'
actionpack (8.1.3) lib/action_controller/metal/rendering.rb:192:in 'ActionController::Rendering#render_to_body'
actionpack (8.1.3) lib/action_controller/metal/renderers.rb:155:in 'ActionController::Renderers#render_to_body'
actionpack (8.1.3) lib/abstract_controller/rendering.rb:28:in 'AbstractController::Rendering#render'
actionpack (8.1.3) lib/action_controller/metal/rendering.rb:173:in 'ActionController::Rendering#render'
actionpack (8.1.3) lib/action_controller/metal/instrumentation.rb:31:in 'block (2 levels) in ActionController::Instrumentation#render'
activesupport (8.1.3) lib/active_support/benchmark.rb:17:in 'ActiveSupport::Benchmark.realtime'
actionpack (8.1.3) lib/action_controller/metal/instrumentation.rb:31:in 'block in ActionController::Instrumentation#render'
actionpack (8.1.3) lib/action_controller/metal/instrumentation.rb:100:in 'ActionController::Instrumentation#cleanup_view_runtime'
activerecord (8.1.3) lib/active_record/railties/controller_runtime.rb:48:in 'ActiveRecord::Railties::ControllerRuntime#cleanup_view_runtime'
actionpack (8.1.3) lib/action_controller/metal/instrumentation.rb:30:in 'ActionController::Instrumentation#render'
railties (8.1.3) lib/rails/pwa_controller.rb:9:in 'Rails::PwaController#service_worker'
actionpack (8.1.3) lib/action_controller/metal/basic_implicit_render.rb:8:in 'ActionController::BasicImplicitRender#send_action'
actionpack (8.1.3) lib/abstract_controller/base.rb:221:in 'AbstractController::Base#process_action'
actionpack (8.1.3) lib/action_controller/metal/rendering.rb:199:in 'ActionController::Rendering#process_action'
actionpack (8.1.3) lib/abstract_controller/callbacks.rb:267:in 'block in AbstractController::Callbacks#process_action'
activesupport (8.1.3) lib/active_support/callbacks.rb:121:in 'block in ActiveSupport::Callbacks#run_callbacks'
turbo-rails (2.0.23) lib/turbo-rails.rb:24:in 'Turbo.with_request_id'
turbo-rails (2.0.23) app/controllers/concerns/turbo/request_id_tracking.rb:10:in 'Turbo::RequestIdTracking#turbo_tracking_request_id'
activesupport (8.1.3) lib/active_support/callbacks.rb:130:in 'block in ActiveSupport::Callbacks#run_callbacks'
actiontext (8.1.3) lib/action_text/rendering.rb:24:in 'ActionText::Rendering::ClassMethods#with_renderer'
actiontext (8.1.3) lib/action_text/engine.rb:72:in 'block (4 levels) in <class:Engine>'
activesupport (8.1.3) lib/active_support/callbacks.rb:130:in 'BasicObject#instance_exec'
activesupport (8.1.3) lib/active_support/callbacks.rb:130:in 'block in ActiveSupport::Callbacks#run_callbacks'
activesupport (8.1.3) lib/active_support/callbacks.rb:141:in 'ActiveSupport::Callbacks#run_callbacks'
actionpack (8.1.3) lib/abstract_controller/callbacks.rb:266:in 'AbstractController::Callbacks#process_action'
actionpack (8.1.3) lib/action_controller/metal/rescue.rb:36:in 'ActionController::Rescue#process_action'
actionpack (8.1.3) lib/action_controller/metal/instrumentation.rb:76:in 'block in ActionController::Instrumentation#process_action'
activesupport (8.1.3) lib/active_support/notifications.rb:210:in 'block in ActiveSupport::Notifications.instrument'
activesupport (8.1.3) lib/active_support/notifications/instrumenter.rb:58:in 'ActiveSupport::Notifications::Instrumenter#instrument'
activesupport (8.1.3) lib/active_support/notifications.rb:210:in 'ActiveSupport::Notifications.instrument'
actionpack (8.1.3) lib/action_controller/metal/instrumentation.rb:75:in 'ActionController::Instrumentation#process_action'
actionpack (8.1.3) lib/action_controller/metal/params_wrapper.rb:259:in 'ActionController::ParamsWrapper#process_action'
activerecord (8.1.3) lib/active_record/railties/controller_runtime.rb:39:in 'ActiveRecord::Railties::ControllerRuntime#process_action'
actionpack (8.1.3) lib/abstract_controller/base.rb:154:in 'AbstractController::Base#process'
actionview (8.1.3) lib/action_view/rendering.rb:40:in 'ActionView::Rendering#process'
actionpack (8.1.3) lib/action_controller/metal.rb:252:in 'ActionController::Metal#dispatch'
actionpack (8.1.3) lib/action_controller/metal.rb:335:in 'ActionController::Metal.dispatch'
actionpack (8.1.3) lib/action_dispatch/routing/route_set.rb:65:in 'ActionDispatch::Routing::RouteSet::Dispatcher#dispatch'
actionpack (8.1.3) lib/action_dispatch/routing/route_set.rb:50:in 'ActionDispatch::Routing::RouteSet::Dispatcher#serve'
actionpack (8.1.3) lib/action_dispatch/journey/router.rb:35:in 'block in ActionDispatch::Journey::Router#serve'
actionpack (8.1.3) lib/action_dispatch/journey/router.rb:86:in 'block in ActionDispatch::Journey::Router#recognize'
actionpack (8.1.3) lib/action_dispatch/journey/router.rb:66:in 'Array#each'
actionpack (8.1.3) lib/action_dispatch/journey/router.rb:66:in 'ActionDispatch::Journey::Router#recognize'
actionpack (8.1.3) lib/action_dispatch/journey/router.rb:31:in 'ActionDispatch::Journey::Router#serve'
actionpack (8.1.3) lib/action_dispatch/routing/route_set.rb:906:in 'ActionDispatch::Routing::RouteSet#call'
railties (8.1.3) lib/rails/engine/lazy_route_set.rb:60:in 'Rails::Engine::LazyRouteSet#call'
rack (3.2.6) lib/rack/tempfile_reaper.rb:20:in 'Rack::TempfileReaper#call'
rack (3.2.6) lib/rack/etag.rb:29:in 'Rack::ETag#call'
rack (3.2.6) lib/rack/conditional_get.rb:31:in 'Rack::ConditionalGet#call'
rack (3.2.6) lib/rack/head.rb:15:in 'Rack::Head#call'
actionpack (8.1.3) lib/action_dispatch/http/content_security_policy.rb:38:in 'ActionDispatch::ContentSecurityPolicy::Middleware#call'
rack-session (2.1.2) lib/rack/session/abstract/id.rb:274:in 'Rack::Session::Abstract::Persisted#context'
rack-session (2.1.2) lib/rack/session/abstract/id.rb:268:in 'Rack::Session::Abstract::Persisted#call'
actionpack (8.1.3) lib/action_dispatch/middleware/cookies.rb:708:in 'ActionDispatch::Cookies#call'
activerecord (8.1.3) lib/active_record/migration.rb:671:in 'ActiveRecord::Migration::CheckPending#call'
actionpack (8.1.3) lib/action_dispatch/middleware/callbacks.rb:31:in 'block in ActionDispatch::Callbacks#call'
activesupport (8.1.3) lib/active_support/callbacks.rb:101:in 'ActiveSupport::Callbacks#run_callbacks'
actionpack (8.1.3) lib/action_dispatch/middleware/callbacks.rb:30:in 'ActionDispatch::Callbacks#call'
actionpack (8.1.3) lib/action_dispatch/middleware/executor.rb:20:in 'ActionDispatch::Executor#call'
actionpack (8.1.3) lib/action_dispatch/middleware/actionable_exceptions.rb:18:in 'ActionDispatch::ActionableExceptions#call'
actionpack (8.1.3) lib/action_dispatch/middleware/debug_exceptions.rb:31:in 'ActionDispatch::DebugExceptions#call'
web-console (4.3.0) lib/web_console/middleware.rb:132:in 'WebConsole::Middleware#call_app'
web-console (4.3.0) lib/web_console/middleware.rb:28:in 'block in WebConsole::Middleware#call'
web-console (4.3.0) lib/web_console/middleware.rb:17:in 'Kernel#catch'
web-console (4.3.0) lib/web_console/middleware.rb:17:in 'WebConsole::Middleware#call'
actionpack (8.1.3) lib/action_dispatch/middleware/show_exceptions.rb:32:in 'ActionDispatch::ShowExceptions#call'
railties (8.1.3) lib/rails/rack/logger.rb:41:in 'Rails::Rack::Logger#call_app'
railties (8.1.3) lib/rails/rack/logger.rb:29:in 'Rails::Rack::Logger#call'
propshaft (1.3.2) lib/propshaft/quiet_assets.rb:11:in 'Propshaft::QuietAssets#call'
actionpack (8.1.3) lib/action_dispatch/middleware/remote_ip.rb:98:in 'ActionDispatch::RemoteIp#call'
actionpack (8.1.3) lib/action_dispatch/middleware/request_id.rb:34:in 'ActionDispatch::RequestId#call'
rack (3.2.6) lib/rack/method_override.rb:28:in 'Rack::MethodOverride#call'
rack (3.2.6) lib/rack/runtime.rb:24:in 'Rack::Runtime#call'
activesupport (8.1.3) lib/active_support/cache/strategy/local_cache_middleware.rb:30:in 'ActiveSupport::Cache::Strategy::LocalCache::Middleware#call'
actionpack (8.1.3) lib/action_dispatch/middleware/server_timing.rb:61:in 'block in ActionDispatch::ServerTiming#call'
actionpack (8.1.3) lib/action_dispatch/middleware/server_timing.rb:26:in 'ActionDispatch::ServerTiming::Subscriber#collect_events'
actionpack (8.1.3) lib/action_dispatch/middleware/server_timing.rb:60:in 'ActionDispatch::ServerTiming#call'
actionpack (8.1.3) lib/action_dispatch/middleware/executor.rb:20:in 'ActionDispatch::Executor#call'
propshaft (1.3.2) lib/propshaft/server.rb:37:in 'Propshaft::Server#call'
actionpack (8.1.3) lib/action_dispatch/middleware/static.rb:27:in 'ActionDispatch::Static#call'
rack (3.2.6) lib/rack/sendfile.rb:131:in 'Rack::Sendfile#call'
actionpack (8.1.3) lib/action_dispatch/middleware/host_authorization.rb:143:in 'ActionDispatch::HostAuthorization#call'
railties (8.1.3) lib/rails/engine.rb:534:in 'Rails::Engine#call'
puma (8.0.2) lib/puma/configuration.rb:305:in 'Puma::Configuration::ConfigMiddleware#call'
puma (8.0.2) lib/puma/response.rb:79:in 'block in Puma::Response#handle_request'
puma (8.0.2) lib/puma/thread_pool.rb:434:in 'Puma::ThreadPool#with_force_shutdown'
puma (8.0.2) lib/puma/response.rb:78:in 'Puma::Response#handle_request'
puma (8.0.2) lib/puma/server.rb:508:in 'Puma::Server#process_client'
puma (8.0.2) lib/puma/server.rb:263:in 'block in Puma::Server#run'
puma (8.0.2) lib/puma/thread_pool.rb:246:in 'block in Puma::ThreadPool#spawn_thread'
Started GET "/service-worker" for ::1 at 2026-06-07 18:18:34 +0300
Processing by Rails::PwaController#service_worker as HTML
Completed 500 Internal Server Error in 1ms (ActiveRecord: 0.0ms (0 queries, 0 cached) | GC: 0.0ms)


  
ActionView::MissingTemplate (Missing template pwa/service-worker with {locale: [:en], formats: [:html], variants: [], handlers: [:raw, :erb, :html, :builder, :ruby, :jbuilder]}.

Searched in:
  * "/home/marwan/.local/share/mise/installs/ruby/3.4.9/lib/ruby/gems/3.4.0/gems/railties-8.1.3/lib/rails/templates"
  * "/mnt/Users/maraw/.0Marwan/.Marwan/ITI/Courses/Ruby/labs/lab3/store/app/views"
  * "/home/marwan/.local/share/mise/installs/ruby/3.4.9/lib/ruby/gems/3.4.0/gems/turbo-rails-2.0.23/app/views"
  * "/home/marwan/.local/share/mise/installs/ruby/3.4.9/lib/ruby/gems/3.4.0/gems/actiontext-8.1.3/app/views"
  * "/home/marwan/.local/share/mise/installs/ruby/3.4.9/lib/ruby/gems/3.4.0/gems/actionmailbox-8.1.3/app/views"
):
  
actionview (8.1.3) lib/action_view/path_set.rb:42:in 'ActionView::PathSet#find'
actionview (8.1.3) lib/action_view/lookup_context.rb:131:in 'ActionView::LookupContext::ViewPaths#find'
actionview (8.1.3) lib/action_view/renderer/template_renderer.rb:49:in 'ActionView::TemplateRenderer#determine_template'
actionview (8.1.3) lib/action_view/renderer/template_renderer.rb:7:in 'ActionView::TemplateRenderer#render'
actionview (8.1.3) lib/action_view/renderer/renderer.rb:58:in 'ActionView::Renderer#render_template_to_object'
actionview (8.1.3) lib/action_view/renderer/renderer.rb:31:in 'ActionView::Renderer#render_to_object'
actionview (8.1.3) lib/action_view/rendering.rb:136:in 'block in ActionView::Rendering#_render_template'
actionview (8.1.3) lib/action_view/base.rb:308:in 'ActionView::Base#in_rendering_context'
actionview (8.1.3) lib/action_view/rendering.rb:135:in 'ActionView::Rendering#_render_template'
actionpack (8.1.3) lib/action_controller/metal/streaming.rb:179:in 'ActionController::Streaming#_render_template'
actionview (8.1.3) lib/action_view/rendering.rb:122:in 'ActionView::Rendering#render_to_body'
actionpack (8.1.3) lib/action_controller/metal/rendering.rb:192:in 'ActionController::Rendering#render_to_body'
actionpack (8.1.3) lib/action_controller/metal/renderers.rb:155:in 'ActionController::Renderers#render_to_body'
actionpack (8.1.3) lib/abstract_controller/rendering.rb:28:in 'AbstractController::Rendering#render'
actionpack (8.1.3) lib/action_controller/metal/rendering.rb:173:in 'ActionController::Rendering#render'
actionpack (8.1.3) lib/action_controller/metal/instrumentation.rb:31:in 'block (2 levels) in ActionController::Instrumentation#render'
activesupport (8.1.3) lib/active_support/benchmark.rb:17:in 'ActiveSupport::Benchmark.realtime'
actionpack (8.1.3) lib/action_controller/metal/instrumentation.rb:31:in 'block in ActionController::Instrumentation#render'
actionpack (8.1.3) lib/action_controller/metal/instrumentation.rb:100:in 'ActionController::Instrumentation#cleanup_view_runtime'
activerecord (8.1.3) lib/active_record/railties/controller_runtime.rb:48:in 'ActiveRecord::Railties::ControllerRuntime#cleanup_view_runtime'
actionpack (8.1.3) lib/action_controller/metal/instrumentation.rb:30:in 'ActionController::Instrumentation#render'
railties (8.1.3) lib/rails/pwa_controller.rb:9:in 'Rails::PwaController#service_worker'
actionpack (8.1.3) lib/action_controller/metal/basic_implicit_render.rb:8:in 'ActionController::BasicImplicitRender#send_action'
actionpack (8.1.3) lib/abstract_controller/base.rb:221:in 'AbstractController::Base#process_action'
actionpack (8.1.3) lib/action_controller/metal/rendering.rb:199:in 'ActionController::Rendering#process_action'
actionpack (8.1.3) lib/abstract_controller/callbacks.rb:267:in 'block in AbstractController::Callbacks#process_action'
activesupport (8.1.3) lib/active_support/callbacks.rb:121:in 'block in ActiveSupport::Callbacks#run_callbacks'
turbo-rails (2.0.23) lib/turbo-rails.rb:24:in 'Turbo.with_request_id'
turbo-rails (2.0.23) app/controllers/concerns/turbo/request_id_tracking.rb:10:in 'Turbo::RequestIdTracking#turbo_tracking_request_id'
activesupport (8.1.3) lib/active_support/callbacks.rb:130:in 'block in ActiveSupport::Callbacks#run_callbacks'
actiontext (8.1.3) lib/action_text/rendering.rb:24:in 'ActionText::Rendering::ClassMethods#with_renderer'
actiontext (8.1.3) lib/action_text/engine.rb:72:in 'block (4 levels) in <class:Engine>'
activesupport (8.1.3) lib/active_support/callbacks.rb:130:in 'BasicObject#instance_exec'
activesupport (8.1.3) lib/active_support/callbacks.rb:130:in 'block in ActiveSupport::Callbacks#run_callbacks'
activesupport (8.1.3) lib/active_support/callbacks.rb:141:in 'ActiveSupport::Callbacks#run_callbacks'
actionpack (8.1.3) lib/abstract_controller/callbacks.rb:266:in 'AbstractController::Callbacks#process_action'
actionpack (8.1.3) lib/action_controller/metal/rescue.rb:36:in 'ActionController::Rescue#process_action'
actionpack (8.1.3) lib/action_controller/metal/instrumentation.rb:76:in 'block in ActionController::Instrumentation#process_action'
activesupport (8.1.3) lib/active_support/notifications.rb:210:in 'block in ActiveSupport::Notifications.instrument'
activesupport (8.1.3) lib/active_support/notifications/instrumenter.rb:58:in 'ActiveSupport::Notifications::Instrumenter#instrument'
activesupport (8.1.3) lib/active_support/notifications.rb:210:in 'ActiveSupport::Notifications.instrument'
actionpack (8.1.3) lib/action_controller/metal/instrumentation.rb:75:in 'ActionController::Instrumentation#process_action'
actionpack (8.1.3) lib/action_controller/metal/params_wrapper.rb:259:in 'ActionController::ParamsWrapper#process_action'
activerecord (8.1.3) lib/active_record/railties/controller_runtime.rb:39:in 'ActiveRecord::Railties::ControllerRuntime#process_action'
actionpack (8.1.3) lib/abstract_controller/base.rb:154:in 'AbstractController::Base#process'
actionview (8.1.3) lib/action_view/rendering.rb:40:in 'ActionView::Rendering#process'
actionpack (8.1.3) lib/action_controller/metal.rb:252:in 'ActionController::Metal#dispatch'
actionpack (8.1.3) lib/action_controller/metal.rb:335:in 'ActionController::Metal.dispatch'
actionpack (8.1.3) lib/action_dispatch/routing/route_set.rb:65:in 'ActionDispatch::Routing::RouteSet::Dispatcher#dispatch'
actionpack (8.1.3) lib/action_dispatch/routing/route_set.rb:50:in 'ActionDispatch::Routing::RouteSet::Dispatcher#serve'
actionpack (8.1.3) lib/action_dispatch/journey/router.rb:35:in 'block in ActionDispatch::Journey::Router#serve'
actionpack (8.1.3) lib/action_dispatch/journey/router.rb:86:in 'block in ActionDispatch::Journey::Router#recognize'
actionpack (8.1.3) lib/action_dispatch/journey/router.rb:66:in 'Array#each'
actionpack (8.1.3) lib/action_dispatch/journey/router.rb:66:in 'ActionDispatch::Journey::Router#recognize'
actionpack (8.1.3) lib/action_dispatch/journey/router.rb:31:in 'ActionDispatch::Journey::Router#serve'
actionpack (8.1.3) lib/action_dispatch/routing/route_set.rb:906:in 'ActionDispatch::Routing::RouteSet#call'
railties (8.1.3) lib/rails/engine/lazy_route_set.rb:60:in 'Rails::Engine::LazyRouteSet#call'
rack (3.2.6) lib/rack/tempfile_reaper.rb:20:in 'Rack::TempfileReaper#call'
rack (3.2.6) lib/rack/etag.rb:29:in 'Rack::ETag#call'
rack (3.2.6) lib/rack/conditional_get.rb:31:in 'Rack::ConditionalGet#call'
rack (3.2.6) lib/rack/head.rb:15:in 'Rack::Head#call'
actionpack (8.1.3) lib/action_dispatch/http/content_security_policy.rb:38:in 'ActionDispatch::ContentSecurityPolicy::Middleware#call'
rack-session (2.1.2) lib/rack/session/abstract/id.rb:274:in 'Rack::Session::Abstract::Persisted#context'
rack-session (2.1.2) lib/rack/session/abstract/id.rb:268:in 'Rack::Session::Abstract::Persisted#call'
actionpack (8.1.3) lib/action_dispatch/middleware/cookies.rb:708:in 'ActionDispatch::Cookies#call'
activerecord (8.1.3) lib/active_record/migration.rb:671:in 'ActiveRecord::Migration::CheckPending#call'
actionpack (8.1.3) lib/action_dispatch/middleware/callbacks.rb:31:in 'block in ActionDispatch::Callbacks#call'
activesupport (8.1.3) lib/active_support/callbacks.rb:101:in 'ActiveSupport::Callbacks#run_callbacks'
actionpack (8.1.3) lib/action_dispatch/middleware/callbacks.rb:30:in 'ActionDispatch::Callbacks#call'
actionpack (8.1.3) lib/action_dispatch/middleware/executor.rb:20:in 'ActionDispatch::Executor#call'
actionpack (8.1.3) lib/action_dispatch/middleware/actionable_exceptions.rb:18:in 'ActionDispatch::ActionableExceptions#call'
actionpack (8.1.3) lib/action_dispatch/middleware/debug_exceptions.rb:31:in 'ActionDispatch::DebugExceptions#call'
web-console (4.3.0) lib/web_console/middleware.rb:132:in 'WebConsole::Middleware#call_app'
web-console (4.3.0) lib/web_console/middleware.rb:28:in 'block in WebConsole::Middleware#call'
web-console (4.3.0) lib/web_console/middleware.rb:17:in 'Kernel#catch'
web-console (4.3.0) lib/web_console/middleware.rb:17:in 'WebConsole::Middleware#call'
actionpack (8.1.3) lib/action_dispatch/middleware/show_exceptions.rb:32:in 'ActionDispatch::ShowExceptions#call'
railties (8.1.3) lib/rails/rack/logger.rb:41:in 'Rails::Rack::Logger#call_app'
railties (8.1.3) lib/rails/rack/logger.rb:29:in 'Rails::Rack::Logger#call'
propshaft (1.3.2) lib/propshaft/quiet_assets.rb:11:in 'Propshaft::QuietAssets#call'
actionpack (8.1.3) lib/action_dispatch/middleware/remote_ip.rb:98:in 'ActionDispatch::RemoteIp#call'
actionpack (8.1.3) lib/action_dispatch/middleware/request_id.rb:34:in 'ActionDispatch::RequestId#call'
rack (3.2.6) lib/rack/method_override.rb:28:in 'Rack::MethodOverride#call'
rack (3.2.6) lib/rack/runtime.rb:24:in 'Rack::Runtime#call'
activesupport (8.1.3) lib/active_support/cache/strategy/local_cache_middleware.rb:30:in 'ActiveSupport::Cache::Strategy::LocalCache::Middleware#call'
actionpack (8.1.3) lib/action_dispatch/middleware/server_timing.rb:61:in 'block in ActionDispatch::ServerTiming#call'
actionpack (8.1.3) lib/action_dispatch/middleware/server_timing.rb:26:in 'ActionDispatch::ServerTiming::Subscriber#collect_events'
actionpack (8.1.3) lib/action_dispatch/middleware/server_timing.rb:60:in 'ActionDispatch::ServerTiming#call'
actionpack (8.1.3) lib/action_dispatch/middleware/executor.rb:20:in 'ActionDispatch::Executor#call'
propshaft (1.3.2) lib/propshaft/server.rb:37:in 'Propshaft::Server#call'
actionpack (8.1.3) lib/action_dispatch/middleware/static.rb:27:in 'ActionDispatch::Static#call'
rack (3.2.6) lib/rack/sendfile.rb:131:in 'Rack::Sendfile#call'
actionpack (8.1.3) lib/action_dispatch/middleware/host_authorization.rb:143:in 'ActionDispatch::HostAuthorization#call'
railties (8.1.3) lib/rails/engine.rb:534:in 'Rails::Engine#call'
puma (8.0.2) lib/puma/configuration.rb:305:in 'Puma::Configuration::ConfigMiddleware#call'
puma (8.0.2) lib/puma/response.rb:79:in 'block in Puma::Response#handle_request'
puma (8.0.2) lib/puma/thread_pool.rb:434:in 'Puma::ThreadPool#with_force_shutdown'
puma (8.0.2) lib/puma/response.rb:78:in 'Puma::Response#handle_request'
puma (8.0.2) lib/puma/server.rb:508:in 'Puma::Server#process_client'
puma (8.0.2) lib/puma/server.rb:263:in 'block in Puma::Server#run'
puma (8.0.2) lib/puma/thread_pool.rb:246:in 'block in Puma::ThreadPool#spawn_thread'
Started GET "/service-worker" for ::1 at 2026-06-07 18:18:34 +0300
Processing by Rails::PwaController#service_worker as HTML
Completed 500 Internal Server Error in 1ms (ActiveRecord: 0.0ms (0 queries, 0 cached) | GC: 0.0ms)


  
ActionView::MissingTemplate (Missing template pwa/service-worker with {locale: [:en], formats: [:html], variants: [], handlers: [:raw, :erb, :html, :builder, :ruby, :jbuilder]}.

Searched in:
  * "/home/marwan/.local/share/mise/installs/ruby/3.4.9/lib/ruby/gems/3.4.0/gems/railties-8.1.3/lib/rails/templates"
  * "/mnt/Users/maraw/.0Marwan/.Marwan/ITI/Courses/Ruby/labs/lab3/store/app/views"
  * "/home/marwan/.local/share/mise/installs/ruby/3.4.9/lib/ruby/gems/3.4.0/gems/turbo-rails-2.0.23/app/views"
  * "/home/marwan/.local/share/mise/installs/ruby/3.4.9/lib/ruby/gems/3.4.0/gems/actiontext-8.1.3/app/views"
  * "/home/marwan/.local/share/mise/installs/ruby/3.4.9/lib/ruby/gems/3.4.0/gems/actionmailbox-8.1.3/app/views"
):
  
actionview (8.1.3) lib/action_view/path_set.rb:42:in 'ActionView::PathSet#find'
actionview (8.1.3) lib/action_view/lookup_context.rb:131:in 'ActionView::LookupContext::ViewPaths#find'
actionview (8.1.3) lib/action_view/renderer/template_renderer.rb:49:in 'ActionView::TemplateRenderer#determine_template'
actionview (8.1.3) lib/action_view/renderer/template_renderer.rb:7:in 'ActionView::TemplateRenderer#render'
actionview (8.1.3) lib/action_view/renderer/renderer.rb:58:in 'ActionView::Renderer#render_template_to_object'
actionview (8.1.3) lib/action_view/renderer/renderer.rb:31:in 'ActionView::Renderer#render_to_object'
actionview (8.1.3) lib/action_view/rendering.rb:136:in 'block in ActionView::Rendering#_render_template'
actionview (8.1.3) lib/action_view/base.rb:308:in 'ActionView::Base#in_rendering_context'
actionview (8.1.3) lib/action_view/rendering.rb:135:in 'ActionView::Rendering#_render_template'
actionpack (8.1.3) lib/action_controller/metal/streaming.rb:179:in 'ActionController::Streaming#_render_template'
actionview (8.1.3) lib/action_view/rendering.rb:122:in 'ActionView::Rendering#render_to_body'
actionpack (8.1.3) lib/action_controller/metal/rendering.rb:192:in 'ActionController::Rendering#render_to_body'
actionpack (8.1.3) lib/action_controller/metal/renderers.rb:155:in 'ActionController::Renderers#render_to_body'
actionpack (8.1.3) lib/abstract_controller/rendering.rb:28:in 'AbstractController::Rendering#render'
actionpack (8.1.3) lib/action_controller/metal/rendering.rb:173:in 'ActionController::Rendering#render'
actionpack (8.1.3) lib/action_controller/metal/instrumentation.rb:31:in 'block (2 levels) in ActionController::Instrumentation#render'
activesupport (8.1.3) lib/active_support/benchmark.rb:17:in 'ActiveSupport::Benchmark.realtime'
actionpack (8.1.3) lib/action_controller/metal/instrumentation.rb:31:in 'block in ActionController::Instrumentation#render'
actionpack (8.1.3) lib/action_controller/metal/instrumentation.rb:100:in 'ActionController::Instrumentation#cleanup_view_runtime'
activerecord (8.1.3) lib/active_record/railties/controller_runtime.rb:48:in 'ActiveRecord::Railties::ControllerRuntime#cleanup_view_runtime'
actionpack (8.1.3) lib/action_controller/metal/instrumentation.rb:30:in 'ActionController::Instrumentation#render'
railties (8.1.3) lib/rails/pwa_controller.rb:9:in 'Rails::PwaController#service_worker'
actionpack (8.1.3) lib/action_controller/metal/basic_implicit_render.rb:8:in 'ActionController::BasicImplicitRender#send_action'
actionpack (8.1.3) lib/abstract_controller/base.rb:221:in 'AbstractController::Base#process_action'
actionpack (8.1.3) lib/action_controller/metal/rendering.rb:199:in 'ActionController::Rendering#process_action'
actionpack (8.1.3) lib/abstract_controller/callbacks.rb:267:in 'block in AbstractController::Callbacks#process_action'
activesupport (8.1.3) lib/active_support/callbacks.rb:121:in 'block in ActiveSupport::Callbacks#run_callbacks'
turbo-rails (2.0.23) lib/turbo-rails.rb:24:in 'Turbo.with_request_id'
turbo-rails (2.0.23) app/controllers/concerns/turbo/request_id_tracking.rb:10:in 'Turbo::RequestIdTracking#turbo_tracking_request_id'
activesupport (8.1.3) lib/active_support/callbacks.rb:130:in 'block in ActiveSupport::Callbacks#run_callbacks'
actiontext (8.1.3) lib/action_text/rendering.rb:24:in 'ActionText::Rendering::ClassMethods#with_renderer'
actiontext (8.1.3) lib/action_text/engine.rb:72:in 'block (4 levels) in <class:Engine>'
activesupport (8.1.3) lib/active_support/callbacks.rb:130:in 'BasicObject#instance_exec'
activesupport (8.1.3) lib/active_support/callbacks.rb:130:in 'block in ActiveSupport::Callbacks#run_callbacks'
activesupport (8.1.3) lib/active_support/callbacks.rb:141:in 'ActiveSupport::Callbacks#run_callbacks'
actionpack (8.1.3) lib/abstract_controller/callbacks.rb:266:in 'AbstractController::Callbacks#process_action'
actionpack (8.1.3) lib/action_controller/metal/rescue.rb:36:in 'ActionController::Rescue#process_action'
actionpack (8.1.3) lib/action_controller/metal/instrumentation.rb:76:in 'block in ActionController::Instrumentation#process_action'
activesupport (8.1.3) lib/active_support/notifications.rb:210:in 'block in ActiveSupport::Notifications.instrument'
activesupport (8.1.3) lib/active_support/notifications/instrumenter.rb:58:in 'ActiveSupport::Notifications::Instrumenter#instrument'
activesupport (8.1.3) lib/active_support/notifications.rb:210:in 'ActiveSupport::Notifications.instrument'
actionpack (8.1.3) lib/action_controller/metal/instrumentation.rb:75:in 'ActionController::Instrumentation#process_action'
actionpack (8.1.3) lib/action_controller/metal/params_wrapper.rb:259:in 'ActionController::ParamsWrapper#process_action'
activerecord (8.1.3) lib/active_record/railties/controller_runtime.rb:39:in 'ActiveRecord::Railties::ControllerRuntime#process_action'
actionpack (8.1.3) lib/abstract_controller/base.rb:154:in 'AbstractController::Base#process'
actionview (8.1.3) lib/action_view/rendering.rb:40:in 'ActionView::Rendering#process'
actionpack (8.1.3) lib/action_controller/metal.rb:252:in 'ActionController::Metal#dispatch'
actionpack (8.1.3) lib/action_controller/metal.rb:335:in 'ActionController::Metal.dispatch'
actionpack (8.1.3) lib/action_dispatch/routing/route_set.rb:65:in 'ActionDispatch::Routing::RouteSet::Dispatcher#dispatch'
actionpack (8.1.3) lib/action_dispatch/routing/route_set.rb:50:in 'ActionDispatch::Routing::RouteSet::Dispatcher#serve'
actionpack (8.1.3) lib/action_dispatch/journey/router.rb:35:in 'block in ActionDispatch::Journey::Router#serve'
actionpack (8.1.3) lib/action_dispatch/journey/router.rb:86:in 'block in ActionDispatch::Journey::Router#recognize'
actionpack (8.1.3) lib/action_dispatch/journey/router.rb:66:in 'Array#each'
actionpack (8.1.3) lib/action_dispatch/journey/router.rb:66:in 'ActionDispatch::Journey::Router#recognize'
actionpack (8.1.3) lib/action_dispatch/journey/router.rb:31:in 'ActionDispatch::Journey::Router#serve'
actionpack (8.1.3) lib/action_dispatch/routing/route_set.rb:906:in 'ActionDispatch::Routing::RouteSet#call'
railties (8.1.3) lib/rails/engine/lazy_route_set.rb:60:in 'Rails::Engine::LazyRouteSet#call'
rack (3.2.6) lib/rack/tempfile_reaper.rb:20:in 'Rack::TempfileReaper#call'
rack (3.2.6) lib/rack/etag.rb:29:in 'Rack::ETag#call'
rack (3.2.6) lib/rack/conditional_get.rb:31:in 'Rack::ConditionalGet#call'
rack (3.2.6) lib/rack/head.rb:15:in 'Rack::Head#call'
actionpack (8.1.3) lib/action_dispatch/http/content_security_policy.rb:38:in 'ActionDispatch::ContentSecurityPolicy::Middleware#call'
rack-session (2.1.2) lib/rack/session/abstract/id.rb:274:in 'Rack::Session::Abstract::Persisted#context'
rack-session (2.1.2) lib/rack/session/abstract/id.rb:268:in 'Rack::Session::Abstract::Persisted#call'
actionpack (8.1.3) lib/action_dispatch/middleware/cookies.rb:708:in 'ActionDispatch::Cookies#call'
activerecord (8.1.3) lib/active_record/migration.rb:671:in 'ActiveRecord::Migration::CheckPending#call'
actionpack (8.1.3) lib/action_dispatch/middleware/callbacks.rb:31:in 'block in ActionDispatch::Callbacks#call'
activesupport (8.1.3) lib/active_support/callbacks.rb:101:in 'ActiveSupport::Callbacks#run_callbacks'
actionpack (8.1.3) lib/action_dispatch/middleware/callbacks.rb:30:in 'ActionDispatch::Callbacks#call'
actionpack (8.1.3) lib/action_dispatch/middleware/executor.rb:20:in 'ActionDispatch::Executor#call'
actionpack (8.1.3) lib/action_dispatch/middleware/actionable_exceptions.rb:18:in 'ActionDispatch::ActionableExceptions#call'
actionpack (8.1.3) lib/action_dispatch/middleware/debug_exceptions.rb:31:in 'ActionDispatch::DebugExceptions#call'
web-console (4.3.0) lib/web_console/middleware.rb:132:in 'WebConsole::Middleware#call_app'
web-console (4.3.0) lib/web_console/middleware.rb:28:in 'block in WebConsole::Middleware#call'
web-console (4.3.0) lib/web_console/middleware.rb:17:in 'Kernel#catch'
web-console (4.3.0) lib/web_console/middleware.rb:17:in 'WebConsole::Middleware#call'
actionpack (8.1.3) lib/action_dispatch/middleware/show_exceptions.rb:32:in 'ActionDispatch::ShowExceptions#call'
railties (8.1.3) lib/rails/rack/logger.rb:41:in 'Rails::Rack::Logger#call_app'
railties (8.1.3) lib/rails/rack/logger.rb:29:in 'Rails::Rack::Logger#call'
propshaft (1.3.2) lib/propshaft/quiet_assets.rb:11:in 'Propshaft::QuietAssets#call'
actionpack (8.1.3) lib/action_dispatch/middleware/remote_ip.rb:98:in 'ActionDispatch::RemoteIp#call'
actionpack (8.1.3) lib/action_dispatch/middleware/request_id.rb:34:in 'ActionDispatch::RequestId#call'
rack (3.2.6) lib/rack/method_override.rb:28:in 'Rack::MethodOverride#call'
rack (3.2.6) lib/rack/runtime.rb:24:in 'Rack::Runtime#call'
activesupport (8.1.3) lib/active_support/cache/strategy/local_cache_middleware.rb:30:in 'ActiveSupport::Cache::Strategy::LocalCache::Middleware#call'
actionpack (8.1.3) lib/action_dispatch/middleware/server_timing.rb:61:in 'block in ActionDispatch::ServerTiming#call'
actionpack (8.1.3) lib/action_dispatch/middleware/server_timing.rb:26:in 'ActionDispatch::ServerTiming::Subscriber#collect_events'
actionpack (8.1.3) lib/action_dispatch/middleware/server_timing.rb:60:in 'ActionDispatch::ServerTiming#call'
actionpack (8.1.3) lib/action_dispatch/middleware/executor.rb:20:in 'ActionDispatch::Executor#call'
propshaft (1.3.2) lib/propshaft/server.rb:37:in 'Propshaft::Server#call'
actionpack (8.1.3) lib/action_dispatch/middleware/static.rb:27:in 'ActionDispatch::Static#call'
rack (3.2.6) lib/rack/sendfile.rb:131:in 'Rack::Sendfile#call'
actionpack (8.1.3) lib/action_dispatch/middleware/host_authorization.rb:143:in 'ActionDispatch::HostAuthorization#call'
railties (8.1.3) lib/rails/engine.rb:534:in 'Rails::Engine#call'
puma (8.0.2) lib/puma/configuration.rb:305:in 'Puma::Configuration::ConfigMiddleware#call'
puma (8.0.2) lib/puma/response.rb:79:in 'block in Puma::Response#handle_request'
puma (8.0.2) lib/puma/thread_pool.rb:434:in 'Puma::ThreadPool#with_force_shutdown'
puma (8.0.2) lib/puma/response.rb:78:in 'Puma::Response#handle_request'
puma (8.0.2) lib/puma/server.rb:508:in 'Puma::Server#process_client'
puma (8.0.2) lib/puma/server.rb:263:in 'block in Puma::Server#run'
puma (8.0.2) lib/puma/thread_pool.rb:246:in 'block in Puma::ThreadPool#spawn_thread'
Started GET "/service-worker" for ::1 at 2026-06-07 18:18:35 +0300
Processing by Rails::PwaController#service_worker as HTML
Completed 500 Internal Server Error in 1ms (ActiveRecord: 0.0ms (0 queries, 0 cached) | GC: 0.0ms)


  
ActionView::MissingTemplate (Missing template pwa/service-worker with {locale: [:en], formats: [:html], variants: [], handlers: [:raw, :erb, :html, :builder, :ruby, :jbuilder]}.

Searched in:
  * "/home/marwan/.local/share/mise/installs/ruby/3.4.9/lib/ruby/gems/3.4.0/gems/railties-8.1.3/lib/rails/templates"
  * "/mnt/Users/maraw/.0Marwan/.Marwan/ITI/Courses/Ruby/labs/lab3/store/app/views"
  * "/home/marwan/.local/share/mise/installs/ruby/3.4.9/lib/ruby/gems/3.4.0/gems/turbo-rails-2.0.23/app/views"
  * "/home/marwan/.local/share/mise/installs/ruby/3.4.9/lib/ruby/gems/3.4.0/gems/actiontext-8.1.3/app/views"
  * "/home/marwan/.local/share/mise/installs/ruby/3.4.9/lib/ruby/gems/3.4.0/gems/actionmailbox-8.1.3/app/views"
):
  
actionview (8.1.3) lib/action_view/path_set.rb:42:in 'ActionView::PathSet#find'
actionview (8.1.3) lib/action_view/lookup_context.rb:131:in 'ActionView::LookupContext::ViewPaths#find'
actionview (8.1.3) lib/action_view/renderer/template_renderer.rb:49:in 'ActionView::TemplateRenderer#determine_template'
actionview (8.1.3) lib/action_view/renderer/template_renderer.rb:7:in 'ActionView::TemplateRenderer#render'
actionview (8.1.3) lib/action_view/renderer/renderer.rb:58:in 'ActionView::Renderer#render_template_to_object'
actionview (8.1.3) lib/action_view/renderer/renderer.rb:31:in 'ActionView::Renderer#render_to_object'
actionview (8.1.3) lib/action_view/rendering.rb:136:in 'block in ActionView::Rendering#_render_template'
actionview (8.1.3) lib/action_view/base.rb:308:in 'ActionView::Base#in_rendering_context'
actionview (8.1.3) lib/action_view/rendering.rb:135:in 'ActionView::Rendering#_render_template'
actionpack (8.1.3) lib/action_controller/metal/streaming.rb:179:in 'ActionController::Streaming#_render_template'
actionview (8.1.3) lib/action_view/rendering.rb:122:in 'ActionView::Rendering#render_to_body'
actionpack (8.1.3) lib/action_controller/metal/rendering.rb:192:in 'ActionController::Rendering#render_to_body'
actionpack (8.1.3) lib/action_controller/metal/renderers.rb:155:in 'ActionController::Renderers#render_to_body'
actionpack (8.1.3) lib/abstract_controller/rendering.rb:28:in 'AbstractController::Rendering#render'
actionpack (8.1.3) lib/action_controller/metal/rendering.rb:173:in 'ActionController::Rendering#render'
actionpack (8.1.3) lib/action_controller/metal/instrumentation.rb:31:in 'block (2 levels) in ActionController::Instrumentation#render'
activesupport (8.1.3) lib/active_support/benchmark.rb:17:in 'ActiveSupport::Benchmark.realtime'
actionpack (8.1.3) lib/action_controller/metal/instrumentation.rb:31:in 'block in ActionController::Instrumentation#render'
actionpack (8.1.3) lib/action_controller/metal/instrumentation.rb:100:in 'ActionController::Instrumentation#cleanup_view_runtime'
activerecord (8.1.3) lib/active_record/railties/controller_runtime.rb:48:in 'ActiveRecord::Railties::ControllerRuntime#cleanup_view_runtime'
actionpack (8.1.3) lib/action_controller/metal/instrumentation.rb:30:in 'ActionController::Instrumentation#render'
railties (8.1.3) lib/rails/pwa_controller.rb:9:in 'Rails::PwaController#service_worker'
actionpack (8.1.3) lib/action_controller/metal/basic_implicit_render.rb:8:in 'ActionController::BasicImplicitRender#send_action'
actionpack (8.1.3) lib/abstract_controller/base.rb:221:in 'AbstractController::Base#process_action'
actionpack (8.1.3) lib/action_controller/metal/rendering.rb:199:in 'ActionController::Rendering#process_action'
actionpack (8.1.3) lib/abstract_controller/callbacks.rb:267:in 'block in AbstractController::Callbacks#process_action'
activesupport (8.1.3) lib/active_support/callbacks.rb:121:in 'block in ActiveSupport::Callbacks#run_callbacks'
turbo-rails (2.0.23) lib/turbo-rails.rb:24:in 'Turbo.with_request_id'
turbo-rails (2.0.23) app/controllers/concerns/turbo/request_id_tracking.rb:10:in 'Turbo::RequestIdTracking#turbo_tracking_request_id'
activesupport (8.1.3) lib/active_support/callbacks.rb:130:in 'block in ActiveSupport::Callbacks#run_callbacks'
actiontext (8.1.3) lib/action_text/rendering.rb:24:in 'ActionText::Rendering::ClassMethods#with_renderer'
actiontext (8.1.3) lib/action_text/engine.rb:72:in 'block (4 levels) in <class:Engine>'
activesupport (8.1.3) lib/active_support/callbacks.rb:130:in 'BasicObject#instance_exec'
activesupport (8.1.3) lib/active_support/callbacks.rb:130:in 'block in ActiveSupport::Callbacks#run_callbacks'
activesupport (8.1.3) lib/active_support/callbacks.rb:141:in 'ActiveSupport::Callbacks#run_callbacks'
actionpack (8.1.3) lib/abstract_controller/callbacks.rb:266:in 'AbstractController::Callbacks#process_action'
actionpack (8.1.3) lib/action_controller/metal/rescue.rb:36:in 'ActionController::Rescue#process_action'
actionpack (8.1.3) lib/action_controller/metal/instrumentation.rb:76:in 'block in ActionController::Instrumentation#process_action'
activesupport (8.1.3) lib/active_support/notifications.rb:210:in 'block in ActiveSupport::Notifications.instrument'
activesupport (8.1.3) lib/active_support/notifications/instrumenter.rb:58:in 'ActiveSupport::Notifications::Instrumenter#instrument'
activesupport (8.1.3) lib/active_support/notifications.rb:210:in 'ActiveSupport::Notifications.instrument'
actionpack (8.1.3) lib/action_controller/metal/instrumentation.rb:75:in 'ActionController::Instrumentation#process_action'
actionpack (8.1.3) lib/action_controller/metal/params_wrapper.rb:259:in 'ActionController::ParamsWrapper#process_action'
activerecord (8.1.3) lib/active_record/railties/controller_runtime.rb:39:in 'ActiveRecord::Railties::ControllerRuntime#process_action'
actionpack (8.1.3) lib/abstract_controller/base.rb:154:in 'AbstractController::Base#process'
actionview (8.1.3) lib/action_view/rendering.rb:40:in 'ActionView::Rendering#process'
actionpack (8.1.3) lib/action_controller/metal.rb:252:in 'ActionController::Metal#dispatch'
actionpack (8.1.3) lib/action_controller/metal.rb:335:in 'ActionController::Metal.dispatch'
actionpack (8.1.3) lib/action_dispatch/routing/route_set.rb:65:in 'ActionDispatch::Routing::RouteSet::Dispatcher#dispatch'
actionpack (8.1.3) lib/action_dispatch/routing/route_set.rb:50:in 'ActionDispatch::Routing::RouteSet::Dispatcher#serve'
actionpack (8.1.3) lib/action_dispatch/journey/router.rb:35:in 'block in ActionDispatch::Journey::Router#serve'
actionpack (8.1.3) lib/action_dispatch/journey/router.rb:86:in 'block in ActionDispatch::Journey::Router#recognize'
actionpack (8.1.3) lib/action_dispatch/journey/router.rb:66:in 'Array#each'
actionpack (8.1.3) lib/action_dispatch/journey/router.rb:66:in 'ActionDispatch::Journey::Router#recognize'
actionpack (8.1.3) lib/action_dispatch/journey/router.rb:31:in 'ActionDispatch::Journey::Router#serve'
actionpack (8.1.3) lib/action_dispatch/routing/route_set.rb:906:in 'ActionDispatch::Routing::RouteSet#call'
railties (8.1.3) lib/rails/engine/lazy_route_set.rb:60:in 'Rails::Engine::LazyRouteSet#call'
rack (3.2.6) lib/rack/tempfile_reaper.rb:20:in 'Rack::TempfileReaper#call'
rack (3.2.6) lib/rack/etag.rb:29:in 'Rack::ETag#call'
rack (3.2.6) lib/rack/conditional_get.rb:31:in 'Rack::ConditionalGet#call'
rack (3.2.6) lib/rack/head.rb:15:in 'Rack::Head#call'
actionpack (8.1.3) lib/action_dispatch/http/content_security_policy.rb:38:in 'ActionDispatch::ContentSecurityPolicy::Middleware#call'
rack-session (2.1.2) lib/rack/session/abstract/id.rb:274:in 'Rack::Session::Abstract::Persisted#context'
rack-session (2.1.2) lib/rack/session/abstract/id.rb:268:in 'Rack::Session::Abstract::Persisted#call'
actionpack (8.1.3) lib/action_dispatch/middleware/cookies.rb:708:in 'ActionDispatch::Cookies#call'
activerecord (8.1.3) lib/active_record/migration.rb:671:in 'ActiveRecord::Migration::CheckPending#call'
actionpack (8.1.3) lib/action_dispatch/middleware/callbacks.rb:31:in 'block in ActionDispatch::Callbacks#call'
activesupport (8.1.3) lib/active_support/callbacks.rb:101:in 'ActiveSupport::Callbacks#run_callbacks'
actionpack (8.1.3) lib/action_dispatch/middleware/callbacks.rb:30:in 'ActionDispatch::Callbacks#call'
actionpack (8.1.3) lib/action_dispatch/middleware/executor.rb:20:in 'ActionDispatch::Executor#call'
actionpack (8.1.3) lib/action_dispatch/middleware/actionable_exceptions.rb:18:in 'ActionDispatch::ActionableExceptions#call'
actionpack (8.1.3) lib/action_dispatch/middleware/debug_exceptions.rb:31:in 'ActionDispatch::DebugExceptions#call'
web-console (4.3.0) lib/web_console/middleware.rb:132:in 'WebConsole::Middleware#call_app'
web-console (4.3.0) lib/web_console/middleware.rb:28:in 'block in WebConsole::Middleware#call'
web-console (4.3.0) lib/web_console/middleware.rb:17:in 'Kernel#catch'
web-console (4.3.0) lib/web_console/middleware.rb:17:in 'WebConsole::Middleware#call'
actionpack (8.1.3) lib/action_dispatch/middleware/show_exceptions.rb:32:in 'ActionDispatch::ShowExceptions#call'
railties (8.1.3) lib/rails/rack/logger.rb:41:in 'Rails::Rack::Logger#call_app'
railties (8.1.3) lib/rails/rack/logger.rb:29:in 'Rails::Rack::Logger#call'
propshaft (1.3.2) lib/propshaft/quiet_assets.rb:11:in 'Propshaft::QuietAssets#call'
actionpack (8.1.3) lib/action_dispatch/middleware/remote_ip.rb:98:in 'ActionDispatch::RemoteIp#call'
actionpack (8.1.3) lib/action_dispatch/middleware/request_id.rb:34:in 'ActionDispatch::RequestId#call'
rack (3.2.6) lib/rack/method_override.rb:28:in 'Rack::MethodOverride#call'
rack (3.2.6) lib/rack/runtime.rb:24:in 'Rack::Runtime#call'
activesupport (8.1.3) lib/active_support/cache/strategy/local_cache_middleware.rb:30:in 'ActiveSupport::Cache::Strategy::LocalCache::Middleware#call'
actionpack (8.1.3) lib/action_dispatch/middleware/server_timing.rb:61:in 'block in ActionDispatch::ServerTiming#call'
actionpack (8.1.3) lib/action_dispatch/middleware/server_timing.rb:26:in 'ActionDispatch::ServerTiming::Subscriber#collect_events'
actionpack (8.1.3) lib/action_dispatch/middleware/server_timing.rb:60:in 'ActionDispatch::ServerTiming#call'
actionpack (8.1.3) lib/action_dispatch/middleware/executor.rb:20:in 'ActionDispatch::Executor#call'
propshaft (1.3.2) lib/propshaft/server.rb:37:in 'Propshaft::Server#call'
actionpack (8.1.3) lib/action_dispatch/middleware/static.rb:27:in 'ActionDispatch::Static#call'
rack (3.2.6) lib/rack/sendfile.rb:131:in 'Rack::Sendfile#call'
actionpack (8.1.3) lib/action_dispatch/middleware/host_authorization.rb:143:in 'ActionDispatch::HostAuthorization#call'
railties (8.1.3) lib/rails/engine.rb:534:in 'Rails::Engine#call'
puma (8.0.2) lib/puma/configuration.rb:305:in 'Puma::Configuration::ConfigMiddleware#call'
puma (8.0.2) lib/puma/response.rb:79:in 'block in Puma::Response#handle_request'
puma (8.0.2) lib/puma/thread_pool.rb:434:in 'Puma::ThreadPool#with_force_shutdown'
puma (8.0.2) lib/puma/response.rb:78:in 'Puma::Response#handle_request'
puma (8.0.2) lib/puma/server.rb:508:in 'Puma::Server#process_client'
puma (8.0.2) lib/puma/server.rb:263:in 'block in Puma::Server#run'
puma (8.0.2) lib/puma/thread_pool.rb:246:in 'block in Puma::ThreadPool#spawn_thread'
Started GET "/service-worker" for ::1 at 2026-06-07 18:18:35 +0300
Processing by Rails::PwaController#service_worker as HTML
Completed 500 Internal Server Error in 1ms (ActiveRecord: 0.0ms (0 queries, 0 cached) | GC: 0.0ms)


  
ActionView::MissingTemplate (Missing template pwa/service-worker with {locale: [:en], formats: [:html], variants: [], handlers: [:raw, :erb, :html, :builder, :ruby, :jbuilder]}.

Searched in:
  * "/home/marwan/.local/share/mise/installs/ruby/3.4.9/lib/ruby/gems/3.4.0/gems/railties-8.1.3/lib/rails/templates"
  * "/mnt/Users/maraw/.0Marwan/.Marwan/ITI/Courses/Ruby/labs/lab3/store/app/views"
  * "/home/marwan/.local/share/mise/installs/ruby/3.4.9/lib/ruby/gems/3.4.0/gems/turbo-rails-2.0.23/app/views"
  * "/home/marwan/.local/share/mise/installs/ruby/3.4.9/lib/ruby/gems/3.4.0/gems/actiontext-8.1.3/app/views"
  * "/home/marwan/.local/share/mise/installs/ruby/3.4.9/lib/ruby/gems/3.4.0/gems/actionmailbox-8.1.3/app/views"
):
  
actionview (8.1.3) lib/action_view/path_set.rb:42:in 'ActionView::PathSet#find'
actionview (8.1.3) lib/action_view/lookup_context.rb:131:in 'ActionView::LookupContext::ViewPaths#find'
actionview (8.1.3) lib/action_view/renderer/template_renderer.rb:49:in 'ActionView::TemplateRenderer#determine_template'
actionview (8.1.3) lib/action_view/renderer/template_renderer.rb:7:in 'ActionView::TemplateRenderer#render'
actionview (8.1.3) lib/action_view/renderer/renderer.rb:58:in 'ActionView::Renderer#render_template_to_object'
actionview (8.1.3) lib/action_view/renderer/renderer.rb:31:in 'ActionView::Renderer#render_to_object'
actionview (8.1.3) lib/action_view/rendering.rb:136:in 'block in ActionView::Rendering#_render_template'
actionview (8.1.3) lib/action_view/base.rb:308:in 'ActionView::Base#in_rendering_context'
actionview (8.1.3) lib/action_view/rendering.rb:135:in 'ActionView::Rendering#_render_template'
actionpack (8.1.3) lib/action_controller/metal/streaming.rb:179:in 'ActionController::Streaming#_render_template'
actionview (8.1.3) lib/action_view/rendering.rb:122:in 'ActionView::Rendering#render_to_body'
actionpack (8.1.3) lib/action_controller/metal/rendering.rb:192:in 'ActionController::Rendering#render_to_body'
actionpack (8.1.3) lib/action_controller/metal/renderers.rb:155:in 'ActionController::Renderers#render_to_body'
actionpack (8.1.3) lib/abstract_controller/rendering.rb:28:in 'AbstractController::Rendering#render'
actionpack (8.1.3) lib/action_controller/metal/rendering.rb:173:in 'ActionController::Rendering#render'
actionpack (8.1.3) lib/action_controller/metal/instrumentation.rb:31:in 'block (2 levels) in ActionController::Instrumentation#render'
activesupport (8.1.3) lib/active_support/benchmark.rb:17:in 'ActiveSupport::Benchmark.realtime'
actionpack (8.1.3) lib/action_controller/metal/instrumentation.rb:31:in 'block in ActionController::Instrumentation#render'
actionpack (8.1.3) lib/action_controller/metal/instrumentation.rb:100:in 'ActionController::Instrumentation#cleanup_view_runtime'
activerecord (8.1.3) lib/active_record/railties/controller_runtime.rb:48:in 'ActiveRecord::Railties::ControllerRuntime#cleanup_view_runtime'
actionpack (8.1.3) lib/action_controller/metal/instrumentation.rb:30:in 'ActionController::Instrumentation#render'
railties (8.1.3) lib/rails/pwa_controller.rb:9:in 'Rails::PwaController#service_worker'
actionpack (8.1.3) lib/action_controller/metal/basic_implicit_render.rb:8:in 'ActionController::BasicImplicitRender#send_action'
actionpack (8.1.3) lib/abstract_controller/base.rb:221:in 'AbstractController::Base#process_action'
actionpack (8.1.3) lib/action_controller/metal/rendering.rb:199:in 'ActionController::Rendering#process_action'
actionpack (8.1.3) lib/abstract_controller/callbacks.rb:267:in 'block in AbstractController::Callbacks#process_action'
activesupport (8.1.3) lib/active_support/callbacks.rb:121:in 'block in ActiveSupport::Callbacks#run_callbacks'
turbo-rails (2.0.23) lib/turbo-rails.rb:24:in 'Turbo.with_request_id'
turbo-rails (2.0.23) app/controllers/concerns/turbo/request_id_tracking.rb:10:in 'Turbo::RequestIdTracking#turbo_tracking_request_id'
activesupport (8.1.3) lib/active_support/callbacks.rb:130:in 'block in ActiveSupport::Callbacks#run_callbacks'
actiontext (8.1.3) lib/action_text/rendering.rb:24:in 'ActionText::Rendering::ClassMethods#with_renderer'
actiontext (8.1.3) lib/action_text/engine.rb:72:in 'block (4 levels) in <class:Engine>'
activesupport (8.1.3) lib/active_support/callbacks.rb:130:in 'BasicObject#instance_exec'
activesupport (8.1.3) lib/active_support/callbacks.rb:130:in 'block in ActiveSupport::Callbacks#run_callbacks'
activesupport (8.1.3) lib/active_support/callbacks.rb:141:in 'ActiveSupport::Callbacks#run_callbacks'
actionpack (8.1.3) lib/abstract_controller/callbacks.rb:266:in 'AbstractController::Callbacks#process_action'
actionpack (8.1.3) lib/action_controller/metal/rescue.rb:36:in 'ActionController::Rescue#process_action'
actionpack (8.1.3) lib/action_controller/metal/instrumentation.rb:76:in 'block in ActionController::Instrumentation#process_action'
activesupport (8.1.3) lib/active_support/notifications.rb:210:in 'block in ActiveSupport::Notifications.instrument'
activesupport (8.1.3) lib/active_support/notifications/instrumenter.rb:58:in 'ActiveSupport::Notifications::Instrumenter#instrument'
activesupport (8.1.3) lib/active_support/notifications.rb:210:in 'ActiveSupport::Notifications.instrument'
actionpack (8.1.3) lib/action_controller/metal/instrumentation.rb:75:in 'ActionController::Instrumentation#process_action'
actionpack (8.1.3) lib/action_controller/metal/params_wrapper.rb:259:in 'ActionController::ParamsWrapper#process_action'
activerecord (8.1.3) lib/active_record/railties/controller_runtime.rb:39:in 'ActiveRecord::Railties::ControllerRuntime#process_action'
actionpack (8.1.3) lib/abstract_controller/base.rb:154:in 'AbstractController::Base#process'
actionview (8.1.3) lib/action_view/rendering.rb:40:in 'ActionView::Rendering#process'
actionpack (8.1.3) lib/action_controller/metal.rb:252:in 'ActionController::Metal#dispatch'
actionpack (8.1.3) lib/action_controller/metal.rb:335:in 'ActionController::Metal.dispatch'
actionpack (8.1.3) lib/action_dispatch/routing/route_set.rb:65:in 'ActionDispatch::Routing::RouteSet::Dispatcher#dispatch'
actionpack (8.1.3) lib/action_dispatch/routing/route_set.rb:50:in 'ActionDispatch::Routing::RouteSet::Dispatcher#serve'
actionpack (8.1.3) lib/action_dispatch/journey/router.rb:35:in 'block in ActionDispatch::Journey::Router#serve'
actionpack (8.1.3) lib/action_dispatch/journey/router.rb:86:in 'block in ActionDispatch::Journey::Router#recognize'
actionpack (8.1.3) lib/action_dispatch/journey/router.rb:66:in 'Array#each'
actionpack (8.1.3) lib/action_dispatch/journey/router.rb:66:in 'ActionDispatch::Journey::Router#recognize'
actionpack (8.1.3) lib/action_dispatch/journey/router.rb:31:in 'ActionDispatch::Journey::Router#serve'
actionpack (8.1.3) lib/action_dispatch/routing/route_set.rb:906:in 'ActionDispatch::Routing::RouteSet#call'
railties (8.1.3) lib/rails/engine/lazy_route_set.rb:60:in 'Rails::Engine::LazyRouteSet#call'
rack (3.2.6) lib/rack/tempfile_reaper.rb:20:in 'Rack::TempfileReaper#call'
rack (3.2.6) lib/rack/etag.rb:29:in 'Rack::ETag#call'
rack (3.2.6) lib/rack/conditional_get.rb:31:in 'Rack::ConditionalGet#call'
rack (3.2.6) lib/rack/head.rb:15:in 'Rack::Head#call'
actionpack (8.1.3) lib/action_dispatch/http/content_security_policy.rb:38:in 'ActionDispatch::ContentSecurityPolicy::Middleware#call'
rack-session (2.1.2) lib/rack/session/abstract/id.rb:274:in 'Rack::Session::Abstract::Persisted#context'
rack-session (2.1.2) lib/rack/session/abstract/id.rb:268:in 'Rack::Session::Abstract::Persisted#call'
actionpack (8.1.3) lib/action_dispatch/middleware/cookies.rb:708:in 'ActionDispatch::Cookies#call'
activerecord (8.1.3) lib/active_record/migration.rb:671:in 'ActiveRecord::Migration::CheckPending#call'
actionpack (8.1.3) lib/action_dispatch/middleware/callbacks.rb:31:in 'block in ActionDispatch::Callbacks#call'
activesupport (8.1.3) lib/active_support/callbacks.rb:101:in 'ActiveSupport::Callbacks#run_callbacks'
actionpack (8.1.3) lib/action_dispatch/middleware/callbacks.rb:30:in 'ActionDispatch::Callbacks#call'
actionpack (8.1.3) lib/action_dispatch/middleware/executor.rb:20:in 'ActionDispatch::Executor#call'
actionpack (8.1.3) lib/action_dispatch/middleware/actionable_exceptions.rb:18:in 'ActionDispatch::ActionableExceptions#call'
actionpack (8.1.3) lib/action_dispatch/middleware/debug_exceptions.rb:31:in 'ActionDispatch::DebugExceptions#call'
web-console (4.3.0) lib/web_console/middleware.rb:132:in 'WebConsole::Middleware#call_app'
web-console (4.3.0) lib/web_console/middleware.rb:28:in 'block in WebConsole::Middleware#call'
web-console (4.3.0) lib/web_console/middleware.rb:17:in 'Kernel#catch'
web-console (4.3.0) lib/web_console/middleware.rb:17:in 'WebConsole::Middleware#call'
actionpack (8.1.3) lib/action_dispatch/middleware/show_exceptions.rb:32:in 'ActionDispatch::ShowExceptions#call'
railties (8.1.3) lib/rails/rack/logger.rb:41:in 'Rails::Rack::Logger#call_app'
railties (8.1.3) lib/rails/rack/logger.rb:29:in 'Rails::Rack::Logger#call'
propshaft (1.3.2) lib/propshaft/quiet_assets.rb:11:in 'Propshaft::QuietAssets#call'
actionpack (8.1.3) lib/action_dispatch/middleware/remote_ip.rb:98:in 'ActionDispatch::RemoteIp#call'
actionpack (8.1.3) lib/action_dispatch/middleware/request_id.rb:34:in 'ActionDispatch::RequestId#call'
rack (3.2.6) lib/rack/method_override.rb:28:in 'Rack::MethodOverride#call'
rack (3.2.6) lib/rack/runtime.rb:24:in 'Rack::Runtime#call'
activesupport (8.1.3) lib/active_support/cache/strategy/local_cache_middleware.rb:30:in 'ActiveSupport::Cache::Strategy::LocalCache::Middleware#call'
actionpack (8.1.3) lib/action_dispatch/middleware/server_timing.rb:61:in 'block in ActionDispatch::ServerTiming#call'
actionpack (8.1.3) lib/action_dispatch/middleware/server_timing.rb:26:in 'ActionDispatch::ServerTiming::Subscriber#collect_events'
actionpack (8.1.3) lib/action_dispatch/middleware/server_timing.rb:60:in 'ActionDispatch::ServerTiming#call'
actionpack (8.1.3) lib/action_dispatch/middleware/executor.rb:20:in 'ActionDispatch::Executor#call'
propshaft (1.3.2) lib/propshaft/server.rb:37:in 'Propshaft::Server#call'
actionpack (8.1.3) lib/action_dispatch/middleware/static.rb:27:in 'ActionDispatch::Static#call'
rack (3.2.6) lib/rack/sendfile.rb:131:in 'Rack::Sendfile#call'
actionpack (8.1.3) lib/action_dispatch/middleware/host_authorization.rb:143:in 'ActionDispatch::HostAuthorization#call'
railties (8.1.3) lib/rails/engine.rb:534:in 'Rails::Engine#call'
puma (8.0.2) lib/puma/configuration.rb:305:in 'Puma::Configuration::ConfigMiddleware#call'
puma (8.0.2) lib/puma/response.rb:79:in 'block in Puma::Response#handle_request'
puma (8.0.2) lib/puma/thread_pool.rb:434:in 'Puma::ThreadPool#with_force_shutdown'
puma (8.0.2) lib/puma/response.rb:78:in 'Puma::Response#handle_request'
puma (8.0.2) lib/puma/server.rb:508:in 'Puma::Server#process_client'
puma (8.0.2) lib/puma/server.rb:263:in 'block in Puma::Server#run'
puma (8.0.2) lib/puma/thread_pool.rb:246:in 'block in Puma::ThreadPool#spawn_thread'
Started GET "/products" for ::1 at 2026-06-07 18:19:50 +0300
  [1m[36mActiveRecord::SchemaMigration Load (0.2ms)[0m  [1m[34mSELECT "schema_migrations"."version" FROM "schema_migrations" ORDER BY "schema_migrations"."version" ASC /*application='Store'*/[0m
  
ActionDispatch::MissingController (uninitialized constant ProductsController)
Caused by: NameError (uninitialized constant ProductsController)

Information for: ActionDispatch::MissingController (uninitialized constant ProductsController):
  
actionpack (8.1.3) lib/action_dispatch/http/request.rb:101:in 'ActionDispatch::Request#controller_class_for'
actionpack (8.1.3) lib/action_dispatch/http/request.rb:90:in 'ActionDispatch::Request#controller_class'
actionpack (8.1.3) lib/action_dispatch/routing/route_set.rb:61:in 'ActionDispatch::Routing::RouteSet::Dispatcher#controller'
actionpack (8.1.3) lib/action_dispatch/routing/route_set.rb:48:in 'ActionDispatch::Routing::RouteSet::Dispatcher#serve'
actionpack (8.1.3) lib/action_dispatch/journey/router.rb:35:in 'block in ActionDispatch::Journey::Router#serve'
actionpack (8.1.3) lib/action_dispatch/journey/router.rb:86:in 'block in ActionDispatch::Journey::Router#recognize'
actionpack (8.1.3) lib/action_dispatch/journey/router.rb:66:in 'Array#each'
actionpack (8.1.3) lib/action_dispatch/journey/router.rb:66:in 'ActionDispatch::Journey::Router#recognize'
actionpack (8.1.3) lib/action_dispatch/journey/router.rb:31:in 'ActionDispatch::Journey::Router#serve'
actionpack (8.1.3) lib/action_dispatch/routing/route_set.rb:906:in 'ActionDispatch::Routing::RouteSet#call'
railties (8.1.3) lib/rails/engine/lazy_route_set.rb:60:in 'Rails::Engine::LazyRouteSet#call'
rack (3.2.6) lib/rack/tempfile_reaper.rb:20:in 'Rack::TempfileReaper#call'
rack (3.2.6) lib/rack/etag.rb:29:in 'Rack::ETag#call'
rack (3.2.6) lib/rack/conditional_get.rb:31:in 'Rack::ConditionalGet#call'
rack (3.2.6) lib/rack/head.rb:15:in 'Rack::Head#call'
actionpack (8.1.3) lib/action_dispatch/http/content_security_policy.rb:38:in 'ActionDispatch::ContentSecurityPolicy::Middleware#call'
rack-session (2.1.2) lib/rack/session/abstract/id.rb:274:in 'Rack::Session::Abstract::Persisted#context'
rack-session (2.1.2) lib/rack/session/abstract/id.rb:268:in 'Rack::Session::Abstract::Persisted#call'
actionpack (8.1.3) lib/action_dispatch/middleware/cookies.rb:708:in 'ActionDispatch::Cookies#call'
activerecord (8.1.3) lib/active_record/migration.rb:671:in 'ActiveRecord::Migration::CheckPending#call'
actionpack (8.1.3) lib/action_dispatch/middleware/callbacks.rb:31:in 'block in ActionDispatch::Callbacks#call'
activesupport (8.1.3) lib/active_support/callbacks.rb:101:in 'ActiveSupport::Callbacks#run_callbacks'
actionpack (8.1.3) lib/action_dispatch/middleware/callbacks.rb:30:in 'ActionDispatch::Callbacks#call'
actionpack (8.1.3) lib/action_dispatch/middleware/executor.rb:20:in 'ActionDispatch::Executor#call'
actionpack (8.1.3) lib/action_dispatch/middleware/actionable_exceptions.rb:18:in 'ActionDispatch::ActionableExceptions#call'
actionpack (8.1.3) lib/action_dispatch/middleware/debug_exceptions.rb:31:in 'ActionDispatch::DebugExceptions#call'
web-console (4.3.0) lib/web_console/middleware.rb:132:in 'WebConsole::Middleware#call_app'
web-console (4.3.0) lib/web_console/middleware.rb:28:in 'block in WebConsole::Middleware#call'
web-console (4.3.0) lib/web_console/middleware.rb:17:in 'Kernel#catch'
web-console (4.3.0) lib/web_console/middleware.rb:17:in 'WebConsole::Middleware#call'
actionpack (8.1.3) lib/action_dispatch/middleware/show_exceptions.rb:32:in 'ActionDispatch::ShowExceptions#call'
railties (8.1.3) lib/rails/rack/logger.rb:41:in 'Rails::Rack::Logger#call_app'
railties (8.1.3) lib/rails/rack/logger.rb:29:in 'Rails::Rack::Logger#call'
propshaft (1.3.2) lib/propshaft/quiet_assets.rb:11:in 'Propshaft::QuietAssets#call'
actionpack (8.1.3) lib/action_dispatch/middleware/remote_ip.rb:98:in 'ActionDispatch::RemoteIp#call'
actionpack (8.1.3) lib/action_dispatch/middleware/request_id.rb:34:in 'ActionDispatch::RequestId#call'
rack (3.2.6) lib/rack/method_override.rb:28:in 'Rack::MethodOverride#call'
rack (3.2.6) lib/rack/runtime.rb:24:in 'Rack::Runtime#call'
activesupport (8.1.3) lib/active_support/cache/strategy/local_cache_middleware.rb:30:in 'ActiveSupport::Cache::Strategy::LocalCache::Middleware#call'
actionpack (8.1.3) lib/action_dispatch/middleware/server_timing.rb:61:in 'block in ActionDispatch::ServerTiming#call'
actionpack (8.1.3) lib/action_dispatch/middleware/server_timing.rb:26:in 'ActionDispatch::ServerTiming::Subscriber#collect_events'
actionpack (8.1.3) lib/action_dispatch/middleware/server_timing.rb:60:in 'ActionDispatch::ServerTiming#call'
actionpack (8.1.3) lib/action_dispatch/middleware/executor.rb:20:in 'ActionDispatch::Executor#call'
propshaft (1.3.2) lib/propshaft/server.rb:37:in 'Propshaft::Server#call'
actionpack (8.1.3) lib/action_dispatch/middleware/static.rb:27:in 'ActionDispatch::Static#call'
rack (3.2.6) lib/rack/sendfile.rb:131:in 'Rack::Sendfile#call'
actionpack (8.1.3) lib/action_dispatch/middleware/host_authorization.rb:143:in 'ActionDispatch::HostAuthorization#call'
railties (8.1.3) lib/rails/engine.rb:534:in 'Rails::Engine#call'
puma (8.0.2) lib/puma/configuration.rb:305:in 'Puma::Configuration::ConfigMiddleware#call'
puma (8.0.2) lib/puma/response.rb:79:in 'block in Puma::Response#handle_request'
puma (8.0.2) lib/puma/thread_pool.rb:434:in 'Puma::ThreadPool#with_force_shutdown'
puma (8.0.2) lib/puma/response.rb:78:in 'Puma::Response#handle_request'
puma (8.0.2) lib/puma/server.rb:508:in 'Puma::Server#process_client'
puma (8.0.2) lib/puma/server.rb:263:in 'block in Puma::Server#run'
puma (8.0.2) lib/puma/thread_pool.rb:246:in 'block in Puma::ThreadPool#spawn_thread'

Information for cause: NameError (uninitialized constant ProductsController):
  
activesupport (8.1.3) lib/active_support/inflector/methods.rb:290:in 'ActiveSupport::Inflector#constantize'
activesupport (8.1.3) lib/active_support/core_ext/string/inflections.rb:74:in 'String#constantize'
actionpack (8.1.3) lib/action_dispatch/http/request.rb:98:in 'ActionDispatch::Request#controller_class_for'
actionpack (8.1.3) lib/action_dispatch/http/request.rb:90:in 'ActionDispatch::Request#controller_class'
actionpack (8.1.3) lib/action_dispatch/routing/route_set.rb:61:in 'ActionDispatch::Routing::RouteSet::Dispatcher#controller'
actionpack (8.1.3) lib/action_dispatch/routing/route_set.rb:48:in 'ActionDispatch::Routing::RouteSet::Dispatcher#serve'
actionpack (8.1.3) lib/action_dispatch/journey/router.rb:35:in 'block in ActionDispatch::Journey::Router#serve'
actionpack (8.1.3) lib/action_dispatch/journey/router.rb:86:in 'block in ActionDispatch::Journey::Router#recognize'
actionpack (8.1.3) lib/action_dispatch/journey/router.rb:66:in 'Array#each'
actionpack (8.1.3) lib/action_dispatch/journey/router.rb:66:in 'ActionDispatch::Journey::Router#recognize'
actionpack (8.1.3) lib/action_dispatch/journey/router.rb:31:in 'ActionDispatch::Journey::Router#serve'
actionpack (8.1.3) lib/action_dispatch/routing/route_set.rb:906:in 'ActionDispatch::Routing::RouteSet#call'
railties (8.1.3) lib/rails/engine/lazy_route_set.rb:60:in 'Rails::Engine::LazyRouteSet#call'
rack (3.2.6) lib/rack/tempfile_reaper.rb:20:in 'Rack::TempfileReaper#call'
rack (3.2.6) lib/rack/etag.rb:29:in 'Rack::ETag#call'
rack (3.2.6) lib/rack/conditional_get.rb:31:in 'Rack::ConditionalGet#call'
rack (3.2.6) lib/rack/head.rb:15:in 'Rack::Head#call'
actionpack (8.1.3) lib/action_dispatch/http/content_security_policy.rb:38:in 'ActionDispatch::ContentSecurityPolicy::Middleware#call'
rack-session (2.1.2) lib/rack/session/abstract/id.rb:274:in 'Rack::Session::Abstract::Persisted#context'
rack-session (2.1.2) lib/rack/session/abstract/id.rb:268:in 'Rack::Session::Abstract::Persisted#call'
actionpack (8.1.3) lib/action_dispatch/middleware/cookies.rb:708:in 'ActionDispatch::Cookies#call'
activerecord (8.1.3) lib/active_record/migration.rb:671:in 'ActiveRecord::Migration::CheckPending#call'
actionpack (8.1.3) lib/action_dispatch/middleware/callbacks.rb:31:in 'block in ActionDispatch::Callbacks#call'
activesupport (8.1.3) lib/active_support/callbacks.rb:101:in 'ActiveSupport::Callbacks#run_callbacks'
actionpack (8.1.3) lib/action_dispatch/middleware/callbacks.rb:30:in 'ActionDispatch::Callbacks#call'
actionpack (8.1.3) lib/action_dispatch/middleware/executor.rb:20:in 'ActionDispatch::Executor#call'
actionpack (8.1.3) lib/action_dispatch/middleware/actionable_exceptions.rb:18:in 'ActionDispatch::ActionableExceptions#call'
actionpack (8.1.3) lib/action_dispatch/middleware/debug_exceptions.rb:31:in 'ActionDispatch::DebugExceptions#call'
web-console (4.3.0) lib/web_console/middleware.rb:132:in 'WebConsole::Middleware#call_app'
web-console (4.3.0) lib/web_console/middleware.rb:28:in 'block in WebConsole::Middleware#call'
web-console (4.3.0) lib/web_console/middleware.rb:17:in 'Kernel#catch'
web-console (4.3.0) lib/web_console/middleware.rb:17:in 'WebConsole::Middleware#call'
actionpack (8.1.3) lib/action_dispatch/middleware/show_exceptions.rb:32:in 'ActionDispatch::ShowExceptions#call'
railties (8.1.3) lib/rails/rack/logger.rb:41:in 'Rails::Rack::Logger#call_app'
railties (8.1.3) lib/rails/rack/logger.rb:29:in 'Rails::Rack::Logger#call'
propshaft (1.3.2) lib/propshaft/quiet_assets.rb:11:in 'Propshaft::QuietAssets#call'
actionpack (8.1.3) lib/action_dispatch/middleware/remote_ip.rb:98:in 'ActionDispatch::RemoteIp#call'
actionpack (8.1.3) lib/action_dispatch/middleware/request_id.rb:34:in 'ActionDispatch::RequestId#call'
rack (3.2.6) lib/rack/method_override.rb:28:in 'Rack::MethodOverride#call'
rack (3.2.6) lib/rack/runtime.rb:24:in 'Rack::Runtime#call'
activesupport (8.1.3) lib/active_support/cache/strategy/local_cache_middleware.rb:30:in 'ActiveSupport::Cache::Strategy::LocalCache::Middleware#call'
actionpack (8.1.3) lib/action_dispatch/middleware/server_timing.rb:61:in 'block in ActionDispatch::ServerTiming#call'
actionpack (8.1.3) lib/action_dispatch/middleware/server_timing.rb:26:in 'ActionDispatch::ServerTiming::Subscriber#collect_events'
actionpack (8.1.3) lib/action_dispatch/middleware/server_timing.rb:60:in 'ActionDispatch::ServerTiming#call'
actionpack (8.1.3) lib/action_dispatch/middleware/executor.rb:20:in 'ActionDispatch::Executor#call'
propshaft (1.3.2) lib/propshaft/server.rb:37:in 'Propshaft::Server#call'
actionpack (8.1.3) lib/action_dispatch/middleware/static.rb:27:in 'ActionDispatch::Static#call'
rack (3.2.6) lib/rack/sendfile.rb:131:in 'Rack::Sendfile#call'
actionpack (8.1.3) lib/action_dispatch/middleware/host_authorization.rb:143:in 'ActionDispatch::HostAuthorization#call'
railties (8.1.3) lib/rails/engine.rb:534:in 'Rails::Engine#call'
puma (8.0.2) lib/puma/configuration.rb:305:in 'Puma::Configuration::ConfigMiddleware#call'
puma (8.0.2) lib/puma/response.rb:79:in 'block in Puma::Response#handle_request'
puma (8.0.2) lib/puma/thread_pool.rb:434:in 'Puma::ThreadPool#with_force_shutdown'
puma (8.0.2) lib/puma/response.rb:78:in 'Puma::Response#handle_request'
puma (8.0.2) lib/puma/server.rb:508:in 'Puma::Server#process_client'
puma (8.0.2) lib/puma/server.rb:263:in 'block in Puma::Server#run'
puma (8.0.2) lib/puma/thread_pool.rb:246:in 'block in Puma::ThreadPool#spawn_thread'
Started GET "/products" for ::1 at 2026-06-07 18:28:18 +0300
Processing by ProductsController#index as HTML
  Rendering layout layouts/application.html.erb
  Rendering products/index.html.erb within layouts/application
  Rendered products/index.html.erb within layouts/application (Duration: 0.2ms | GC: 0.0ms)
  Rendered layout layouts/application.html.erb (Duration: 10.0ms | GC: 0.4ms)
Completed 200 OK in 30ms (Views: 11.7ms | ActiveRecord: 0.0ms (0 queries, 0 cached) | GC: 0.8ms)


Started GET "/" for ::1 at 2026-06-07 18:30:00 +0300
Processing by ProductsController#index as HTML
  Rendering layout layouts/application.html.erb
  Rendering products/index.html.erb within layouts/application
  Rendered products/index.html.erb within layouts/application (Duration: 0.2ms | GC: 0.0ms)
  Rendered layout layouts/application.html.erb (Duration: 10.3ms | GC: 0.0ms)
Completed 200 OK in 13ms (Views: 11.3ms | ActiveRecord: 0.0ms (0 queries, 0 cached) | GC: 0.0ms)


Started GET "/" for ::1 at 2026-06-07 18:30:04 +0300
Processing by ProductsController#index as HTML
  Rendering layout layouts/application.html.erb
  Rendering products/index.html.erb within layouts/application
  Rendered products/index.html.erb within layouts/application (Duration: 0.0ms | GC: 0.0ms)
  Rendered layout layouts/application.html.erb (Duration: 1.2ms | GC: 0.0ms)
Completed 200 OK in 3ms (Views: 1.8ms | ActiveRecord: 0.0ms (0 queries, 0 cached) | GC: 0.0ms)


Started GET "/" for ::1 at 2026-06-07 18:30:54 +0300
Processing by ProductsController#index as HTML
  Rendering layout layouts/application.html.erb
  Rendering products/index.html.erb within layouts/application
  [1m[36mProduct Load (3.9ms)[0m  [1m[34mSELECT "products".* FROM "products" /*action='index',application='Store',controller='products'*/[0m
  ↳ app/views/products/index.html.erb:2
  Rendered products/index.html.erb within layouts/application (Duration: 10.0ms | GC: 0.2ms)
  Rendered layout layouts/application.html.erb (Duration: 12.9ms | GC: 0.5ms)
Completed 200 OK in 23ms (Views: 6.4ms | ActiveRecord: 7.7ms (1 query, 0 cached) | GC: 1.5ms)


Started GET "/" for ::1 at 2026-06-07 18:31:38 +0300
Processing by ProductsController#index as HTML
  Rendering layout layouts/application.html.erb
  Rendering products/index.html.erb within layouts/application
  [1m[36mProduct Load (3.0ms)[0m  [1m[34mSELECT "products".* FROM "products" /*action='index',application='Store',controller='products'*/[0m
  ↳ app/views/products/index.html.erb:2:in 'IO#puts'
  Rendered products/index.html.erb within layouts/application (Duration: 6.3ms | GC: 0.0ms)
  Rendered layout layouts/application.html.erb (Duration: 8.9ms | GC: 0.1ms)
Completed 200 OK in 12ms (Views: 6.6ms | ActiveRecord: 3.3ms (1 query, 0 cached) | GC: 0.3ms)


Started GET "/" for ::1 at 2026-06-07 18:31:41 +0300
Processing by ProductsController#index as HTML
  Rendering layout layouts/application.html.erb
  Rendering products/index.html.erb within layouts/application
  [1m[36mProduct Load (0.1ms)[0m  [1m[34mSELECT "products".* FROM "products" /*action='index',application='Store',controller='products'*/[0m
  ↳ app/views/products/index.html.erb:2:in 'IO#puts'
  Rendered products/index.html.erb within layouts/application (Duration: 0.9ms | GC: 0.0ms)
  Rendered layout layouts/application.html.erb (Duration: 1.7ms | GC: 0.1ms)
Completed 200 OK in 3ms (Views: 2.0ms | ActiveRecord: 0.1ms (1 query, 0 cached) | GC: 0.1ms)


Started GET "/" for ::1 at 2026-06-07 18:31:41 +0300
Processing by ProductsController#index as HTML
  Rendering layout layouts/application.html.erb
  Rendering products/index.html.erb within layouts/application
  [1m[36mProduct Load (0.1ms)[0m  [1m[34mSELECT "products".* FROM "products" /*action='index',application='Store',controller='products'*/[0m
  ↳ app/views/products/index.html.erb:2:in 'IO#puts'
  Rendered products/index.html.erb within layouts/application (Duration: 0.9ms | GC: 0.0ms)
  Rendered layout layouts/application.html.erb (Duration: 1.6ms | GC: 0.0ms)
Completed 200 OK in 3ms (Views: 1.8ms | ActiveRecord: 0.1ms (1 query, 0 cached) | GC: 0.0ms)


Started GET "/" for ::1 at 2026-06-07 18:31:41 +0300
Processing by ProductsController#index as HTML
  Rendering layout layouts/application.html.erb
  Rendering products/index.html.erb within layouts/application
  [1m[36mProduct Load (0.1ms)[0m  [1m[34mSELECT "products".* FROM "products" /*action='index',application='Store',controller='products'*/[0m
  ↳ app/views/products/index.html.erb:2:in 'IO#puts'
  Rendered products/index.html.erb within layouts/application (Duration: 1.0ms | GC: 0.0ms)
  Rendered layout layouts/application.html.erb (Duration: 1.8ms | GC: 0.0ms)
Completed 200 OK in 4ms (Views: 2.2ms | ActiveRecord: 0.1ms (1 query, 0 cached) | GC: 0.0ms)


Started GET "/" for ::1 at 2026-06-07 18:31:41 +0300
Processing by ProductsController#index as HTML
  Rendering layout layouts/application.html.erb
  Rendering products/index.html.erb within layouts/application
  [1m[36mProduct Load (0.2ms)[0m  [1m[34mSELECT "products".* FROM "products" /*action='index',application='Store',controller='products'*/[0m
  ↳ app/views/products/index.html.erb:2:in 'IO#puts'
  Rendered products/index.html.erb within layouts/application (Duration: 1.1ms | GC: 0.0ms)
  Rendered layout layouts/application.html.erb (Duration: 2.4ms | GC: 0.0ms)
Completed 200 OK in 4ms (Views: 2.7ms | ActiveRecord: 0.2ms (1 query, 0 cached) | GC: 0.0ms)


Started GET "/" for ::1 at 2026-06-07 18:31:41 +0300
Processing by ProductsController#index as HTML
  Rendering layout layouts/application.html.erb
  Rendering products/index.html.erb within layouts/application
  [1m[36mProduct Load (0.1ms)[0m  [1m[34mSELECT "products".* FROM "products" /*action='index',application='Store',controller='products'*/[0m
  ↳ app/views/products/index.html.erb:2:in 'IO#puts'
  Rendered products/index.html.erb within layouts/application (Duration: 0.9ms | GC: 0.0ms)
  Rendered layout layouts/application.html.erb (Duration: 1.7ms | GC: 0.0ms)
Completed 200 OK in 3ms (Views: 1.9ms | ActiveRecord: 0.1ms (1 query, 0 cached) | GC: 0.0ms)


Started GET "/" for ::1 at 2026-06-07 18:31:48 +0300
Processing by ProductsController#index as HTML
  Rendering layout layouts/application.html.erb
  Rendering products/index.html.erb within layouts/application
  [1m[36mProduct Load (2.4ms)[0m  [1m[34mSELECT "products".* FROM "products" /*action='index',application='Store',controller='products'*/[0m
  ↳ app/views/products/index.html.erb:2
  Rendered products/index.html.erb within layouts/application (Duration: 5.9ms | GC: 0.0ms)
  Rendered layout layouts/application.html.erb (Duration: 15.3ms | GC: 6.8ms)
Completed 200 OK in 19ms (Views: 14.1ms | ActiveRecord: 2.8ms (1 query, 0 cached) | GC: 6.8ms)


Started GET "/" for ::1 at 2026-06-07 18:31:55 +0300
Processing by ProductsController#index as HTML
  Rendering layout layouts/application.html.erb
  Rendering products/index.html.erb within layouts/application
  [1m[36mProduct Load (2.4ms)[0m  [1m[34mSELECT "products".* FROM "products" /*action='index',application='Store',controller='products'*/[0m
  ↳ app/views/products/index.html.erb:2
  Rendered products/index.html.erb within layouts/application (Duration: 6.3ms | GC: 0.0ms)
  Rendered layout layouts/application.html.erb (Duration: 9.7ms | GC: 0.3ms)
Completed 200 OK in 14ms (Views: 8.1ms | ActiveRecord: 2.8ms (1 query, 0 cached) | GC: 0.7ms)


Started GET "/" for ::1 at 2026-06-07 18:32:36 +0300
Processing by ProductsController#index as HTML
  Rendering layout layouts/application.html.erb
  Rendering products/index.html.erb within layouts/application
  [1m[36mProduct Load (3.1ms)[0m  [1m[34mSELECT "products".* FROM "products" /*action='index',application='Store',controller='products'*/[0m
  ↳ app/views/products/index.html.erb:2
  Rendered products/index.html.erb within layouts/application (Duration: 7.1ms | GC: 0.0ms)
  Rendered layout layouts/application.html.erb (Duration: 9.9ms | GC: 0.3ms)
Completed 200 OK in 13ms (Views: 7.5ms | ActiveRecord: 3.6ms (1 query, 0 cached) | GC: 0.5ms)


Started GET "/" for ::1 at 2026-06-07 18:32:45 +0300
Processing by ProductsController#index as HTML
  Rendering layout layouts/application.html.erb
  Rendering products/index.html.erb within layouts/application
  [1m[36mProduct Load (3.1ms)[0m  [1m[34mSELECT "products".* FROM "products" /*action='index',application='Store',controller='products'*/[0m
  ↳ app/views/products/index.html.erb:2
  Rendered products/index.html.erb within layouts/application (Duration: 7.7ms | GC: 0.0ms)
  Rendered layout layouts/application.html.erb (Duration: 8.0ms | GC: 0.0ms)
Completed 500 Internal Server Error in 11ms (ActiveRecord: 3.6ms (1 query, 0 cached) | GC: 0.0ms)


  
ActionView::Template::Error (undefined method 'name' for nil)
Caused by: NoMethodError (undefined method 'name' for nil)

Information for: ActionView::Template::Error (undefined method 'name' for nil):
    1: <%= debug @products[2].name %>
  
app/views/products/index.html.erb:2

Information for cause: NoMethodError (undefined method 'name' for nil):
  
app/views/products/index.html.erb:2
Started GET "/" for ::1 at 2026-06-07 18:32:59 +0300
Processing by ProductsController#index as HTML
  Rendering layout layouts/application.html.erb
  Rendering products/index.html.erb within layouts/application
  [1m[36mProduct Load (3.4ms)[0m  [1m[34mSELECT "products".* FROM "products" /*action='index',application='Store',controller='products'*/[0m
  ↳ app/views/products/index.html.erb:2
  Rendered products/index.html.erb within layouts/application (Duration: 6.8ms | GC: 0.2ms)
  Rendered layout layouts/application.html.erb (Duration: 9.5ms | GC: 0.4ms)
Completed 200 OK in 13ms (Views: 6.9ms | ActiveRecord: 3.7ms (1 query, 0 cached) | GC: 0.4ms)


Started GET "/" for ::1 at 2026-06-07 18:33:12 +0300
Processing by ProductsController#index as HTML
  Rendering layout layouts/application.html.erb
  Rendering products/index.html.erb within layouts/application
  [1m[36mProduct Load (2.3ms)[0m  [1m[34mSELECT "products".* FROM "products" /*action='index',application='Store',controller='products'*/[0m
  ↳ app/views/products/index.html.erb:5
  Rendered products/index.html.erb within layouts/application (Duration: 5.9ms | GC: 0.0ms)
  Rendered layout layouts/application.html.erb (Duration: 8.2ms | GC: 0.0ms)
Completed 200 OK in 11ms (Views: 6.5ms | ActiveRecord: 2.7ms (1 query, 0 cached) | GC: 0.0ms)


Started GET "/" for ::1 at 2026-06-07 18:34:03 +0300
Processing by ProductsController#index as HTML
  Rendering layout layouts/application.html.erb
  Rendering products/index.html.erb within layouts/application
  [1m[36mProduct Load (2.9ms)[0m  [1m[34mSELECT "products".* FROM "products" /*action='index',application='Store',controller='products'*/[0m
  ↳ app/views/products/index.html.erb:5
  Rendered products/index.html.erb within layouts/application (Duration: 6.1ms | GC: 0.7ms)
  Rendered layout layouts/application.html.erb (Duration: 9.1ms | GC: 1.2ms)
Completed 200 OK in 13ms (Views: 7.5ms | ActiveRecord: 3.2ms (1 query, 0 cached) | GC: 1.2ms)


Started GET "/products/1" for ::1 at 2026-06-07 18:37:37 +0300
Processing by ProductsController#show as HTML
  Parameters: {"id" => "1"}
  [1m[36mProduct Load (0.1ms)[0m  [1m[34mSELECT "products".* FROM "products" WHERE "products"."id" = 1 LIMIT 1 /*action='show',application='Store',controller='products'*/[0m
  ↳ app/controllers/products_controller.rb:6:in 'ProductsController#show'
Completed 406 Not Acceptable in 10ms (ActiveRecord: 2.9ms (1 query, 0 cached) | GC: 0.3ms)


  
ActionController::MissingExactTemplate (ProductsController#show is missing a template for request formats: text/html):
  
actionpack (8.1.3) lib/action_controller/metal/implicit_render.rb:49:in 'ActionController::ImplicitRender#default_render'
actionpack (8.1.3) lib/action_controller/metal/basic_implicit_render.rb:9:in 'ActionController::BasicImplicitRender#send_action'
actionpack (8.1.3) lib/abstract_controller/base.rb:221:in 'AbstractController::Base#process_action'
actionpack (8.1.3) lib/action_controller/metal/rendering.rb:199:in 'ActionController::Rendering#process_action'
actionpack (8.1.3) lib/abstract_controller/callbacks.rb:267:in 'block in AbstractController::Callbacks#process_action'
activesupport (8.1.3) lib/active_support/callbacks.rb:121:in 'block in ActiveSupport::Callbacks#run_callbacks'
turbo-rails (2.0.23) lib/turbo-rails.rb:24:in 'Turbo.with_request_id'
turbo-rails (2.0.23) app/controllers/concerns/turbo/request_id_tracking.rb:10:in 'Turbo::RequestIdTracking#turbo_tracking_request_id'
activesupport (8.1.3) lib/active_support/callbacks.rb:130:in 'block in ActiveSupport::Callbacks#run_callbacks'
actiontext (8.1.3) lib/action_text/rendering.rb:24:in 'ActionText::Rendering::ClassMethods#with_renderer'
actiontext (8.1.3) lib/action_text/engine.rb:72:in 'block (4 levels) in <class:Engine>'
activesupport (8.1.3) lib/active_support/callbacks.rb:130:in 'BasicObject#instance_exec'
activesupport (8.1.3) lib/active_support/callbacks.rb:130:in 'block in ActiveSupport::Callbacks#run_callbacks'
activesupport (8.1.3) lib/active_support/callbacks.rb:141:in 'ActiveSupport::Callbacks#run_callbacks'
actionpack (8.1.3) lib/abstract_controller/callbacks.rb:266:in 'AbstractController::Callbacks#process_action'
actionpack (8.1.3) lib/action_controller/metal/rescue.rb:36:in 'ActionController::Rescue#process_action'
actionpack (8.1.3) lib/action_controller/metal/instrumentation.rb:76:in 'block in ActionController::Instrumentation#process_action'
activesupport (8.1.3) lib/active_support/notifications.rb:210:in 'block in ActiveSupport::Notifications.instrument'
activesupport (8.1.3) lib/active_support/notifications/instrumenter.rb:58:in 'ActiveSupport::Notifications::Instrumenter#instrument'
activesupport (8.1.3) lib/active_support/notifications.rb:210:in 'ActiveSupport::Notifications.instrument'
actionpack (8.1.3) lib/action_controller/metal/instrumentation.rb:75:in 'ActionController::Instrumentation#process_action'
actionpack (8.1.3) lib/action_controller/metal/params_wrapper.rb:259:in 'ActionController::ParamsWrapper#process_action'
activerecord (8.1.3) lib/active_record/railties/controller_runtime.rb:39:in 'ActiveRecord::Railties::ControllerRuntime#process_action'
actionpack (8.1.3) lib/abstract_controller/base.rb:154:in 'AbstractController::Base#process'
actionview (8.1.3) lib/action_view/rendering.rb:40:in 'ActionView::Rendering#process'
actionpack (8.1.3) lib/action_controller/metal.rb:252:in 'ActionController::Metal#dispatch'
actionpack (8.1.3) lib/action_controller/metal.rb:335:in 'ActionController::Metal.dispatch'
actionpack (8.1.3) lib/action_dispatch/routing/route_set.rb:65:in 'ActionDispatch::Routing::RouteSet::Dispatcher#dispatch'
actionpack (8.1.3) lib/action_dispatch/routing/route_set.rb:50:in 'ActionDispatch::Routing::RouteSet::Dispatcher#serve'
actionpack (8.1.3) lib/action_dispatch/journey/router.rb:35:in 'block in ActionDispatch::Journey::Router#serve'
actionpack (8.1.3) lib/action_dispatch/journey/router.rb:86:in 'block in ActionDispatch::Journey::Router#recognize'
actionpack (8.1.3) lib/action_dispatch/journey/router.rb:66:in 'Array#each'
actionpack (8.1.3) lib/action_dispatch/journey/router.rb:66:in 'ActionDispatch::Journey::Router#recognize'
actionpack (8.1.3) lib/action_dispatch/journey/router.rb:31:in 'ActionDispatch::Journey::Router#serve'
actionpack (8.1.3) lib/action_dispatch/routing/route_set.rb:906:in 'ActionDispatch::Routing::RouteSet#call'
railties (8.1.3) lib/rails/engine/lazy_route_set.rb:60:in 'Rails::Engine::LazyRouteSet#call'
rack (3.2.6) lib/rack/tempfile_reaper.rb:20:in 'Rack::TempfileReaper#call'
rack (3.2.6) lib/rack/etag.rb:29:in 'Rack::ETag#call'
rack (3.2.6) lib/rack/conditional_get.rb:31:in 'Rack::ConditionalGet#call'
rack (3.2.6) lib/rack/head.rb:15:in 'Rack::Head#call'
actionpack (8.1.3) lib/action_dispatch/http/content_security_policy.rb:38:in 'ActionDispatch::ContentSecurityPolicy::Middleware#call'
rack-session (2.1.2) lib/rack/session/abstract/id.rb:274:in 'Rack::Session::Abstract::Persisted#context'
rack-session (2.1.2) lib/rack/session/abstract/id.rb:268:in 'Rack::Session::Abstract::Persisted#call'
actionpack (8.1.3) lib/action_dispatch/middleware/cookies.rb:708:in 'ActionDispatch::Cookies#call'
activerecord (8.1.3) lib/active_record/migration.rb:671:in 'ActiveRecord::Migration::CheckPending#call'
actionpack (8.1.3) lib/action_dispatch/middleware/callbacks.rb:31:in 'block in ActionDispatch::Callbacks#call'
activesupport (8.1.3) lib/active_support/callbacks.rb:101:in 'ActiveSupport::Callbacks#run_callbacks'
actionpack (8.1.3) lib/action_dispatch/middleware/callbacks.rb:30:in 'ActionDispatch::Callbacks#call'
actionpack (8.1.3) lib/action_dispatch/middleware/executor.rb:20:in 'ActionDispatch::Executor#call'
actionpack (8.1.3) lib/action_dispatch/middleware/actionable_exceptions.rb:18:in 'ActionDispatch::ActionableExceptions#call'
actionpack (8.1.3) lib/action_dispatch/middleware/debug_exceptions.rb:31:in 'ActionDispatch::DebugExceptions#call'
web-console (4.3.0) lib/web_console/middleware.rb:132:in 'WebConsole::Middleware#call_app'
web-console (4.3.0) lib/web_console/middleware.rb:28:in 'block in WebConsole::Middleware#call'
web-console (4.3.0) lib/web_console/middleware.rb:17:in 'Kernel#catch'
web-console (4.3.0) lib/web_console/middleware.rb:17:in 'WebConsole::Middleware#call'
actionpack (8.1.3) lib/action_dispatch/middleware/show_exceptions.rb:32:in 'ActionDispatch::ShowExceptions#call'
railties (8.1.3) lib/rails/rack/logger.rb:41:in 'Rails::Rack::Logger#call_app'
railties (8.1.3) lib/rails/rack/logger.rb:29:in 'Rails::Rack::Logger#call'
propshaft (1.3.2) lib/propshaft/quiet_assets.rb:11:in 'Propshaft::QuietAssets#call'
actionpack (8.1.3) lib/action_dispatch/middleware/remote_ip.rb:98:in 'ActionDispatch::RemoteIp#call'
actionpack (8.1.3) lib/action_dispatch/middleware/request_id.rb:34:in 'ActionDispatch::RequestId#call'
rack (3.2.6) lib/rack/method_override.rb:28:in 'Rack::MethodOverride#call'
rack (3.2.6) lib/rack/runtime.rb:24:in 'Rack::Runtime#call'
activesupport (8.1.3) lib/active_support/cache/strategy/local_cache_middleware.rb:30:in 'ActiveSupport::Cache::Strategy::LocalCache::Middleware#call'
actionpack (8.1.3) lib/action_dispatch/middleware/server_timing.rb:61:in 'block in ActionDispatch::ServerTiming#call'
actionpack (8.1.3) lib/action_dispatch/middleware/server_timing.rb:26:in 'ActionDispatch::ServerTiming::Subscriber#collect_events'
actionpack (8.1.3) lib/action_dispatch/middleware/server_timing.rb:60:in 'ActionDispatch::ServerTiming#call'
actionpack (8.1.3) lib/action_dispatch/middleware/executor.rb:20:in 'ActionDispatch::Executor#call'
propshaft (1.3.2) lib/propshaft/server.rb:37:in 'Propshaft::Server#call'
actionpack (8.1.3) lib/action_dispatch/middleware/static.rb:27:in 'ActionDispatch::Static#call'
rack (3.2.6) lib/rack/sendfile.rb:131:in 'Rack::Sendfile#call'
actionpack (8.1.3) lib/action_dispatch/middleware/host_authorization.rb:143:in 'ActionDispatch::HostAuthorization#call'
railties (8.1.3) lib/rails/engine.rb:534:in 'Rails::Engine#call'
puma (8.0.2) lib/puma/configuration.rb:305:in 'Puma::Configuration::ConfigMiddleware#call'
puma (8.0.2) lib/puma/response.rb:79:in 'block in Puma::Response#handle_request'
puma (8.0.2) lib/puma/thread_pool.rb:434:in 'Puma::ThreadPool#with_force_shutdown'
puma (8.0.2) lib/puma/response.rb:78:in 'Puma::Response#handle_request'
puma (8.0.2) lib/puma/server.rb:508:in 'Puma::Server#process_client'
puma (8.0.2) lib/puma/server.rb:263:in 'block in Puma::Server#run'
puma (8.0.2) lib/puma/thread_pool.rb:246:in 'block in Puma::ThreadPool#spawn_thread'
Started GET "/products/1" for ::1 at 2026-06-07 18:38:35 +0300
Processing by ProductsController#show as HTML
  Parameters: {"id" => "1"}
  [1m[36mProduct Load (0.1ms)[0m  [1m[34mSELECT "products".* FROM "products" WHERE "products"."id" = 1 LIMIT 1 /*action='show',application='Store',controller='products'*/[0m
  ↳ app/controllers/products_controller.rb:6:in 'ProductsController#show'
Completed 406 Not Acceptable in 2ms (ActiveRecord: 0.1ms (1 query, 0 cached) | GC: 0.0ms)


  
ActionController::MissingExactTemplate (ProductsController#show is missing a template for request formats: text/html):
  
actionpack (8.1.3) lib/action_controller/metal/implicit_render.rb:49:in 'ActionController::ImplicitRender#default_render'
actionpack (8.1.3) lib/action_controller/metal/basic_implicit_render.rb:9:in 'ActionController::BasicImplicitRender#send_action'
actionpack (8.1.3) lib/abstract_controller/base.rb:221:in 'AbstractController::Base#process_action'
actionpack (8.1.3) lib/action_controller/metal/rendering.rb:199:in 'ActionController::Rendering#process_action'
actionpack (8.1.3) lib/abstract_controller/callbacks.rb:267:in 'block in AbstractController::Callbacks#process_action'
activesupport (8.1.3) lib/active_support/callbacks.rb:121:in 'block in ActiveSupport::Callbacks#run_callbacks'
turbo-rails (2.0.23) lib/turbo-rails.rb:24:in 'Turbo.with_request_id'
turbo-rails (2.0.23) app/controllers/concerns/turbo/request_id_tracking.rb:10:in 'Turbo::RequestIdTracking#turbo_tracking_request_id'
activesupport (8.1.3) lib/active_support/callbacks.rb:130:in 'block in ActiveSupport::Callbacks#run_callbacks'
actiontext (8.1.3) lib/action_text/rendering.rb:24:in 'ActionText::Rendering::ClassMethods#with_renderer'
actiontext (8.1.3) lib/action_text/engine.rb:72:in 'block (4 levels) in <class:Engine>'
activesupport (8.1.3) lib/active_support/callbacks.rb:130:in 'BasicObject#instance_exec'
activesupport (8.1.3) lib/active_support/callbacks.rb:130:in 'block in ActiveSupport::Callbacks#run_callbacks'
activesupport (8.1.3) lib/active_support/callbacks.rb:141:in 'ActiveSupport::Callbacks#run_callbacks'
actionpack (8.1.3) lib/abstract_controller/callbacks.rb:266:in 'AbstractController::Callbacks#process_action'
actionpack (8.1.3) lib/action_controller/metal/rescue.rb:36:in 'ActionController::Rescue#process_action'
actionpack (8.1.3) lib/action_controller/metal/instrumentation.rb:76:in 'block in ActionController::Instrumentation#process_action'
activesupport (8.1.3) lib/active_support/notifications.rb:210:in 'block in ActiveSupport::Notifications.instrument'
activesupport (8.1.3) lib/active_support/notifications/instrumenter.rb:58:in 'ActiveSupport::Notifications::Instrumenter#instrument'
activesupport (8.1.3) lib/active_support/notifications.rb:210:in 'ActiveSupport::Notifications.instrument'
actionpack (8.1.3) lib/action_controller/metal/instrumentation.rb:75:in 'ActionController::Instrumentation#process_action'
actionpack (8.1.3) lib/action_controller/metal/params_wrapper.rb:259:in 'ActionController::ParamsWrapper#process_action'
activerecord (8.1.3) lib/active_record/railties/controller_runtime.rb:39:in 'ActiveRecord::Railties::ControllerRuntime#process_action'
actionpack (8.1.3) lib/abstract_controller/base.rb:154:in 'AbstractController::Base#process'
actionview (8.1.3) lib/action_view/rendering.rb:40:in 'ActionView::Rendering#process'
actionpack (8.1.3) lib/action_controller/metal.rb:252:in 'ActionController::Metal#dispatch'
actionpack (8.1.3) lib/action_controller/metal.rb:335:in 'ActionController::Metal.dispatch'
actionpack (8.1.3) lib/action_dispatch/routing/route_set.rb:65:in 'ActionDispatch::Routing::RouteSet::Dispatcher#dispatch'
actionpack (8.1.3) lib/action_dispatch/routing/route_set.rb:50:in 'ActionDispatch::Routing::RouteSet::Dispatcher#serve'
actionpack (8.1.3) lib/action_dispatch/journey/router.rb:35:in 'block in ActionDispatch::Journey::Router#serve'
actionpack (8.1.3) lib/action_dispatch/journey/router.rb:86:in 'block in ActionDispatch::Journey::Router#recognize'
actionpack (8.1.3) lib/action_dispatch/journey/router.rb:66:in 'Array#each'
actionpack (8.1.3) lib/action_dispatch/journey/router.rb:66:in 'ActionDispatch::Journey::Router#recognize'
actionpack (8.1.3) lib/action_dispatch/journey/router.rb:31:in 'ActionDispatch::Journey::Router#serve'
actionpack (8.1.3) lib/action_dispatch/routing/route_set.rb:906:in 'ActionDispatch::Routing::RouteSet#call'
railties (8.1.3) lib/rails/engine/lazy_route_set.rb:60:in 'Rails::Engine::LazyRouteSet#call'
rack (3.2.6) lib/rack/tempfile_reaper.rb:20:in 'Rack::TempfileReaper#call'
rack (3.2.6) lib/rack/etag.rb:29:in 'Rack::ETag#call'
rack (3.2.6) lib/rack/conditional_get.rb:31:in 'Rack::ConditionalGet#call'
rack (3.2.6) lib/rack/head.rb:15:in 'Rack::Head#call'
actionpack (8.1.3) lib/action_dispatch/http/content_security_policy.rb:38:in 'ActionDispatch::ContentSecurityPolicy::Middleware#call'
rack-session (2.1.2) lib/rack/session/abstract/id.rb:274:in 'Rack::Session::Abstract::Persisted#context'
rack-session (2.1.2) lib/rack/session/abstract/id.rb:268:in 'Rack::Session::Abstract::Persisted#call'
actionpack (8.1.3) lib/action_dispatch/middleware/cookies.rb:708:in 'ActionDispatch::Cookies#call'
activerecord (8.1.3) lib/active_record/migration.rb:671:in 'ActiveRecord::Migration::CheckPending#call'
actionpack (8.1.3) lib/action_dispatch/middleware/callbacks.rb:31:in 'block in ActionDispatch::Callbacks#call'
activesupport (8.1.3) lib/active_support/callbacks.rb:101:in 'ActiveSupport::Callbacks#run_callbacks'
actionpack (8.1.3) lib/action_dispatch/middleware/callbacks.rb:30:in 'ActionDispatch::Callbacks#call'
actionpack (8.1.3) lib/action_dispatch/middleware/executor.rb:20:in 'ActionDispatch::Executor#call'
actionpack (8.1.3) lib/action_dispatch/middleware/actionable_exceptions.rb:18:in 'ActionDispatch::ActionableExceptions#call'
actionpack (8.1.3) lib/action_dispatch/middleware/debug_exceptions.rb:31:in 'ActionDispatch::DebugExceptions#call'
web-console (4.3.0) lib/web_console/middleware.rb:132:in 'WebConsole::Middleware#call_app'
web-console (4.3.0) lib/web_console/middleware.rb:28:in 'block in WebConsole::Middleware#call'
web-console (4.3.0) lib/web_console/middleware.rb:17:in 'Kernel#catch'
web-console (4.3.0) lib/web_console/middleware.rb:17:in 'WebConsole::Middleware#call'
actionpack (8.1.3) lib/action_dispatch/middleware/show_exceptions.rb:32:in 'ActionDispatch::ShowExceptions#call'
railties (8.1.3) lib/rails/rack/logger.rb:41:in 'Rails::Rack::Logger#call_app'
railties (8.1.3) lib/rails/rack/logger.rb:29:in 'Rails::Rack::Logger#call'
propshaft (1.3.2) lib/propshaft/quiet_assets.rb:11:in 'Propshaft::QuietAssets#call'
actionpack (8.1.3) lib/action_dispatch/middleware/remote_ip.rb:98:in 'ActionDispatch::RemoteIp#call'
actionpack (8.1.3) lib/action_dispatch/middleware/request_id.rb:34:in 'ActionDispatch::RequestId#call'
rack (3.2.6) lib/rack/method_override.rb:28:in 'Rack::MethodOverride#call'
rack (3.2.6) lib/rack/runtime.rb:24:in 'Rack::Runtime#call'
activesupport (8.1.3) lib/active_support/cache/strategy/local_cache_middleware.rb:30:in 'ActiveSupport::Cache::Strategy::LocalCache::Middleware#call'
actionpack (8.1.3) lib/action_dispatch/middleware/server_timing.rb:61:in 'block in ActionDispatch::ServerTiming#call'
actionpack (8.1.3) lib/action_dispatch/middleware/server_timing.rb:26:in 'ActionDispatch::ServerTiming::Subscriber#collect_events'
actionpack (8.1.3) lib/action_dispatch/middleware/server_timing.rb:60:in 'ActionDispatch::ServerTiming#call'
actionpack (8.1.3) lib/action_dispatch/middleware/executor.rb:20:in 'ActionDispatch::Executor#call'
propshaft (1.3.2) lib/propshaft/server.rb:37:in 'Propshaft::Server#call'
actionpack (8.1.3) lib/action_dispatch/middleware/static.rb:27:in 'ActionDispatch::Static#call'
rack (3.2.6) lib/rack/sendfile.rb:131:in 'Rack::Sendfile#call'
actionpack (8.1.3) lib/action_dispatch/middleware/host_authorization.rb:143:in 'ActionDispatch::HostAuthorization#call'
railties (8.1.3) lib/rails/engine.rb:534:in 'Rails::Engine#call'
puma (8.0.2) lib/puma/configuration.rb:305:in 'Puma::Configuration::ConfigMiddleware#call'
puma (8.0.2) lib/puma/response.rb:79:in 'block in Puma::Response#handle_request'
puma (8.0.2) lib/puma/thread_pool.rb:434:in 'Puma::ThreadPool#with_force_shutdown'
puma (8.0.2) lib/puma/response.rb:78:in 'Puma::Response#handle_request'
puma (8.0.2) lib/puma/server.rb:508:in 'Puma::Server#process_client'
puma (8.0.2) lib/puma/server.rb:263:in 'block in Puma::Server#run'
puma (8.0.2) lib/puma/thread_pool.rb:246:in 'block in Puma::ThreadPool#spawn_thread'
Started GET "/products/1" for ::1 at 2026-06-07 18:38:36 +0300
Processing by ProductsController#show as HTML
  Parameters: {"id" => "1"}
  [1m[36mProduct Load (0.1ms)[0m  [1m[34mSELECT "products".* FROM "products" WHERE "products"."id" = 1 LIMIT 1 /*action='show',application='Store',controller='products'*/[0m
  ↳ app/controllers/products_controller.rb:6:in 'ProductsController#show'
Completed 406 Not Acceptable in 2ms (ActiveRecord: 0.1ms (1 query, 0 cached) | GC: 0.0ms)


  
ActionController::MissingExactTemplate (ProductsController#show is missing a template for request formats: text/html):
  
actionpack (8.1.3) lib/action_controller/metal/implicit_render.rb:49:in 'ActionController::ImplicitRender#default_render'
actionpack (8.1.3) lib/action_controller/metal/basic_implicit_render.rb:9:in 'ActionController::BasicImplicitRender#send_action'
actionpack (8.1.3) lib/abstract_controller/base.rb:221:in 'AbstractController::Base#process_action'
actionpack (8.1.3) lib/action_controller/metal/rendering.rb:199:in 'ActionController::Rendering#process_action'
actionpack (8.1.3) lib/abstract_controller/callbacks.rb:267:in 'block in AbstractController::Callbacks#process_action'
activesupport (8.1.3) lib/active_support/callbacks.rb:121:in 'block in ActiveSupport::Callbacks#run_callbacks'
turbo-rails (2.0.23) lib/turbo-rails.rb:24:in 'Turbo.with_request_id'
turbo-rails (2.0.23) app/controllers/concerns/turbo/request_id_tracking.rb:10:in 'Turbo::RequestIdTracking#turbo_tracking_request_id'
activesupport (8.1.3) lib/active_support/callbacks.rb:130:in 'block in ActiveSupport::Callbacks#run_callbacks'
actiontext (8.1.3) lib/action_text/rendering.rb:24:in 'ActionText::Rendering::ClassMethods#with_renderer'
actiontext (8.1.3) lib/action_text/engine.rb:72:in 'block (4 levels) in <class:Engine>'
activesupport (8.1.3) lib/active_support/callbacks.rb:130:in 'BasicObject#instance_exec'
activesupport (8.1.3) lib/active_support/callbacks.rb:130:in 'block in ActiveSupport::Callbacks#run_callbacks'
activesupport (8.1.3) lib/active_support/callbacks.rb:141:in 'ActiveSupport::Callbacks#run_callbacks'
actionpack (8.1.3) lib/abstract_controller/callbacks.rb:266:in 'AbstractController::Callbacks#process_action'
actionpack (8.1.3) lib/action_controller/metal/rescue.rb:36:in 'ActionController::Rescue#process_action'
actionpack (8.1.3) lib/action_controller/metal/instrumentation.rb:76:in 'block in ActionController::Instrumentation#process_action'
activesupport (8.1.3) lib/active_support/notifications.rb:210:in 'block in ActiveSupport::Notifications.instrument'
activesupport (8.1.3) lib/active_support/notifications/instrumenter.rb:58:in 'ActiveSupport::Notifications::Instrumenter#instrument'
activesupport (8.1.3) lib/active_support/notifications.rb:210:in 'ActiveSupport::Notifications.instrument'
actionpack (8.1.3) lib/action_controller/metal/instrumentation.rb:75:in 'ActionController::Instrumentation#process_action'
actionpack (8.1.3) lib/action_controller/metal/params_wrapper.rb:259:in 'ActionController::ParamsWrapper#process_action'
activerecord (8.1.3) lib/active_record/railties/controller_runtime.rb:39:in 'ActiveRecord::Railties::ControllerRuntime#process_action'
actionpack (8.1.3) lib/abstract_controller/base.rb:154:in 'AbstractController::Base#process'
actionview (8.1.3) lib/action_view/rendering.rb:40:in 'ActionView::Rendering#process'
actionpack (8.1.3) lib/action_controller/metal.rb:252:in 'ActionController::Metal#dispatch'
actionpack (8.1.3) lib/action_controller/metal.rb:335:in 'ActionController::Metal.dispatch'
actionpack (8.1.3) lib/action_dispatch/routing/route_set.rb:65:in 'ActionDispatch::Routing::RouteSet::Dispatcher#dispatch'
actionpack (8.1.3) lib/action_dispatch/routing/route_set.rb:50:in 'ActionDispatch::Routing::RouteSet::Dispatcher#serve'
actionpack (8.1.3) lib/action_dispatch/journey/router.rb:35:in 'block in ActionDispatch::Journey::Router#serve'
actionpack (8.1.3) lib/action_dispatch/journey/router.rb:86:in 'block in ActionDispatch::Journey::Router#recognize'
actionpack (8.1.3) lib/action_dispatch/journey/router.rb:66:in 'Array#each'
actionpack (8.1.3) lib/action_dispatch/journey/router.rb:66:in 'ActionDispatch::Journey::Router#recognize'
actionpack (8.1.3) lib/action_dispatch/journey/router.rb:31:in 'ActionDispatch::Journey::Router#serve'
actionpack (8.1.3) lib/action_dispatch/routing/route_set.rb:906:in 'ActionDispatch::Routing::RouteSet#call'
railties (8.1.3) lib/rails/engine/lazy_route_set.rb:60:in 'Rails::Engine::LazyRouteSet#call'
rack (3.2.6) lib/rack/tempfile_reaper.rb:20:in 'Rack::TempfileReaper#call'
rack (3.2.6) lib/rack/etag.rb:29:in 'Rack::ETag#call'
rack (3.2.6) lib/rack/conditional_get.rb:31:in 'Rack::ConditionalGet#call'
rack (3.2.6) lib/rack/head.rb:15:in 'Rack::Head#call'
actionpack (8.1.3) lib/action_dispatch/http/content_security_policy.rb:38:in 'ActionDispatch::ContentSecurityPolicy::Middleware#call'
rack-session (2.1.2) lib/rack/session/abstract/id.rb:274:in 'Rack::Session::Abstract::Persisted#context'
rack-session (2.1.2) lib/rack/session/abstract/id.rb:268:in 'Rack::Session::Abstract::Persisted#call'
actionpack (8.1.3) lib/action_dispatch/middleware/cookies.rb:708:in 'ActionDispatch::Cookies#call'
activerecord (8.1.3) lib/active_record/migration.rb:671:in 'ActiveRecord::Migration::CheckPending#call'
actionpack (8.1.3) lib/action_dispatch/middleware/callbacks.rb:31:in 'block in ActionDispatch::Callbacks#call'
activesupport (8.1.3) lib/active_support/callbacks.rb:101:in 'ActiveSupport::Callbacks#run_callbacks'
actionpack (8.1.3) lib/action_dispatch/middleware/callbacks.rb:30:in 'ActionDispatch::Callbacks#call'
actionpack (8.1.3) lib/action_dispatch/middleware/executor.rb:20:in 'ActionDispatch::Executor#call'
actionpack (8.1.3) lib/action_dispatch/middleware/actionable_exceptions.rb:18:in 'ActionDispatch::ActionableExceptions#call'
actionpack (8.1.3) lib/action_dispatch/middleware/debug_exceptions.rb:31:in 'ActionDispatch::DebugExceptions#call'
web-console (4.3.0) lib/web_console/middleware.rb:132:in 'WebConsole::Middleware#call_app'
web-console (4.3.0) lib/web_console/middleware.rb:28:in 'block in WebConsole::Middleware#call'
web-console (4.3.0) lib/web_console/middleware.rb:17:in 'Kernel#catch'
web-console (4.3.0) lib/web_console/middleware.rb:17:in 'WebConsole::Middleware#call'
actionpack (8.1.3) lib/action_dispatch/middleware/show_exceptions.rb:32:in 'ActionDispatch::ShowExceptions#call'
railties (8.1.3) lib/rails/rack/logger.rb:41:in 'Rails::Rack::Logger#call_app'
railties (8.1.3) lib/rails/rack/logger.rb:29:in 'Rails::Rack::Logger#call'
propshaft (1.3.2) lib/propshaft/quiet_assets.rb:11:in 'Propshaft::QuietAssets#call'
actionpack (8.1.3) lib/action_dispatch/middleware/remote_ip.rb:98:in 'ActionDispatch::RemoteIp#call'
actionpack (8.1.3) lib/action_dispatch/middleware/request_id.rb:34:in 'ActionDispatch::RequestId#call'
rack (3.2.6) lib/rack/method_override.rb:28:in 'Rack::MethodOverride#call'
rack (3.2.6) lib/rack/runtime.rb:24:in 'Rack::Runtime#call'
activesupport (8.1.3) lib/active_support/cache/strategy/local_cache_middleware.rb:30:in 'ActiveSupport::Cache::Strategy::LocalCache::Middleware#call'
actionpack (8.1.3) lib/action_dispatch/middleware/server_timing.rb:61:in 'block in ActionDispatch::ServerTiming#call'
actionpack (8.1.3) lib/action_dispatch/middleware/server_timing.rb:26:in 'ActionDispatch::ServerTiming::Subscriber#collect_events'
actionpack (8.1.3) lib/action_dispatch/middleware/server_timing.rb:60:in 'ActionDispatch::ServerTiming#call'
actionpack (8.1.3) lib/action_dispatch/middleware/executor.rb:20:in 'ActionDispatch::Executor#call'
propshaft (1.3.2) lib/propshaft/server.rb:37:in 'Propshaft::Server#call'
actionpack (8.1.3) lib/action_dispatch/middleware/static.rb:27:in 'ActionDispatch::Static#call'
rack (3.2.6) lib/rack/sendfile.rb:131:in 'Rack::Sendfile#call'
actionpack (8.1.3) lib/action_dispatch/middleware/host_authorization.rb:143:in 'ActionDispatch::HostAuthorization#call'
railties (8.1.3) lib/rails/engine.rb:534:in 'Rails::Engine#call'
puma (8.0.2) lib/puma/configuration.rb:305:in 'Puma::Configuration::ConfigMiddleware#call'
puma (8.0.2) lib/puma/response.rb:79:in 'block in Puma::Response#handle_request'
puma (8.0.2) lib/puma/thread_pool.rb:434:in 'Puma::ThreadPool#with_force_shutdown'
puma (8.0.2) lib/puma/response.rb:78:in 'Puma::Response#handle_request'
puma (8.0.2) lib/puma/server.rb:508:in 'Puma::Server#process_client'
puma (8.0.2) lib/puma/server.rb:263:in 'block in Puma::Server#run'
puma (8.0.2) lib/puma/thread_pool.rb:246:in 'block in Puma::ThreadPool#spawn_thread'
Started GET "/products/1" for ::1 at 2026-06-07 18:38:36 +0300
Processing by ProductsController#show as HTML
  Parameters: {"id" => "1"}
  [1m[36mProduct Load (0.2ms)[0m  [1m[34mSELECT "products".* FROM "products" WHERE "products"."id" = 1 LIMIT 1 /*action='show',application='Store',controller='products'*/[0m
  ↳ app/controllers/products_controller.rb:6:in 'ProductsController#show'
Completed 406 Not Acceptable in 3ms (ActiveRecord: 0.2ms (1 query, 0 cached) | GC: 0.0ms)


  
ActionController::MissingExactTemplate (ProductsController#show is missing a template for request formats: text/html):
  
actionpack (8.1.3) lib/action_controller/metal/implicit_render.rb:49:in 'ActionController::ImplicitRender#default_render'
actionpack (8.1.3) lib/action_controller/metal/basic_implicit_render.rb:9:in 'ActionController::BasicImplicitRender#send_action'
actionpack (8.1.3) lib/abstract_controller/base.rb:221:in 'AbstractController::Base#process_action'
actionpack (8.1.3) lib/action_controller/metal/rendering.rb:199:in 'ActionController::Rendering#process_action'
actionpack (8.1.3) lib/abstract_controller/callbacks.rb:267:in 'block in AbstractController::Callbacks#process_action'
activesupport (8.1.3) lib/active_support/callbacks.rb:121:in 'block in ActiveSupport::Callbacks#run_callbacks'
turbo-rails (2.0.23) lib/turbo-rails.rb:24:in 'Turbo.with_request_id'
turbo-rails (2.0.23) app/controllers/concerns/turbo/request_id_tracking.rb:10:in 'Turbo::RequestIdTracking#turbo_tracking_request_id'
activesupport (8.1.3) lib/active_support/callbacks.rb:130:in 'block in ActiveSupport::Callbacks#run_callbacks'
actiontext (8.1.3) lib/action_text/rendering.rb:24:in 'ActionText::Rendering::ClassMethods#with_renderer'
actiontext (8.1.3) lib/action_text/engine.rb:72:in 'block (4 levels) in <class:Engine>'
activesupport (8.1.3) lib/active_support/callbacks.rb:130:in 'BasicObject#instance_exec'
activesupport (8.1.3) lib/active_support/callbacks.rb:130:in 'block in ActiveSupport::Callbacks#run_callbacks'
activesupport (8.1.3) lib/active_support/callbacks.rb:141:in 'ActiveSupport::Callbacks#run_callbacks'
actionpack (8.1.3) lib/abstract_controller/callbacks.rb:266:in 'AbstractController::Callbacks#process_action'
actionpack (8.1.3) lib/action_controller/metal/rescue.rb:36:in 'ActionController::Rescue#process_action'
actionpack (8.1.3) lib/action_controller/metal/instrumentation.rb:76:in 'block in ActionController::Instrumentation#process_action'
activesupport (8.1.3) lib/active_support/notifications.rb:210:in 'block in ActiveSupport::Notifications.instrument'
activesupport (8.1.3) lib/active_support/notifications/instrumenter.rb:58:in 'ActiveSupport::Notifications::Instrumenter#instrument'
activesupport (8.1.3) lib/active_support/notifications.rb:210:in 'ActiveSupport::Notifications.instrument'
actionpack (8.1.3) lib/action_controller/metal/instrumentation.rb:75:in 'ActionController::Instrumentation#process_action'
actionpack (8.1.3) lib/action_controller/metal/params_wrapper.rb:259:in 'ActionController::ParamsWrapper#process_action'
activerecord (8.1.3) lib/active_record/railties/controller_runtime.rb:39:in 'ActiveRecord::Railties::ControllerRuntime#process_action'
actionpack (8.1.3) lib/abstract_controller/base.rb:154:in 'AbstractController::Base#process'
actionview (8.1.3) lib/action_view/rendering.rb:40:in 'ActionView::Rendering#process'
actionpack (8.1.3) lib/action_controller/metal.rb:252:in 'ActionController::Metal#dispatch'
actionpack (8.1.3) lib/action_controller/metal.rb:335:in 'ActionController::Metal.dispatch'
actionpack (8.1.3) lib/action_dispatch/routing/route_set.rb:65:in 'ActionDispatch::Routing::RouteSet::Dispatcher#dispatch'
actionpack (8.1.3) lib/action_dispatch/routing/route_set.rb:50:in 'ActionDispatch::Routing::RouteSet::Dispatcher#serve'
actionpack (8.1.3) lib/action_dispatch/journey/router.rb:35:in 'block in ActionDispatch::Journey::Router#serve'
actionpack (8.1.3) lib/action_dispatch/journey/router.rb:86:in 'block in ActionDispatch::Journey::Router#recognize'
actionpack (8.1.3) lib/action_dispatch/journey/router.rb:66:in 'Array#each'
actionpack (8.1.3) lib/action_dispatch/journey/router.rb:66:in 'ActionDispatch::Journey::Router#recognize'
actionpack (8.1.3) lib/action_dispatch/journey/router.rb:31:in 'ActionDispatch::Journey::Router#serve'
actionpack (8.1.3) lib/action_dispatch/routing/route_set.rb:906:in 'ActionDispatch::Routing::RouteSet#call'
railties (8.1.3) lib/rails/engine/lazy_route_set.rb:60:in 'Rails::Engine::LazyRouteSet#call'
rack (3.2.6) lib/rack/tempfile_reaper.rb:20:in 'Rack::TempfileReaper#call'
rack (3.2.6) lib/rack/etag.rb:29:in 'Rack::ETag#call'
rack (3.2.6) lib/rack/conditional_get.rb:31:in 'Rack::ConditionalGet#call'
rack (3.2.6) lib/rack/head.rb:15:in 'Rack::Head#call'
actionpack (8.1.3) lib/action_dispatch/http/content_security_policy.rb:38:in 'ActionDispatch::ContentSecurityPolicy::Middleware#call'
rack-session (2.1.2) lib/rack/session/abstract/id.rb:274:in 'Rack::Session::Abstract::Persisted#context'
rack-session (2.1.2) lib/rack/session/abstract/id.rb:268:in 'Rack::Session::Abstract::Persisted#call'
actionpack (8.1.3) lib/action_dispatch/middleware/cookies.rb:708:in 'ActionDispatch::Cookies#call'
activerecord (8.1.3) lib/active_record/migration.rb:671:in 'ActiveRecord::Migration::CheckPending#call'
actionpack (8.1.3) lib/action_dispatch/middleware/callbacks.rb:31:in 'block in ActionDispatch::Callbacks#call'
activesupport (8.1.3) lib/active_support/callbacks.rb:101:in 'ActiveSupport::Callbacks#run_callbacks'
actionpack (8.1.3) lib/action_dispatch/middleware/callbacks.rb:30:in 'ActionDispatch::Callbacks#call'
actionpack (8.1.3) lib/action_dispatch/middleware/executor.rb:20:in 'ActionDispatch::Executor#call'
actionpack (8.1.3) lib/action_dispatch/middleware/actionable_exceptions.rb:18:in 'ActionDispatch::ActionableExceptions#call'
actionpack (8.1.3) lib/action_dispatch/middleware/debug_exceptions.rb:31:in 'ActionDispatch::DebugExceptions#call'
web-console (4.3.0) lib/web_console/middleware.rb:132:in 'WebConsole::Middleware#call_app'
web-console (4.3.0) lib/web_console/middleware.rb:28:in 'block in WebConsole::Middleware#call'
web-console (4.3.0) lib/web_console/middleware.rb:17:in 'Kernel#catch'
web-console (4.3.0) lib/web_console/middleware.rb:17:in 'WebConsole::Middleware#call'
actionpack (8.1.3) lib/action_dispatch/middleware/show_exceptions.rb:32:in 'ActionDispatch::ShowExceptions#call'
railties (8.1.3) lib/rails/rack/logger.rb:41:in 'Rails::Rack::Logger#call_app'
railties (8.1.3) lib/rails/rack/logger.rb:29:in 'Rails::Rack::Logger#call'
propshaft (1.3.2) lib/propshaft/quiet_assets.rb:11:in 'Propshaft::QuietAssets#call'
actionpack (8.1.3) lib/action_dispatch/middleware/remote_ip.rb:98:in 'ActionDispatch::RemoteIp#call'
actionpack (8.1.3) lib/action_dispatch/middleware/request_id.rb:34:in 'ActionDispatch::RequestId#call'
rack (3.2.6) lib/rack/method_override.rb:28:in 'Rack::MethodOverride#call'
rack (3.2.6) lib/rack/runtime.rb:24:in 'Rack::Runtime#call'
activesupport (8.1.3) lib/active_support/cache/strategy/local_cache_middleware.rb:30:in 'ActiveSupport::Cache::Strategy::LocalCache::Middleware#call'
actionpack (8.1.3) lib/action_dispatch/middleware/server_timing.rb:61:in 'block in ActionDispatch::ServerTiming#call'
actionpack (8.1.3) lib/action_dispatch/middleware/server_timing.rb:26:in 'ActionDispatch::ServerTiming::Subscriber#collect_events'
actionpack (8.1.3) lib/action_dispatch/middleware/server_timing.rb:60:in 'ActionDispatch::ServerTiming#call'
actionpack (8.1.3) lib/action_dispatch/middleware/executor.rb:20:in 'ActionDispatch::Executor#call'
propshaft (1.3.2) lib/propshaft/server.rb:37:in 'Propshaft::Server#call'
actionpack (8.1.3) lib/action_dispatch/middleware/static.rb:27:in 'ActionDispatch::Static#call'
rack (3.2.6) lib/rack/sendfile.rb:131:in 'Rack::Sendfile#call'
actionpack (8.1.3) lib/action_dispatch/middleware/host_authorization.rb:143:in 'ActionDispatch::HostAuthorization#call'
railties (8.1.3) lib/rails/engine.rb:534:in 'Rails::Engine#call'
puma (8.0.2) lib/puma/configuration.rb:305:in 'Puma::Configuration::ConfigMiddleware#call'
puma (8.0.2) lib/puma/response.rb:79:in 'block in Puma::Response#handle_request'
puma (8.0.2) lib/puma/thread_pool.rb:434:in 'Puma::ThreadPool#with_force_shutdown'
puma (8.0.2) lib/puma/response.rb:78:in 'Puma::Response#handle_request'
puma (8.0.2) lib/puma/server.rb:508:in 'Puma::Server#process_client'
puma (8.0.2) lib/puma/server.rb:263:in 'block in Puma::Server#run'
puma (8.0.2) lib/puma/thread_pool.rb:246:in 'block in Puma::ThreadPool#spawn_thread'
Started GET "/products/1" for ::1 at 2026-06-07 18:38:36 +0300
Processing by ProductsController#show as HTML
  Parameters: {"id" => "1"}
  [1m[36mProduct Load (0.2ms)[0m  [1m[34mSELECT "products".* FROM "products" WHERE "products"."id" = 1 LIMIT 1 /*action='show',application='Store',controller='products'*/[0m
  ↳ app/controllers/products_controller.rb:6:in 'ProductsController#show'
Completed 406 Not Acceptable in 2ms (ActiveRecord: 0.2ms (1 query, 0 cached) | GC: 0.0ms)


  
ActionController::MissingExactTemplate (ProductsController#show is missing a template for request formats: text/html):
  
actionpack (8.1.3) lib/action_controller/metal/implicit_render.rb:49:in 'ActionController::ImplicitRender#default_render'
actionpack (8.1.3) lib/action_controller/metal/basic_implicit_render.rb:9:in 'ActionController::BasicImplicitRender#send_action'
actionpack (8.1.3) lib/abstract_controller/base.rb:221:in 'AbstractController::Base#process_action'
actionpack (8.1.3) lib/action_controller/metal/rendering.rb:199:in 'ActionController::Rendering#process_action'
actionpack (8.1.3) lib/abstract_controller/callbacks.rb:267:in 'block in AbstractController::Callbacks#process_action'
activesupport (8.1.3) lib/active_support/callbacks.rb:121:in 'block in ActiveSupport::Callbacks#run_callbacks'
turbo-rails (2.0.23) lib/turbo-rails.rb:24:in 'Turbo.with_request_id'
turbo-rails (2.0.23) app/controllers/concerns/turbo/request_id_tracking.rb:10:in 'Turbo::RequestIdTracking#turbo_tracking_request_id'
activesupport (8.1.3) lib/active_support/callbacks.rb:130:in 'block in ActiveSupport::Callbacks#run_callbacks'
actiontext (8.1.3) lib/action_text/rendering.rb:24:in 'ActionText::Rendering::ClassMethods#with_renderer'
actiontext (8.1.3) lib/action_text/engine.rb:72:in 'block (4 levels) in <class:Engine>'
activesupport (8.1.3) lib/active_support/callbacks.rb:130:in 'BasicObject#instance_exec'
activesupport (8.1.3) lib/active_support/callbacks.rb:130:in 'block in ActiveSupport::Callbacks#run_callbacks'
activesupport (8.1.3) lib/active_support/callbacks.rb:141:in 'ActiveSupport::Callbacks#run_callbacks'
actionpack (8.1.3) lib/abstract_controller/callbacks.rb:266:in 'AbstractController::Callbacks#process_action'
actionpack (8.1.3) lib/action_controller/metal/rescue.rb:36:in 'ActionController::Rescue#process_action'
actionpack (8.1.3) lib/action_controller/metal/instrumentation.rb:76:in 'block in ActionController::Instrumentation#process_action'
activesupport (8.1.3) lib/active_support/notifications.rb:210:in 'block in ActiveSupport::Notifications.instrument'
activesupport (8.1.3) lib/active_support/notifications/instrumenter.rb:58:in 'ActiveSupport::Notifications::Instrumenter#instrument'
activesupport (8.1.3) lib/active_support/notifications.rb:210:in 'ActiveSupport::Notifications.instrument'
actionpack (8.1.3) lib/action_controller/metal/instrumentation.rb:75:in 'ActionController::Instrumentation#process_action'
actionpack (8.1.3) lib/action_controller/metal/params_wrapper.rb:259:in 'ActionController::ParamsWrapper#process_action'
activerecord (8.1.3) lib/active_record/railties/controller_runtime.rb:39:in 'ActiveRecord::Railties::ControllerRuntime#process_action'
actionpack (8.1.3) lib/abstract_controller/base.rb:154:in 'AbstractController::Base#process'
actionview (8.1.3) lib/action_view/rendering.rb:40:in 'ActionView::Rendering#process'
actionpack (8.1.3) lib/action_controller/metal.rb:252:in 'ActionController::Metal#dispatch'
actionpack (8.1.3) lib/action_controller/metal.rb:335:in 'ActionController::Metal.dispatch'
actionpack (8.1.3) lib/action_dispatch/routing/route_set.rb:65:in 'ActionDispatch::Routing::RouteSet::Dispatcher#dispatch'
actionpack (8.1.3) lib/action_dispatch/routing/route_set.rb:50:in 'ActionDispatch::Routing::RouteSet::Dispatcher#serve'
actionpack (8.1.3) lib/action_dispatch/journey/router.rb:35:in 'block in ActionDispatch::Journey::Router#serve'
actionpack (8.1.3) lib/action_dispatch/journey/router.rb:86:in 'block in ActionDispatch::Journey::Router#recognize'
actionpack (8.1.3) lib/action_dispatch/journey/router.rb:66:in 'Array#each'
actionpack (8.1.3) lib/action_dispatch/journey/router.rb:66:in 'ActionDispatch::Journey::Router#recognize'
actionpack (8.1.3) lib/action_dispatch/journey/router.rb:31:in 'ActionDispatch::Journey::Router#serve'
actionpack (8.1.3) lib/action_dispatch/routing/route_set.rb:906:in 'ActionDispatch::Routing::RouteSet#call'
railties (8.1.3) lib/rails/engine/lazy_route_set.rb:60:in 'Rails::Engine::LazyRouteSet#call'
rack (3.2.6) lib/rack/tempfile_reaper.rb:20:in 'Rack::TempfileReaper#call'
rack (3.2.6) lib/rack/etag.rb:29:in 'Rack::ETag#call'
rack (3.2.6) lib/rack/conditional_get.rb:31:in 'Rack::ConditionalGet#call'
rack (3.2.6) lib/rack/head.rb:15:in 'Rack::Head#call'
actionpack (8.1.3) lib/action_dispatch/http/content_security_policy.rb:38:in 'ActionDispatch::ContentSecurityPolicy::Middleware#call'
rack-session (2.1.2) lib/rack/session/abstract/id.rb:274:in 'Rack::Session::Abstract::Persisted#context'
rack-session (2.1.2) lib/rack/session/abstract/id.rb:268:in 'Rack::Session::Abstract::Persisted#call'
actionpack (8.1.3) lib/action_dispatch/middleware/cookies.rb:708:in 'ActionDispatch::Cookies#call'
activerecord (8.1.3) lib/active_record/migration.rb:671:in 'ActiveRecord::Migration::CheckPending#call'
actionpack (8.1.3) lib/action_dispatch/middleware/callbacks.rb:31:in 'block in ActionDispatch::Callbacks#call'
activesupport (8.1.3) lib/active_support/callbacks.rb:101:in 'ActiveSupport::Callbacks#run_callbacks'
actionpack (8.1.3) lib/action_dispatch/middleware/callbacks.rb:30:in 'ActionDispatch::Callbacks#call'
actionpack (8.1.3) lib/action_dispatch/middleware/executor.rb:20:in 'ActionDispatch::Executor#call'
actionpack (8.1.3) lib/action_dispatch/middleware/actionable_exceptions.rb:18:in 'ActionDispatch::ActionableExceptions#call'
actionpack (8.1.3) lib/action_dispatch/middleware/debug_exceptions.rb:31:in 'ActionDispatch::DebugExceptions#call'
web-console (4.3.0) lib/web_console/middleware.rb:132:in 'WebConsole::Middleware#call_app'
web-console (4.3.0) lib/web_console/middleware.rb:28:in 'block in WebConsole::Middleware#call'
web-console (4.3.0) lib/web_console/middleware.rb:17:in 'Kernel#catch'
web-console (4.3.0) lib/web_console/middleware.rb:17:in 'WebConsole::Middleware#call'
actionpack (8.1.3) lib/action_dispatch/middleware/show_exceptions.rb:32:in 'ActionDispatch::ShowExceptions#call'
railties (8.1.3) lib/rails/rack/logger.rb:41:in 'Rails::Rack::Logger#call_app'
railties (8.1.3) lib/rails/rack/logger.rb:29:in 'Rails::Rack::Logger#call'
propshaft (1.3.2) lib/propshaft/quiet_assets.rb:11:in 'Propshaft::QuietAssets#call'
actionpack (8.1.3) lib/action_dispatch/middleware/remote_ip.rb:98:in 'ActionDispatch::RemoteIp#call'
actionpack (8.1.3) lib/action_dispatch/middleware/request_id.rb:34:in 'ActionDispatch::RequestId#call'
rack (3.2.6) lib/rack/method_override.rb:28:in 'Rack::MethodOverride#call'
rack (3.2.6) lib/rack/runtime.rb:24:in 'Rack::Runtime#call'
activesupport (8.1.3) lib/active_support/cache/strategy/local_cache_middleware.rb:30:in 'ActiveSupport::Cache::Strategy::LocalCache::Middleware#call'
actionpack (8.1.3) lib/action_dispatch/middleware/server_timing.rb:61:in 'block in ActionDispatch::ServerTiming#call'
actionpack (8.1.3) lib/action_dispatch/middleware/server_timing.rb:26:in 'ActionDispatch::ServerTiming::Subscriber#collect_events'
actionpack (8.1.3) lib/action_dispatch/middleware/server_timing.rb:60:in 'ActionDispatch::ServerTiming#call'
actionpack (8.1.3) lib/action_dispatch/middleware/executor.rb:20:in 'ActionDispatch::Executor#call'
propshaft (1.3.2) lib/propshaft/server.rb:37:in 'Propshaft::Server#call'
actionpack (8.1.3) lib/action_dispatch/middleware/static.rb:27:in 'ActionDispatch::Static#call'
rack (3.2.6) lib/rack/sendfile.rb:131:in 'Rack::Sendfile#call'
actionpack (8.1.3) lib/action_dispatch/middleware/host_authorization.rb:143:in 'ActionDispatch::HostAuthorization#call'
railties (8.1.3) lib/rails/engine.rb:534:in 'Rails::Engine#call'
puma (8.0.2) lib/puma/configuration.rb:305:in 'Puma::Configuration::ConfigMiddleware#call'
puma (8.0.2) lib/puma/response.rb:79:in 'block in Puma::Response#handle_request'
puma (8.0.2) lib/puma/thread_pool.rb:434:in 'Puma::ThreadPool#with_force_shutdown'
puma (8.0.2) lib/puma/response.rb:78:in 'Puma::Response#handle_request'
puma (8.0.2) lib/puma/server.rb:508:in 'Puma::Server#process_client'
puma (8.0.2) lib/puma/server.rb:263:in 'block in Puma::Server#run'
puma (8.0.2) lib/puma/thread_pool.rb:246:in 'block in Puma::ThreadPool#spawn_thread'
Started GET "/products/1" for ::1 at 2026-06-07 18:38:36 +0300
Processing by ProductsController#show as HTML
  Parameters: {"id" => "1"}
  [1m[36mProduct Load (0.2ms)[0m  [1m[34mSELECT "products".* FROM "products" WHERE "products"."id" = 1 LIMIT 1 /*action='show',application='Store',controller='products'*/[0m
  ↳ app/controllers/products_controller.rb:6:in 'ProductsController#show'
Completed 406 Not Acceptable in 2ms (ActiveRecord: 0.2ms (1 query, 0 cached) | GC: 0.0ms)


  
ActionController::MissingExactTemplate (ProductsController#show is missing a template for request formats: text/html):
  
actionpack (8.1.3) lib/action_controller/metal/implicit_render.rb:49:in 'ActionController::ImplicitRender#default_render'
actionpack (8.1.3) lib/action_controller/metal/basic_implicit_render.rb:9:in 'ActionController::BasicImplicitRender#send_action'
actionpack (8.1.3) lib/abstract_controller/base.rb:221:in 'AbstractController::Base#process_action'
actionpack (8.1.3) lib/action_controller/metal/rendering.rb:199:in 'ActionController::Rendering#process_action'
actionpack (8.1.3) lib/abstract_controller/callbacks.rb:267:in 'block in AbstractController::Callbacks#process_action'
activesupport (8.1.3) lib/active_support/callbacks.rb:121:in 'block in ActiveSupport::Callbacks#run_callbacks'
turbo-rails (2.0.23) lib/turbo-rails.rb:24:in 'Turbo.with_request_id'
turbo-rails (2.0.23) app/controllers/concerns/turbo/request_id_tracking.rb:10:in 'Turbo::RequestIdTracking#turbo_tracking_request_id'
activesupport (8.1.3) lib/active_support/callbacks.rb:130:in 'block in ActiveSupport::Callbacks#run_callbacks'
actiontext (8.1.3) lib/action_text/rendering.rb:24:in 'ActionText::Rendering::ClassMethods#with_renderer'
actiontext (8.1.3) lib/action_text/engine.rb:72:in 'block (4 levels) in <class:Engine>'
activesupport (8.1.3) lib/active_support/callbacks.rb:130:in 'BasicObject#instance_exec'
activesupport (8.1.3) lib/active_support/callbacks.rb:130:in 'block in ActiveSupport::Callbacks#run_callbacks'
activesupport (8.1.3) lib/active_support/callbacks.rb:141:in 'ActiveSupport::Callbacks#run_callbacks'
actionpack (8.1.3) lib/abstract_controller/callbacks.rb:266:in 'AbstractController::Callbacks#process_action'
actionpack (8.1.3) lib/action_controller/metal/rescue.rb:36:in 'ActionController::Rescue#process_action'
actionpack (8.1.3) lib/action_controller/metal/instrumentation.rb:76:in 'block in ActionController::Instrumentation#process_action'
activesupport (8.1.3) lib/active_support/notifications.rb:210:in 'block in ActiveSupport::Notifications.instrument'
activesupport (8.1.3) lib/active_support/notifications/instrumenter.rb:58:in 'ActiveSupport::Notifications::Instrumenter#instrument'
activesupport (8.1.3) lib/active_support/notifications.rb:210:in 'ActiveSupport::Notifications.instrument'
actionpack (8.1.3) lib/action_controller/metal/instrumentation.rb:75:in 'ActionController::Instrumentation#process_action'
actionpack (8.1.3) lib/action_controller/metal/params_wrapper.rb:259:in 'ActionController::ParamsWrapper#process_action'
activerecord (8.1.3) lib/active_record/railties/controller_runtime.rb:39:in 'ActiveRecord::Railties::ControllerRuntime#process_action'
actionpack (8.1.3) lib/abstract_controller/base.rb:154:in 'AbstractController::Base#process'
actionview (8.1.3) lib/action_view/rendering.rb:40:in 'ActionView::Rendering#process'
actionpack (8.1.3) lib/action_controller/metal.rb:252:in 'ActionController::Metal#dispatch'
actionpack (8.1.3) lib/action_controller/metal.rb:335:in 'ActionController::Metal.dispatch'
actionpack (8.1.3) lib/action_dispatch/routing/route_set.rb:65:in 'ActionDispatch::Routing::RouteSet::Dispatcher#dispatch'
actionpack (8.1.3) lib/action_dispatch/routing/route_set.rb:50:in 'ActionDispatch::Routing::RouteSet::Dispatcher#serve'
actionpack (8.1.3) lib/action_dispatch/journey/router.rb:35:in 'block in ActionDispatch::Journey::Router#serve'
actionpack (8.1.3) lib/action_dispatch/journey/router.rb:86:in 'block in ActionDispatch::Journey::Router#recognize'
actionpack (8.1.3) lib/action_dispatch/journey/router.rb:66:in 'Array#each'
actionpack (8.1.3) lib/action_dispatch/journey/router.rb:66:in 'ActionDispatch::Journey::Router#recognize'
actionpack (8.1.3) lib/action_dispatch/journey/router.rb:31:in 'ActionDispatch::Journey::Router#serve'
actionpack (8.1.3) lib/action_dispatch/routing/route_set.rb:906:in 'ActionDispatch::Routing::RouteSet#call'
railties (8.1.3) lib/rails/engine/lazy_route_set.rb:60:in 'Rails::Engine::LazyRouteSet#call'
rack (3.2.6) lib/rack/tempfile_reaper.rb:20:in 'Rack::TempfileReaper#call'
rack (3.2.6) lib/rack/etag.rb:29:in 'Rack::ETag#call'
rack (3.2.6) lib/rack/conditional_get.rb:31:in 'Rack::ConditionalGet#call'
rack (3.2.6) lib/rack/head.rb:15:in 'Rack::Head#call'
actionpack (8.1.3) lib/action_dispatch/http/content_security_policy.rb:38:in 'ActionDispatch::ContentSecurityPolicy::Middleware#call'
rack-session (2.1.2) lib/rack/session/abstract/id.rb:274:in 'Rack::Session::Abstract::Persisted#context'
rack-session (2.1.2) lib/rack/session/abstract/id.rb:268:in 'Rack::Session::Abstract::Persisted#call'
actionpack (8.1.3) lib/action_dispatch/middleware/cookies.rb:708:in 'ActionDispatch::Cookies#call'
activerecord (8.1.3) lib/active_record/migration.rb:671:in 'ActiveRecord::Migration::CheckPending#call'
actionpack (8.1.3) lib/action_dispatch/middleware/callbacks.rb:31:in 'block in ActionDispatch::Callbacks#call'
activesupport (8.1.3) lib/active_support/callbacks.rb:101:in 'ActiveSupport::Callbacks#run_callbacks'
actionpack (8.1.3) lib/action_dispatch/middleware/callbacks.rb:30:in 'ActionDispatch::Callbacks#call'
actionpack (8.1.3) lib/action_dispatch/middleware/executor.rb:20:in 'ActionDispatch::Executor#call'
actionpack (8.1.3) lib/action_dispatch/middleware/actionable_exceptions.rb:18:in 'ActionDispatch::ActionableExceptions#call'
actionpack (8.1.3) lib/action_dispatch/middleware/debug_exceptions.rb:31:in 'ActionDispatch::DebugExceptions#call'
web-console (4.3.0) lib/web_console/middleware.rb:132:in 'WebConsole::Middleware#call_app'
web-console (4.3.0) lib/web_console/middleware.rb:28:in 'block in WebConsole::Middleware#call'
web-console (4.3.0) lib/web_console/middleware.rb:17:in 'Kernel#catch'
web-console (4.3.0) lib/web_console/middleware.rb:17:in 'WebConsole::Middleware#call'
actionpack (8.1.3) lib/action_dispatch/middleware/show_exceptions.rb:32:in 'ActionDispatch::ShowExceptions#call'
railties (8.1.3) lib/rails/rack/logger.rb:41:in 'Rails::Rack::Logger#call_app'
railties (8.1.3) lib/rails/rack/logger.rb:29:in 'Rails::Rack::Logger#call'
propshaft (1.3.2) lib/propshaft/quiet_assets.rb:11:in 'Propshaft::QuietAssets#call'
actionpack (8.1.3) lib/action_dispatch/middleware/remote_ip.rb:98:in 'ActionDispatch::RemoteIp#call'
actionpack (8.1.3) lib/action_dispatch/middleware/request_id.rb:34:in 'ActionDispatch::RequestId#call'
rack (3.2.6) lib/rack/method_override.rb:28:in 'Rack::MethodOverride#call'
rack (3.2.6) lib/rack/runtime.rb:24:in 'Rack::Runtime#call'
activesupport (8.1.3) lib/active_support/cache/strategy/local_cache_middleware.rb:30:in 'ActiveSupport::Cache::Strategy::LocalCache::Middleware#call'
actionpack (8.1.3) lib/action_dispatch/middleware/server_timing.rb:61:in 'block in ActionDispatch::ServerTiming#call'
actionpack (8.1.3) lib/action_dispatch/middleware/server_timing.rb:26:in 'ActionDispatch::ServerTiming::Subscriber#collect_events'
actionpack (8.1.3) lib/action_dispatch/middleware/server_timing.rb:60:in 'ActionDispatch::ServerTiming#call'
actionpack (8.1.3) lib/action_dispatch/middleware/executor.rb:20:in 'ActionDispatch::Executor#call'
propshaft (1.3.2) lib/propshaft/server.rb:37:in 'Propshaft::Server#call'
actionpack (8.1.3) lib/action_dispatch/middleware/static.rb:27:in 'ActionDispatch::Static#call'
rack (3.2.6) lib/rack/sendfile.rb:131:in 'Rack::Sendfile#call'
actionpack (8.1.3) lib/action_dispatch/middleware/host_authorization.rb:143:in 'ActionDispatch::HostAuthorization#call'
railties (8.1.3) lib/rails/engine.rb:534:in 'Rails::Engine#call'
puma (8.0.2) lib/puma/configuration.rb:305:in 'Puma::Configuration::ConfigMiddleware#call'
puma (8.0.2) lib/puma/response.rb:79:in 'block in Puma::Response#handle_request'
puma (8.0.2) lib/puma/thread_pool.rb:434:in 'Puma::ThreadPool#with_force_shutdown'
puma (8.0.2) lib/puma/response.rb:78:in 'Puma::Response#handle_request'
puma (8.0.2) lib/puma/server.rb:508:in 'Puma::Server#process_client'
puma (8.0.2) lib/puma/server.rb:263:in 'block in Puma::Server#run'
puma (8.0.2) lib/puma/thread_pool.rb:246:in 'block in Puma::ThreadPool#spawn_thread'
Started GET "/products/1" for ::1 at 2026-06-07 18:38:36 +0300
Processing by ProductsController#show as HTML
  Parameters: {"id" => "1"}
  [1m[36mProduct Load (0.2ms)[0m  [1m[34mSELECT "products".* FROM "products" WHERE "products"."id" = 1 LIMIT 1 /*action='show',application='Store',controller='products'*/[0m
  ↳ app/controllers/products_controller.rb:6:in 'ProductsController#show'
Completed 406 Not Acceptable in 2ms (ActiveRecord: 0.2ms (1 query, 0 cached) | GC: 0.0ms)


  
ActionController::MissingExactTemplate (ProductsController#show is missing a template for request formats: text/html):
  
actionpack (8.1.3) lib/action_controller/metal/implicit_render.rb:49:in 'ActionController::ImplicitRender#default_render'
actionpack (8.1.3) lib/action_controller/metal/basic_implicit_render.rb:9:in 'ActionController::BasicImplicitRender#send_action'
actionpack (8.1.3) lib/abstract_controller/base.rb:221:in 'AbstractController::Base#process_action'
actionpack (8.1.3) lib/action_controller/metal/rendering.rb:199:in 'ActionController::Rendering#process_action'
actionpack (8.1.3) lib/abstract_controller/callbacks.rb:267:in 'block in AbstractController::Callbacks#process_action'
activesupport (8.1.3) lib/active_support/callbacks.rb:121:in 'block in ActiveSupport::Callbacks#run_callbacks'
turbo-rails (2.0.23) lib/turbo-rails.rb:24:in 'Turbo.with_request_id'
turbo-rails (2.0.23) app/controllers/concerns/turbo/request_id_tracking.rb:10:in 'Turbo::RequestIdTracking#turbo_tracking_request_id'
activesupport (8.1.3) lib/active_support/callbacks.rb:130:in 'block in ActiveSupport::Callbacks#run_callbacks'
actiontext (8.1.3) lib/action_text/rendering.rb:24:in 'ActionText::Rendering::ClassMethods#with_renderer'
actiontext (8.1.3) lib/action_text/engine.rb:72:in 'block (4 levels) in <class:Engine>'
activesupport (8.1.3) lib/active_support/callbacks.rb:130:in 'BasicObject#instance_exec'
activesupport (8.1.3) lib/active_support/callbacks.rb:130:in 'block in ActiveSupport::Callbacks#run_callbacks'
activesupport (8.1.3) lib/active_support/callbacks.rb:141:in 'ActiveSupport::Callbacks#run_callbacks'
actionpack (8.1.3) lib/abstract_controller/callbacks.rb:266:in 'AbstractController::Callbacks#process_action'
actionpack (8.1.3) lib/action_controller/metal/rescue.rb:36:in 'ActionController::Rescue#process_action'
actionpack (8.1.3) lib/action_controller/metal/instrumentation.rb:76:in 'block in ActionController::Instrumentation#process_action'
activesupport (8.1.3) lib/active_support/notifications.rb:210:in 'block in ActiveSupport::Notifications.instrument'
activesupport (8.1.3) lib/active_support/notifications/instrumenter.rb:58:in 'ActiveSupport::Notifications::Instrumenter#instrument'
activesupport (8.1.3) lib/active_support/notifications.rb:210:in 'ActiveSupport::Notifications.instrument'
actionpack (8.1.3) lib/action_controller/metal/instrumentation.rb:75:in 'ActionController::Instrumentation#process_action'
actionpack (8.1.3) lib/action_controller/metal/params_wrapper.rb:259:in 'ActionController::ParamsWrapper#process_action'
activerecord (8.1.3) lib/active_record/railties/controller_runtime.rb:39:in 'ActiveRecord::Railties::ControllerRuntime#process_action'
actionpack (8.1.3) lib/abstract_controller/base.rb:154:in 'AbstractController::Base#process'
actionview (8.1.3) lib/action_view/rendering.rb:40:in 'ActionView::Rendering#process'
actionpack (8.1.3) lib/action_controller/metal.rb:252:in 'ActionController::Metal#dispatch'
actionpack (8.1.3) lib/action_controller/metal.rb:335:in 'ActionController::Metal.dispatch'
actionpack (8.1.3) lib/action_dispatch/routing/route_set.rb:65:in 'ActionDispatch::Routing::RouteSet::Dispatcher#dispatch'
actionpack (8.1.3) lib/action_dispatch/routing/route_set.rb:50:in 'ActionDispatch::Routing::RouteSet::Dispatcher#serve'
actionpack (8.1.3) lib/action_dispatch/journey/router.rb:35:in 'block in ActionDispatch::Journey::Router#serve'
actionpack (8.1.3) lib/action_dispatch/journey/router.rb:86:in 'block in ActionDispatch::Journey::Router#recognize'
actionpack (8.1.3) lib/action_dispatch/journey/router.rb:66:in 'Array#each'
actionpack (8.1.3) lib/action_dispatch/journey/router.rb:66:in 'ActionDispatch::Journey::Router#recognize'
actionpack (8.1.3) lib/action_dispatch/journey/router.rb:31:in 'ActionDispatch::Journey::Router#serve'
actionpack (8.1.3) lib/action_dispatch/routing/route_set.rb:906:in 'ActionDispatch::Routing::RouteSet#call'
railties (8.1.3) lib/rails/engine/lazy_route_set.rb:60:in 'Rails::Engine::LazyRouteSet#call'
rack (3.2.6) lib/rack/tempfile_reaper.rb:20:in 'Rack::TempfileReaper#call'
rack (3.2.6) lib/rack/etag.rb:29:in 'Rack::ETag#call'
rack (3.2.6) lib/rack/conditional_get.rb:31:in 'Rack::ConditionalGet#call'
rack (3.2.6) lib/rack/head.rb:15:in 'Rack::Head#call'
actionpack (8.1.3) lib/action_dispatch/http/content_security_policy.rb:38:in 'ActionDispatch::ContentSecurityPolicy::Middleware#call'
rack-session (2.1.2) lib/rack/session/abstract/id.rb:274:in 'Rack::Session::Abstract::Persisted#context'
rack-session (2.1.2) lib/rack/session/abstract/id.rb:268:in 'Rack::Session::Abstract::Persisted#call'
actionpack (8.1.3) lib/action_dispatch/middleware/cookies.rb:708:in 'ActionDispatch::Cookies#call'
activerecord (8.1.3) lib/active_record/migration.rb:671:in 'ActiveRecord::Migration::CheckPending#call'
actionpack (8.1.3) lib/action_dispatch/middleware/callbacks.rb:31:in 'block in ActionDispatch::Callbacks#call'
activesupport (8.1.3) lib/active_support/callbacks.rb:101:in 'ActiveSupport::Callbacks#run_callbacks'
actionpack (8.1.3) lib/action_dispatch/middleware/callbacks.rb:30:in 'ActionDispatch::Callbacks#call'
actionpack (8.1.3) lib/action_dispatch/middleware/executor.rb:20:in 'ActionDispatch::Executor#call'
actionpack (8.1.3) lib/action_dispatch/middleware/actionable_exceptions.rb:18:in 'ActionDispatch::ActionableExceptions#call'
actionpack (8.1.3) lib/action_dispatch/middleware/debug_exceptions.rb:31:in 'ActionDispatch::DebugExceptions#call'
web-console (4.3.0) lib/web_console/middleware.rb:132:in 'WebConsole::Middleware#call_app'
web-console (4.3.0) lib/web_console/middleware.rb:28:in 'block in WebConsole::Middleware#call'
web-console (4.3.0) lib/web_console/middleware.rb:17:in 'Kernel#catch'
web-console (4.3.0) lib/web_console/middleware.rb:17:in 'WebConsole::Middleware#call'
actionpack (8.1.3) lib/action_dispatch/middleware/show_exceptions.rb:32:in 'ActionDispatch::ShowExceptions#call'
railties (8.1.3) lib/rails/rack/logger.rb:41:in 'Rails::Rack::Logger#call_app'
railties (8.1.3) lib/rails/rack/logger.rb:29:in 'Rails::Rack::Logger#call'
propshaft (1.3.2) lib/propshaft/quiet_assets.rb:11:in 'Propshaft::QuietAssets#call'
actionpack (8.1.3) lib/action_dispatch/middleware/remote_ip.rb:98:in 'ActionDispatch::RemoteIp#call'
actionpack (8.1.3) lib/action_dispatch/middleware/request_id.rb:34:in 'ActionDispatch::RequestId#call'
rack (3.2.6) lib/rack/method_override.rb:28:in 'Rack::MethodOverride#call'
rack (3.2.6) lib/rack/runtime.rb:24:in 'Rack::Runtime#call'
activesupport (8.1.3) lib/active_support/cache/strategy/local_cache_middleware.rb:30:in 'ActiveSupport::Cache::Strategy::LocalCache::Middleware#call'
actionpack (8.1.3) lib/action_dispatch/middleware/server_timing.rb:61:in 'block in ActionDispatch::ServerTiming#call'
actionpack (8.1.3) lib/action_dispatch/middleware/server_timing.rb:26:in 'ActionDispatch::ServerTiming::Subscriber#collect_events'
actionpack (8.1.3) lib/action_dispatch/middleware/server_timing.rb:60:in 'ActionDispatch::ServerTiming#call'
actionpack (8.1.3) lib/action_dispatch/middleware/executor.rb:20:in 'ActionDispatch::Executor#call'
propshaft (1.3.2) lib/propshaft/server.rb:37:in 'Propshaft::Server#call'
actionpack (8.1.3) lib/action_dispatch/middleware/static.rb:27:in 'ActionDispatch::Static#call'
rack (3.2.6) lib/rack/sendfile.rb:131:in 'Rack::Sendfile#call'
actionpack (8.1.3) lib/action_dispatch/middleware/host_authorization.rb:143:in 'ActionDispatch::HostAuthorization#call'
railties (8.1.3) lib/rails/engine.rb:534:in 'Rails::Engine#call'
puma (8.0.2) lib/puma/configuration.rb:305:in 'Puma::Configuration::ConfigMiddleware#call'
puma (8.0.2) lib/puma/response.rb:79:in 'block in Puma::Response#handle_request'
puma (8.0.2) lib/puma/thread_pool.rb:434:in 'Puma::ThreadPool#with_force_shutdown'
puma (8.0.2) lib/puma/response.rb:78:in 'Puma::Response#handle_request'
puma (8.0.2) lib/puma/server.rb:508:in 'Puma::Server#process_client'
puma (8.0.2) lib/puma/server.rb:263:in 'block in Puma::Server#run'
puma (8.0.2) lib/puma/thread_pool.rb:246:in 'block in Puma::ThreadPool#spawn_thread'
Started GET "/products/1" for ::1 at 2026-06-07 18:38:42 +0300
Processing by ProductsController#show as HTML
  Parameters: {"id" => "1"}
  [1m[36mProduct Load (0.1ms)[0m  [1m[34mSELECT "products".* FROM "products" WHERE "products"."id" = 1 LIMIT 1 /*action='show',application='Store',controller='products'*/[0m
  ↳ app/controllers/products_controller.rb:6:in 'ProductsController#show'
  Rendering layout layouts/application.html.erb
  Rendering products/show.html.erb within layouts/application
  Rendered products/show.html.erb within layouts/application (Duration: 0.4ms | GC: 0.0ms)
  Rendered layout layouts/application.html.erb (Duration: 2.8ms | GC: 0.0ms)
Completed 200 OK in 13ms (Views: 4.5ms | ActiveRecord: 2.6ms (1 query, 0 cached) | GC: 0.4ms)


Started GET "/products" for ::1 at 2026-06-07 18:38:46 +0300
Processing by ProductsController#index as HTML
  Rendering layout layouts/application.html.erb
  Rendering products/index.html.erb within layouts/application
  [1m[36mProduct Load (0.1ms)[0m  [1m[34mSELECT "products".* FROM "products" /*action='index',application='Store',controller='products'*/[0m
  ↳ app/views/products/index.html.erb:4
  Rendered products/index.html.erb within layouts/application (Duration: 1.3ms | GC: 0.0ms)
  Rendered layout layouts/application.html.erb (Duration: 2.3ms | GC: 0.0ms)
Completed 200 OK in 4ms (Views: 2.7ms | ActiveRecord: 0.1ms (1 query, 0 cached) | GC: 0.0ms)


Started GET "/products" for ::1 at 2026-06-07 18:40:14 +0300
Processing by ProductsController#index as HTML
  Rendering layout layouts/application.html.erb
  Rendering products/index.html.erb within layouts/application
  [1m[36mProduct Load (2.9ms)[0m  [1m[34mSELECT "products".* FROM "products" /*action='index',application='Store',controller='products'*/[0m
  ↳ app/views/products/index.html.erb:5
  Rendered products/index.html.erb within layouts/application (Duration: 6.1ms | GC: 0.0ms)
  Rendered layout layouts/application.html.erb (Duration: 11.5ms | GC: 3.0ms)
Completed 200 OK in 15ms (Views: 9.4ms | ActiveRecord: 3.2ms (1 query, 0 cached) | GC: 3.0ms)


Started GET "/products/1" for ::1 at 2026-06-07 18:40:15 +0300
Processing by ProductsController#show as HTML
  Parameters: {"id" => "1"}
  [1m[36mProduct Load (0.2ms)[0m  [1m[34mSELECT "products".* FROM "products" WHERE "products"."id" = 1 LIMIT 1 /*action='show',application='Store',controller='products'*/[0m
  ↳ app/controllers/products_controller.rb:6:in 'ProductsController#show'
  Rendering layout layouts/application.html.erb
  Rendering products/show.html.erb within layouts/application
  Rendered products/show.html.erb within layouts/application (Duration: 0.4ms | GC: 0.0ms)
  Rendered layout layouts/application.html.erb (Duration: 1.2ms | GC: 0.0ms)
Completed 200 OK in 5ms (Views: 1.7ms | ActiveRecord: 0.2ms (1 query, 0 cached) | GC: 0.5ms)


Started GET "/products" for ::1 at 2026-06-07 18:40:17 +0300
Processing by ProductsController#index as HTML
  Rendering layout layouts/application.html.erb
  Rendering products/index.html.erb within layouts/application
  [1m[36mProduct Load (0.2ms)[0m  [1m[34mSELECT "products".* FROM "products" /*action='index',application='Store',controller='products'*/[0m
  ↳ app/views/products/index.html.erb:5
  Rendered products/index.html.erb within layouts/application (Duration: 1.4ms | GC: 0.0ms)
  Rendered layout layouts/application.html.erb (Duration: 2.7ms | GC: 0.4ms)
Completed 200 OK in 4ms (Views: 3.0ms | ActiveRecord: 0.2ms (1 query, 0 cached) | GC: 0.4ms)


Started GET "/products/3" for ::1 at 2026-06-07 18:40:18 +0300
Processing by ProductsController#show as HTML
  Parameters: {"id" => "3"}
  [1m[36mProduct Load (0.2ms)[0m  [1m[34mSELECT "products".* FROM "products" WHERE "products"."id" = 3 LIMIT 1 /*action='show',application='Store',controller='products'*/[0m
  ↳ app/controllers/products_controller.rb:6:in 'ProductsController#show'
  Rendering layout layouts/application.html.erb
  Rendering products/show.html.erb within layouts/application
  Rendered products/show.html.erb within layouts/application (Duration: 0.1ms | GC: 0.0ms)
  Rendered layout layouts/application.html.erb (Duration: 0.8ms | GC: 0.0ms)
Completed 200 OK in 3ms (Views: 1.2ms | ActiveRecord: 0.2ms (1 query, 0 cached) | GC: 0.0ms)


Started GET "/products" for ::1 at 2026-06-07 18:40:19 +0300
Processing by ProductsController#index as HTML
  Rendering layout layouts/application.html.erb
  Rendering products/index.html.erb within layouts/application
  [1m[36mProduct Load (0.1ms)[0m  [1m[34mSELECT "products".* FROM "products" /*action='index',application='Store',controller='products'*/[0m
  ↳ app/views/products/index.html.erb:5
  Rendered products/index.html.erb within layouts/application (Duration: 1.0ms | GC: 0.0ms)
  Rendered layout layouts/application.html.erb (Duration: 1.8ms | GC: 0.0ms)
Completed 200 OK in 3ms (Views: 2.0ms | ActiveRecord: 0.1ms (1 query, 0 cached) | GC: 0.3ms)


Started GET "/products" for ::1 at 2026-06-07 18:43:07 +0300
Processing by ProductsController#index as HTML
  Rendering layout layouts/application.html.erb
  Rendering products/index.html.erb within layouts/application
  [1m[36mProduct Load (2.1ms)[0m  [1m[34mSELECT "products".* FROM "products" /*action='index',application='Store',controller='products'*/[0m
  ↳ app/views/products/index.html.erb:5
  Rendered products/index.html.erb within layouts/application (Duration: 6.3ms | GC: 0.2ms)
  Rendered layout layouts/application.html.erb (Duration: 9.2ms | GC: 0.6ms)
Completed 200 OK in 12ms (Views: 7.9ms | ActiveRecord: 2.5ms (1 query, 0 cached) | GC: 0.6ms)


Started GET "/products/1" for ::1 at 2026-06-07 18:43:09 +0300
Processing by ProductsController#show as HTML
  Parameters: {"id" => "1"}
  [1m[36mProduct Load (0.2ms)[0m  [1m[34mSELECT "products".* FROM "products" WHERE "products"."id" = 1 LIMIT 1 /*action='show',application='Store',controller='products'*/[0m
  ↳ app/controllers/products_controller.rb:6:in 'ProductsController#show'
  Rendering layout layouts/application.html.erb
  Rendering products/show.html.erb within layouts/application
  Rendered products/show.html.erb within layouts/application (Duration: 0.4ms | GC: 0.0ms)
  Rendered layout layouts/application.html.erb (Duration: 1.4ms | GC: 0.0ms)
Completed 200 OK in 5ms (Views: 2.3ms | ActiveRecord: 0.2ms (1 query, 0 cached) | GC: 0.3ms)


Started GET "/products" for ::1 at 2026-06-07 18:43:11 +0300
Processing by ProductsController#index as HTML
  Rendering layout layouts/application.html.erb
  Rendering products/index.html.erb within layouts/application
  [1m[36mProduct Load (0.1ms)[0m  [1m[34mSELECT "products".* FROM "products" /*action='index',application='Store',controller='products'*/[0m
  ↳ app/views/products/index.html.erb:5
  Rendered products/index.html.erb within layouts/application (Duration: 1.1ms | GC: 0.0ms)
  Rendered layout layouts/application.html.erb (Duration: 1.9ms | GC: 0.0ms)
Completed 200 OK in 4ms (Views: 2.4ms | ActiveRecord: 0.1ms (1 query, 0 cached) | GC: 0.0ms)


Started GET "/products" for ::1 at 2026-06-07 18:45:54 +0300
Processing by ProductsController#index as HTML
  Rendering layout layouts/application.html.erb
  Rendering products/index.html.erb within layouts/application
  [1m[36mProduct Load (2.9ms)[0m  [1m[34mSELECT "products".* FROM "products" /*action='index',application='Store',controller='products'*/[0m
  ↳ app/views/products/index.html.erb:7
  Rendered products/index.html.erb within layouts/application (Duration: 9.8ms | GC: 2.3ms)
  Rendered layout layouts/application.html.erb (Duration: 13.9ms | GC: 3.1ms)
Completed 200 OK in 22ms (Views: 13.2ms | ActiveRecord: 3.6ms (1 query, 0 cached) | GC: 6.9ms)


Started GET "/products/new" for ::1 at 2026-06-07 18:45:56 +0300
Processing by ProductsController#new as HTML
  Rendering layout layouts/application.html.erb
  Rendering products/new.html.erb within layouts/application
  Rendered products/new.html.erb within layouts/application (Duration: 9.7ms | GC: 0.7ms)
  Rendered layout layouts/application.html.erb (Duration: 10.3ms | GC: 0.7ms)
Completed 200 OK in 13ms (Views: 10.9ms | ActiveRecord: 0.0ms (0 queries, 0 cached) | GC: 0.7ms)


Started GET "/products/new" for ::1 at 2026-06-07 18:46:19 +0300
Processing by ProductsController#new as HTML
  Rendering layout layouts/application.html.erb
  Rendering products/new.html.erb within layouts/application
  Rendered products/new.html.erb within layouts/application (Duration: 1.2ms | GC: 0.0ms)
  Rendered layout layouts/application.html.erb (Duration: 3.1ms | GC: 0.0ms)
Completed 200 OK in 17ms (Views: 4.6ms | ActiveRecord: 7.3ms (0 queries, 0 cached) | GC: 0.3ms)


Started POST "/products" for ::1 at 2026-06-07 18:46:23 +0300
Processing by ProductsController#create as TURBO_STREAM
  Parameters: {"authenticity_token" => "[FILTERED]", "product" => {"name" => "fh"}, "commit" => "Create Product"}
No template found for ProductsController#create, rendering head :no_content
Completed 204 No Content in 2ms (ActiveRecord: 0.0ms (0 queries, 0 cached) | GC: 0.4ms)


Started POST "/products" for ::1 at 2026-06-07 18:46:24 +0300
Processing by ProductsController#create as TURBO_STREAM
  Parameters: {"authenticity_token" => "[FILTERED]", "product" => {"name" => "fh"}, "commit" => "Create Product"}
No template found for ProductsController#create, rendering head :no_content
Completed 204 No Content in 1ms (ActiveRecord: 0.0ms (0 queries, 0 cached) | GC: 0.0ms)


Started POST "/products" for ::1 at 2026-06-07 18:46:24 +0300
Processing by ProductsController#create as TURBO_STREAM
  Parameters: {"authenticity_token" => "[FILTERED]", "product" => {"name" => "fh"}, "commit" => "Create Product"}
No template found for ProductsController#create, rendering head :no_content
Completed 204 No Content in 1ms (ActiveRecord: 0.0ms (0 queries, 0 cached) | GC: 0.0ms)


Started POST "/products" for ::1 at 2026-06-07 18:46:25 +0300
Processing by ProductsController#create as TURBO_STREAM
  Parameters: {"authenticity_token" => "[FILTERED]", "product" => {"name" => "fh"}, "commit" => "Create Product"}
No template found for ProductsController#create, rendering head :no_content
Completed 204 No Content in 4ms (ActiveRecord: 0.0ms (0 queries, 0 cached) | GC: 0.0ms)


Started POST "/products" for ::1 at 2026-06-07 18:46:25 +0300
Processing by ProductsController#create as TURBO_STREAM
  Parameters: {"authenticity_token" => "[FILTERED]", "product" => {"name" => "fh"}, "commit" => "Create Product"}
No template found for ProductsController#create, rendering head :no_content
Completed 204 No Content in 1ms (ActiveRecord: 0.0ms (0 queries, 0 cached) | GC: 0.0ms)


Started POST "/products" for ::1 at 2026-06-07 18:46:25 +0300
Processing by ProductsController#create as TURBO_STREAM
  Parameters: {"authenticity_token" => "[FILTERED]", "product" => {"name" => "fh"}, "commit" => "Create Product"}
No template found for ProductsController#create, rendering head :no_content
Completed 204 No Content in 1ms (ActiveRecord: 0.0ms (0 queries, 0 cached) | GC: 0.0ms)


Started POST "/products" for ::1 at 2026-06-07 18:46:25 +0300
Processing by ProductsController#create as TURBO_STREAM
  Parameters: {"authenticity_token" => "[FILTERED]", "product" => {"name" => "fh"}, "commit" => "Create Product"}
No template found for ProductsController#create, rendering head :no_content
Completed 204 No Content in 2ms (ActiveRecord: 0.0ms (0 queries, 0 cached) | GC: 0.0ms)


Started POST "/products" for ::1 at 2026-06-07 18:46:25 +0300
Processing by ProductsController#create as TURBO_STREAM
  Parameters: {"authenticity_token" => "[FILTERED]", "product" => {"name" => "fh"}, "commit" => "Create Product"}
No template found for ProductsController#create, rendering head :no_content
Completed 204 No Content in 1ms (ActiveRecord: 0.0ms (0 queries, 0 cached) | GC: 0.0ms)


Started GET "/products/new" for ::1 at 2026-06-07 18:51:03 +0300
Processing by ProductsController#new as HTML
  Rendering layout layouts/application.html.erb
  Rendering products/new.html.erb within layouts/application
  Rendered products/new.html.erb within layouts/application (Duration: 1.2ms | GC: 0.0ms)
  Rendered layout layouts/application.html.erb (Duration: 6.9ms | GC: 3.6ms)
Completed 200 OK in 15ms (Views: 8.1ms | ActiveRecord: 2.7ms (0 queries, 0 cached) | GC: 3.6ms)


Started POST "/products" for ::1 at 2026-06-07 18:51:08 +0300
Processing by ProductsController#create as TURBO_STREAM
  Parameters: {"authenticity_token" => "[FILTERED]", "product" => {"name" => "new product"}, "commit" => "Create Product"}
  [1m[36mTRANSACTION (0.1ms)[0m  [1m[35mBEGIN immediate TRANSACTION /*action='create',application='Store',controller='products'*/[0m
  ↳ app/controllers/products_controller.rb:13:in 'ProductsController#create'
  [1m[36mProduct Create (1.0ms)[0m  [1m[32mINSERT INTO "products" ("name", "created_at", "updated_at") VALUES ('new product', '2026-06-07 15:51:08.082936', '2026-06-07 15:51:08.082936') RETURNING "id" /*action='create',application='Store',controller='products'*/[0m
  ↳ app/controllers/products_controller.rb:13:in 'ProductsController#create'
  [1m[36mTRANSACTION (1.1ms)[0m  [1m[35mCOMMIT TRANSACTION /*action='create',application='Store',controller='products'*/[0m
  ↳ app/controllers/products_controller.rb:13:in 'ProductsController#create'
Redirected to http://localhost:3000/products/4
↳ app/controllers/products_controller.rb:14:in 'ProductsController#create'
Completed 302 Found in 7ms (ActiveRecord: 2.2ms (1 query, 0 cached) | GC: 0.6ms)


Started GET "/products/4" for ::1 at 2026-06-07 18:51:08 +0300
Processing by ProductsController#show as TURBO_STREAM
  Parameters: {"id" => "4"}
  [1m[36mProduct Load (0.1ms)[0m  [1m[34mSELECT "products".* FROM "products" WHERE "products"."id" = 4 LIMIT 1 /*action='show',application='Store',controller='products'*/[0m
  ↳ app/controllers/products_controller.rb:6:in 'ProductsController#show'
  Rendering layout layouts/application.html.erb
  Rendering products/show.html.erb within layouts/application
  Rendered products/show.html.erb within layouts/application (Duration: 0.3ms | GC: 0.0ms)
  Rendered layout layouts/application.html.erb (Duration: 1.3ms | GC: 0.0ms)
Completed 200 OK in 5ms (Views: 1.8ms | ActiveRecord: 0.1ms (1 query, 0 cached) | GC: 0.5ms)


Started GET "/products" for ::1 at 2026-06-07 18:51:10 +0300
Processing by ProductsController#index as HTML
  Rendering layout layouts/application.html.erb
  Rendering products/index.html.erb within layouts/application
  [1m[36mProduct Load (0.1ms)[0m  [1m[34mSELECT "products".* FROM "products" /*action='index',application='Store',controller='products'*/[0m
  ↳ app/views/products/index.html.erb:7
  Rendered products/index.html.erb within layouts/application (Duration: 1.3ms | GC: 0.0ms)
  Rendered layout layouts/application.html.erb (Duration: 2.1ms | GC: 0.0ms)
Completed 200 OK in 4ms (Views: 2.4ms | ActiveRecord: 0.1ms (1 query, 0 cached) | GC: 0.3ms)


Started GET "/products/4" for ::1 at 2026-06-07 18:51:12 +0300
Processing by ProductsController#show as HTML
  Parameters: {"id" => "4"}
  [1m[36mProduct Load (0.1ms)[0m  [1m[34mSELECT "products".* FROM "products" WHERE "products"."id" = 4 LIMIT 1 /*action='show',application='Store',controller='products'*/[0m
  ↳ app/controllers/products_controller.rb:6:in 'ProductsController#show'
  Rendering layout layouts/application.html.erb
  Rendering products/show.html.erb within layouts/application
  Rendered products/show.html.erb within layouts/application (Duration: 0.6ms | GC: 0.5ms)
  Rendered layout layouts/application.html.erb (Duration: 1.4ms | GC: 0.5ms)
Completed 200 OK in 3ms (Views: 1.9ms | ActiveRecord: 0.1ms (1 query, 0 cached) | GC: 0.5ms)


Started GET "/products" for ::1 at 2026-06-07 18:51:19 +0300
Processing by ProductsController#index as HTML
  Rendering layout layouts/application.html.erb
  Rendering products/index.html.erb within layouts/application
  [1m[36mProduct Load (0.1ms)[0m  [1m[34mSELECT "products".* FROM "products" /*action='index',application='Store',controller='products'*/[0m
  ↳ app/views/products/index.html.erb:7
  Rendered products/index.html.erb within layouts/application (Duration: 1.2ms | GC: 0.0ms)
  Rendered layout layouts/application.html.erb (Duration: 2.2ms | GC: 0.0ms)
Completed 200 OK in 3ms (Views: 2.6ms | ActiveRecord: 0.1ms (1 query, 0 cached) | GC: 0.0ms)


Started GET "/products/new" for ::1 at 2026-06-07 18:51:20 +0300
Processing by ProductsController#new as HTML
  Rendering layout layouts/application.html.erb
  Rendering products/new.html.erb within layouts/application
  Rendered products/new.html.erb within layouts/application (Duration: 0.9ms | GC: 0.0ms)
  Rendered layout layouts/application.html.erb (Duration: 1.4ms | GC: 0.0ms)
Completed 200 OK in 3ms (Views: 1.9ms | ActiveRecord: 0.0ms (0 queries, 0 cached) | GC: 0.0ms)


Started POST "/products" for ::1 at 2026-06-07 18:51:23 +0300
Processing by ProductsController#create as TURBO_STREAM
  Parameters: {"authenticity_token" => "[FILTERED]", "product" => {"name" => ""}, "commit" => "Create Product"}
  Rendering layout layouts/application.html.erb
  Rendering products/new.html.erb within layouts/application
  Rendered products/new.html.erb within layouts/application (Duration: 1.0ms | GC: 0.0ms)
  Rendered layout layouts/application.html.erb (Duration: 1.6ms | GC: 0.0ms)
Completed 422 Unprocessable Content in 4ms (Views: 2.1ms | ActiveRecord: 0.0ms (0 queries, 0 cached) | GC: 0.2ms)


Started POST "/products" for ::1 at 2026-06-07 18:53:11 +0300
Processing by ProductsController#create as TURBO_STREAM
  Parameters: {"authenticity_token" => "[FILTERED]", "product" => {"name" => "abcdefg"}, "commit" => "Create Product"}
  Rendering layout layouts/application.html.erb
  Rendering products/new.html.erb within layouts/application
  Rendered products/new.html.erb within layouts/application (Duration: 1.4ms | GC: 0.1ms)
  Rendered layout layouts/application.html.erb (Duration: 3.4ms | GC: 0.1ms)
Completed 422 Unprocessable Content in 13ms (Views: 4.9ms | ActiveRecord: 2.4ms (0 queries, 0 cached) | GC: 0.4ms)


Started POST "/products" for ::1 at 2026-06-07 18:53:18 +0300
Processing by ProductsController#create as TURBO_STREAM
  Parameters: {"authenticity_token" => "[FILTERED]", "product" => {"name" => "abc"}, "commit" => "Create Product"}
  [1m[36mTRANSACTION (0.1ms)[0m  [1m[35mBEGIN immediate TRANSACTION /*action='create',application='Store',controller='products'*/[0m
  ↳ app/controllers/products_controller.rb:13:in 'ProductsController#create'
  [1m[36mProduct Create (1.0ms)[0m  [1m[32mINSERT INTO "products" ("name", "created_at", "updated_at") VALUES ('abc', '2026-06-07 15:53:18.379960', '2026-06-07 15:53:18.379960') RETURNING "id" /*action='create',application='Store',controller='products'*/[0m
  ↳ app/controllers/products_controller.rb:13:in 'ProductsController#create'
  [1m[36mTRANSACTION (0.7ms)[0m  [1m[35mCOMMIT TRANSACTION /*action='create',application='Store',controller='products'*/[0m
  ↳ app/controllers/products_controller.rb:13:in 'ProductsController#create'
Redirected to http://localhost:3000/products/5
↳ app/controllers/products_controller.rb:14:in 'ProductsController#create'
Completed 302 Found in 5ms (ActiveRecord: 1.8ms (1 query, 0 cached) | GC: 0.0ms)


Started GET "/products/5" for ::1 at 2026-06-07 18:53:18 +0300
Processing by ProductsController#show as TURBO_STREAM
  Parameters: {"id" => "5"}
  [1m[36mProduct Load (0.1ms)[0m  [1m[34mSELECT "products".* FROM "products" WHERE "products"."id" = 5 LIMIT 1 /*action='show',application='Store',controller='products'*/[0m
  ↳ app/controllers/products_controller.rb:6:in 'ProductsController#show'
  Rendering layout layouts/application.html.erb
  Rendering products/show.html.erb within layouts/application
  Rendered products/show.html.erb within layouts/application (Duration: 0.3ms | GC: 0.0ms)
  Rendered layout layouts/application.html.erb (Duration: 1.0ms | GC: 0.0ms)
Completed 200 OK in 4ms (Views: 1.4ms | ActiveRecord: 0.1ms (1 query, 0 cached) | GC: 0.0ms)


Started GET "/products" for ::1 at 2026-06-07 18:53:20 +0300
Processing by ProductsController#index as HTML
  Rendering layout layouts/application.html.erb
  Rendering products/index.html.erb within layouts/application
  [1m[36mProduct Load (0.1ms)[0m  [1m[34mSELECT "products".* FROM "products" /*action='index',application='Store',controller='products'*/[0m
  ↳ app/views/products/index.html.erb:7
  Rendered products/index.html.erb within layouts/application (Duration: 1.5ms | GC: 0.0ms)
  Rendered layout layouts/application.html.erb (Duration: 2.6ms | GC: 0.0ms)
Completed 200 OK in 4ms (Views: 3.0ms | ActiveRecord: 0.1ms (1 query, 0 cached) | GC: 0.0ms)


Started GET "/products/new" for ::1 at 2026-06-07 18:53:22 +0300
Processing by ProductsController#new as HTML
  Rendering layout layouts/application.html.erb
  Rendering products/new.html.erb within layouts/application
  Rendered products/new.html.erb within layouts/application (Duration: 0.9ms | GC: 0.0ms)
  Rendered layout layouts/application.html.erb (Duration: 1.7ms | GC: 0.0ms)
Completed 200 OK in 3ms (Views: 2.2ms | ActiveRecord: 0.0ms (0 queries, 0 cached) | GC: 0.0ms)


Started POST "/products" for ::1 at 2026-06-07 18:54:28 +0300
Processing by ProductsController#create as TURBO_STREAM
  Parameters: {"authenticity_token" => "[FILTERED]", "product" => {"name" => "long string"}, "commit" => "Create Product"}
  Rendering layout layouts/application.html.erb
  Rendering products/new.html.erb within layouts/application
  Rendered products/new.html.erb within layouts/application (Duration: 0.5ms | GC: 0.0ms)
  Rendered layout layouts/application.html.erb (Duration: 0.7ms | GC: 0.0ms)
Completed 500 Internal Server Error in 10ms (ActiveRecord: 3.3ms (0 queries, 0 cached) | GC: 0.0ms)


  
ActionView::Template::Error (wrong number of arguments (given 0, expected 2))
Caused by: ArgumentError (wrong number of arguments (given 0, expected 2))

Information for: ActionView::Template::Error (wrong number of arguments (given 0, expected 2)):
    1: <h1>New product</h1>
    2: 
    3: <%= @product.errors.full_message %>
    4: 
    5: <%= form_with model: @product do |form| %>
    6:   <div>
    7:     <%= form.label :name %>
  
app/views/products/new.html.erb:4
app/controllers/products_controller.rb:16:in 'ProductsController#create'

Information for cause: ArgumentError (wrong number of arguments (given 0, expected 2)):
  
app/views/products/new.html.erb:4
app/controllers/products_controller.rb:16:in 'ProductsController#create'
Started GET "/products/new" for ::1 at 2026-06-07 18:54:52 +0300
Processing by ProductsController#new as HTML
  Rendering layout layouts/application.html.erb
  Rendering products/new.html.erb within layouts/application
  Rendered products/new.html.erb within layouts/application (Duration: 1.3ms | GC: 0.0ms)
  Rendered layout layouts/application.html.erb (Duration: 3.5ms | GC: 0.2ms)
Completed 200 OK in 13ms (Views: 4.8ms | ActiveRecord: 2.8ms (0 queries, 0 cached) | GC: 0.4ms)


Started POST "/products" for ::1 at 2026-06-07 18:54:57 +0300
Processing by ProductsController#create as TURBO_STREAM
  Parameters: {"authenticity_token" => "[FILTERED]", "product" => {"name" => "long string"}, "commit" => "Create Product"}
  Rendering layout layouts/application.html.erb
  Rendering products/new.html.erb within layouts/application
  Rendered products/new.html.erb within layouts/application (Duration: 1.5ms | GC: 0.2ms)
  Rendered layout layouts/application.html.erb (Duration: 2.1ms | GC: 0.2ms)
Completed 422 Unprocessable Content in 7ms (Views: 2.7ms | ActiveRecord: 0.0ms (0 queries, 0 cached) | GC: 0.2ms)


Started GET "/products/new" for ::1 at 2026-06-07 18:55:38 +0300
Processing by ProductsController#new as HTML
  Rendering layout layouts/application.html.erb
  Rendering products/new.html.erb within layouts/application
  Rendered products/new.html.erb within layouts/application (Duration: 1.2ms | GC: 0.0ms)
  Rendered layout layouts/application.html.erb (Duration: 3.2ms | GC: 0.1ms)
Completed 200 OK in 17ms (Views: 4.4ms | ActiveRecord: 2.4ms (0 queries, 0 cached) | GC: 0.1ms)


Started GET "/products/new" for ::1 at 2026-06-07 18:55:51 +0300
Processing by ProductsController#new as HTML
  Rendering layout layouts/application.html.erb
  Rendering products/new.html.erb within layouts/application
  Rendered products/new.html.erb within layouts/application (Duration: 1.2ms | GC: 0.0ms)
  Rendered layout layouts/application.html.erb (Duration: 3.5ms | GC: 0.1ms)
Completed 200 OK in 19ms (Views: 4.7ms | ActiveRecord: 9.9ms (0 queries, 0 cached) | GC: 0.3ms)


Started POST "/products" for ::1 at 2026-06-07 18:55:58 +0300
Processing by ProductsController#create as TURBO_STREAM
  Parameters: {"authenticity_token" => "[FILTERED]", "product" => {"name" => "bottle of water"}, "commit" => "Create Product"}
  [1m[36mTRANSACTION (0.1ms)[0m  [1m[35mBEGIN immediate TRANSACTION /*action='create',application='Store',controller='products'*/[0m
  ↳ app/controllers/products_controller.rb:13:in 'ProductsController#create'
  [1m[36mProduct Create (1.0ms)[0m  [1m[32mINSERT INTO "products" ("name", "created_at", "updated_at") VALUES ('bottle of water', '2026-06-07 15:55:58.639247', '2026-06-07 15:55:58.639247') RETURNING "id" /*action='create',application='Store',controller='products'*/[0m
  ↳ app/controllers/products_controller.rb:13:in 'ProductsController#create'
  [1m[36mTRANSACTION (0.8ms)[0m  [1m[35mCOMMIT TRANSACTION /*action='create',application='Store',controller='products'*/[0m
  ↳ app/controllers/products_controller.rb:13:in 'ProductsController#create'
Redirected to http://localhost:3000/products/6
↳ app/controllers/products_controller.rb:14:in 'ProductsController#create'
Completed 302 Found in 6ms (ActiveRecord: 2.0ms (1 query, 0 cached) | GC: 0.0ms)


Started GET "/products/6" for ::1 at 2026-06-07 18:55:58 +0300
Processing by ProductsController#show as TURBO_STREAM
  Parameters: {"id" => "6"}
  [1m[36mProduct Load (0.1ms)[0m  [1m[34mSELECT "products".* FROM "products" WHERE "products"."id" = 6 LIMIT 1 /*action='show',application='Store',controller='products'*/[0m
  ↳ app/controllers/products_controller.rb:6:in 'ProductsController#show'
  Rendering layout layouts/application.html.erb
  Rendering products/show.html.erb within layouts/application
  Rendered products/show.html.erb within layouts/application (Duration: 0.3ms | GC: 0.0ms)
  Rendered layout layouts/application.html.erb (Duration: 1.2ms | GC: 0.0ms)
Completed 200 OK in 4ms (Views: 1.6ms | ActiveRecord: 0.1ms (1 query, 0 cached) | GC: 0.0ms)


Started GET "/products" for ::1 at 2026-06-07 18:56:00 +0300
Processing by ProductsController#index as HTML
  Rendering layout layouts/application.html.erb
  Rendering products/index.html.erb within layouts/application
  [1m[36mProduct Load (0.1ms)[0m  [1m[34mSELECT "products".* FROM "products" /*action='index',application='Store',controller='products'*/[0m
  ↳ app/views/products/index.html.erb:7
  Rendered products/index.html.erb within layouts/application (Duration: 1.4ms | GC: 0.0ms)
  Rendered layout layouts/application.html.erb (Duration: 2.3ms | GC: 0.0ms)
Completed 200 OK in 4ms (Views: 2.6ms | ActiveRecord: 0.1ms (1 query, 0 cached) | GC: 0.0ms)


Started GET "/products" for ::1 at 2026-06-07 18:56:52 +0300
Processing by ProductsController#index as HTML
  Rendering layout layouts/application.html.erb
  Rendering products/index.html.erb within layouts/application
  [1m[36mProduct Load (2.6ms)[0m  [1m[34mSELECT "products".* FROM "products" /*action='index',application='Store',controller='products'*/[0m
  ↳ app/views/products/index.html.erb:7
  Rendered products/index.html.erb within layouts/application (Duration: 6.0ms | GC: 0.0ms)
  Rendered layout layouts/application.html.erb (Duration: 8.7ms | GC: 0.0ms)
Completed 200 OK in 12ms (Views: 7.0ms | ActiveRecord: 3.0ms (1 query, 0 cached) | GC: 0.0ms)


Started GET "/products/new" for ::1 at 2026-06-07 18:56:54 +0300
Processing by ProductsController#new as HTML
  Rendering layout layouts/application.html.erb
  Rendering products/new.html.erb within layouts/application
  Rendered products/new.html.erb within layouts/application (Duration: 1.2ms | GC: 0.0ms)
  Rendered layout layouts/application.html.erb (Duration: 1.7ms | GC: 0.0ms)
Completed 200 OK in 3ms (Views: 2.0ms | ActiveRecord: 0.0ms (0 queries, 0 cached) | GC: 0.0ms)


Started POST "/products" for ::1 at 2026-06-07 18:56:59 +0300
Processing by ProductsController#create as TURBO_STREAM
  Parameters: {"authenticity_token" => "[FILTERED]", "product" => {"name" => ""}, "commit" => "Create Product"}
  Rendering layout layouts/application.html.erb
  Rendering products/index.html.erb within layouts/application
  Rendered products/index.html.erb within layouts/application (Duration: 0.4ms | GC: 0.0ms)
  Rendered layout layouts/application.html.erb (Duration: 0.7ms | GC: 0.0ms)
Completed 500 Internal Server Error in 3ms (ActiveRecord: 0.0ms (0 queries, 0 cached) | GC: 0.0ms)


  
ActionView::Template::Error (undefined method 'each' for nil)
Caused by: NoMethodError (undefined method 'each' for nil)

Information for: ActionView::Template::Error (undefined method 'each' for nil):
    4: 
    5: <div id="products">
    6:   <% @products.each do |product| %>
    7:     <div>
    8:         <%= link_to product.name, product_path(product.id) %>
    9:     </div>
   10:   <% end %>
  
app/views/products/index.html.erb:7
app/controllers/products_controller.rb:16:in 'ProductsController#create'

Information for cause: NoMethodError (undefined method 'each' for nil):
  
app/views/products/index.html.erb:7
app/controllers/products_controller.rb:16:in 'ProductsController#create'
Started GET "/products" for ::1 at 2026-06-07 18:57:15 +0300
Processing by ProductsController#index as HTML
  Rendering layout layouts/application.html.erb
  Rendering products/index.html.erb within layouts/application
  [1m[36mProduct Load (0.3ms)[0m  [1m[34mSELECT "products".* FROM "products" /*action='index',application='Store',controller='products'*/[0m
  ↳ app/views/products/index.html.erb:7
  Rendered products/index.html.erb within layouts/application (Duration: 2.1ms | GC: 0.0ms)
  Rendered layout layouts/application.html.erb (Duration: 3.1ms | GC: 0.0ms)
Completed 200 OK in 5ms (Views: 3.3ms | ActiveRecord: 0.3ms (1 query, 0 cached) | GC: 0.0ms)


Started GET "/products" for ::1 at 2026-06-07 18:57:15 +0300
Processing by ProductsController#index as HTML
  Rendering layout layouts/application.html.erb
  Rendering products/index.html.erb within layouts/application
  [1m[36mProduct Load (0.1ms)[0m  [1m[34mSELECT "products".* FROM "products" /*action='index',application='Store',controller='products'*/[0m
  ↳ app/views/products/index.html.erb:7
  Rendered products/index.html.erb within layouts/application (Duration: 1.1ms | GC: 0.0ms)
  Rendered layout layouts/application.html.erb (Duration: 1.9ms | GC: 0.0ms)
Completed 200 OK in 3ms (Views: 2.1ms | ActiveRecord: 0.1ms (1 query, 0 cached) | GC: 0.0ms)


Started GET "/products/new" for ::1 at 2026-06-07 18:57:17 +0300
Processing by ProductsController#new as HTML
  Rendering layout layouts/application.html.erb
  Rendering products/new.html.erb within layouts/application
  Rendered products/new.html.erb within layouts/application (Duration: 0.9ms | GC: 0.0ms)
  Rendered layout layouts/application.html.erb (Duration: 1.4ms | GC: 0.0ms)
Completed 200 OK in 3ms (Views: 1.8ms | ActiveRecord: 0.0ms (0 queries, 0 cached) | GC: 0.0ms)


Started GET "/products/new" for ::1 at 2026-06-07 19:01:29 +0300
Processing by ProductsController#new as HTML
  Rendering layout layouts/application.html.erb
  Rendering products/new.html.erb within layouts/application
  Rendered products/new.html.erb within layouts/application (Duration: 2.1ms | GC: 0.0ms)
  Rendered layout layouts/application.html.erb (Duration: 4.3ms | GC: 0.0ms)
Completed 200 OK in 13ms (Views: 5.5ms | ActiveRecord: 3.2ms (0 queries, 0 cached) | GC: 0.0ms)


Started POST "/products" for ::1 at 2026-06-07 19:01:34 +0300
Processing by ProductsController#create as TURBO_STREAM
  Parameters: {"authenticity_token" => "[FILTERED]", "product" => {"name" => ""}, "commit" => "Create Product"}
  Rendering layout layouts/application.html.erb
  Rendering products/new.html.erb within layouts/application
  Rendered products/new.html.erb within layouts/application (Duration: 0.9ms | GC: 0.0ms)
  Rendered layout layouts/application.html.erb (Duration: 1.4ms | GC: 0.0ms)
Completed 422 Unprocessable Content in 4ms (Views: 1.9ms | ActiveRecord: 0.0ms (0 queries, 0 cached) | GC: 0.0ms)


Started GET "/products/new" for ::1 at 2026-06-08 09:37:46 +0300
Processing by ProductsController#new as HTML
  Rendering layout layouts/application.html.erb
  Rendering products/new.html.erb within layouts/application
  Rendered products/_form.html.erb (Duration: 48.4ms | GC: 0.0ms)
  Rendered products/new.html.erb within layouts/application (Duration: 55.4ms | GC: 0.0ms)
  Rendered layout layouts/application.html.erb (Duration: 71.9ms | GC: 0.2ms)
Completed 200 OK in 126ms (Views: 83.5ms | ActiveRecord: 0.0ms (0 queries, 0 cached) | GC: 0.5ms)


Started GET "/products" for ::1 at 2026-06-08 09:37:55 +0300
Processing by ProductsController#index as HTML
  Rendering layout layouts/application.html.erb
  Rendering products/index.html.erb within layouts/application
  [1m[36mProduct Load (12.7ms)[0m  [1m[34mSELECT "products".* FROM "products" /*action='index',application='Store',controller='products'*/[0m
  ↳ app/views/products/index.html.erb:7
  Rendered products/index.html.erb within layouts/application (Duration: 29.8ms | GC: 0.0ms)
  Rendered layout layouts/application.html.erb (Duration: 30.9ms | GC: 0.0ms)
Completed 200 OK in 34ms (Views: 19.1ms | ActiveRecord: 12.7ms (1 query, 0 cached) | GC: 0.0ms)


Started GET "/products/new" for ::1 at 2026-06-08 09:37:56 +0300
Processing by ProductsController#new as HTML
  Rendering layout layouts/application.html.erb
  Rendering products/new.html.erb within layouts/application
  Rendered products/_form.html.erb (Duration: 2.3ms | GC: 0.3ms)
  Rendered products/new.html.erb within layouts/application (Duration: 2.8ms | GC: 0.3ms)
  Rendered layout layouts/application.html.erb (Duration: 3.8ms | GC: 0.3ms)
Completed 200 OK in 6ms (Views: 4.6ms | ActiveRecord: 0.0ms (0 queries, 0 cached) | GC: 0.3ms)


Started GET "/products" for ::1 at 2026-06-08 09:37:58 +0300
Processing by ProductsController#index as HTML
  Rendering layout layouts/application.html.erb
  Rendering products/index.html.erb within layouts/application
  [1m[36mProduct Load (0.2ms)[0m  [1m[34mSELECT "products".* FROM "products" /*action='index',application='Store',controller='products'*/[0m
  ↳ app/views/products/index.html.erb:7
  Rendered products/index.html.erb within layouts/application (Duration: 2.4ms | GC: 0.0ms)
  Rendered layout layouts/application.html.erb (Duration: 3.8ms | GC: 0.0ms)
Completed 200 OK in 5ms (Views: 4.2ms | ActiveRecord: 0.2ms (1 query, 0 cached) | GC: 0.0ms)


Started GET "/products/1" for ::1 at 2026-06-08 09:38:00 +0300
Processing by ProductsController#show as HTML
  Parameters: {"id" => "1"}
  [1m[36mProduct Load (0.2ms)[0m  [1m[34mSELECT "products".* FROM "products" WHERE "products"."id" = 1 LIMIT 1 /*action='show',application='Store',controller='products'*/[0m
  ↳ app/controllers/products_controller.rb:6:in 'ProductsController#show'
  Rendering layout layouts/application.html.erb
  Rendering products/show.html.erb within layouts/application
  Rendered products/show.html.erb within layouts/application (Duration: 9.4ms | GC: 0.0ms)
  Rendered layout layouts/application.html.erb (Duration: 9.7ms | GC: 0.0ms)
Completed 500 Internal Server Error in 23ms (ActiveRecord: 0.2ms (1 query, 0 cached) | GC: 0.4ms)


  
ActionView::SyntaxErrorInTemplate (Encountered a syntax error while rendering template located at: app/views/products/show.html.erb)
Caused by: ActiveSupport::SyntaxErrorProxy (/mnt/Users/maraw/.0Marwan/.Marwan/ITI/Courses/Ruby/labs/lab3/store/app/views/products/show.html.erb:5: syntax errors found
  [2m3 | [m
  [2m4 | [m'.freeze; @output_buffer.append=( link_to "Back", products_path ); @output_buffer.safe_append='
[1;31m> [m[2m5 | [m... , );
@output_buffer.safe_append='< ...
  [2m  | [m    [1;31m^[m unexpected ')'; expected an argument
  [2m  | [m      [1;31m^[m unexpected ')', assuming it is closing the parent parentheses
  [2m  | [m      [1;31m^[m unexpected ')'; expected an argument
  [2m  | [m       [1;31m^[m expected an `end` to close the `def` statement
)

Information for: ActionView::SyntaxErrorInTemplate (Encountered a syntax error while rendering template located at: app/views/products/show.html.erb):
1:    <h1><%= @product.name %></h1>
2:    
3:    <%= link_to "Back", products_path %>
4:    <%= link_to "Edit", %>
  
app/views/products/show.html.erb:5: syntax errors found

Information for cause: ActiveSupport::SyntaxErrorProxy (/mnt/Users/maraw/.0Marwan/.Marwan/ITI/Courses/Ruby/labs/lab3/store/app/views/products/show.html.erb:5: syntax errors found
  [2m3 | [m
  [2m4 | [m'.freeze; @output_buffer.append=( link_to "Back", products_path ); @output_buffer.safe_append='
[1;31m> [m[2m5 | [m... , );
@output_buffer.safe_append='< ...
  [2m  | [m    [1;31m^[m unexpected ')'; expected an argument
  [2m  | [m      [1;31m^[m unexpected ')', assuming it is closing the parent parentheses
  [2m  | [m      [1;31m^[m unexpected ')'; expected an argument
  [2m  | [m       [1;31m^[m expected an `end` to close the `def` statement
):
  
app/views/products/show.html.erb:5: syntax errors found
Started GET "/products/1" for ::1 at 2026-06-08 09:39:55 +0300
Processing by ProductsController#show as HTML
  Parameters: {"id" => "1"}
  [1m[36mProduct Load (0.1ms)[0m  [1m[34mSELECT "products".* FROM "products" WHERE "products"."id" = 1 LIMIT 1 /*action='show',application='Store',controller='products'*/[0m
  ↳ app/controllers/products_controller.rb:6:in 'ProductsController#show'
  Rendering layout layouts/application.html.erb
  Rendering products/show.html.erb within layouts/application
  Rendered products/show.html.erb within layouts/application (Duration: 0.4ms | GC: 0.0ms)
  Rendered layout layouts/application.html.erb (Duration: 3.0ms | GC: 0.2ms)
Completed 200 OK in 17ms (Views: 4.2ms | ActiveRecord: 6.0ms (1 query, 0 cached) | GC: 0.4ms)


Started GET "/products/1/edit" for ::1 at 2026-06-08 09:39:57 +0300
Processing by ProductsController#edit as HTML
  Parameters: {"id" => "1"}
  [1m[36mProduct Load (0.2ms)[0m  [1m[34mSELECT "products".* FROM "products" WHERE "products"."id" = 1 LIMIT 1 /*action='edit',application='Store',controller='products'*/[0m
  ↳ app/controllers/products_controller.rb:20:in 'ProductsController#edit'
  Rendering layout layouts/application.html.erb
  Rendering products/edit.html.erb within layouts/application
  Rendered products/_form.html.erb (Duration: 2.8ms | GC: 0.2ms)
  Rendered products/edit.html.erb within layouts/application (Duration: 9.1ms | GC: 0.2ms)
  Rendered layout layouts/application.html.erb (Duration: 9.5ms | GC: 0.2ms)
Completed 200 OK in 12ms (Views: 10.0ms | ActiveRecord: 0.2ms (1 query, 0 cached) | GC: 0.2ms)


Started PATCH "/products/1" for ::1 at 2026-06-08 09:41:01 +0300
Processing by ProductsController#update as TURBO_STREAM
  Parameters: {"authenticity_token" => "[FILTERED]", "product" => {"name" => "hello world updated"}, "commit" => "Update Product", "id" => "1"}
  [1m[36mProduct Load (0.2ms)[0m  [1m[34mSELECT "products".* FROM "products" WHERE "products"."id" = 1 LIMIT 1 /*action='update',application='Store',controller='products'*/[0m
  ↳ app/controllers/products_controller.rb:24:in 'ProductsController#update'
  [1m[36mTRANSACTION (0.1ms)[0m  [1m[35mBEGIN immediate TRANSACTION /*action='update',application='Store',controller='products'*/[0m
  ↳ app/controllers/products_controller.rb:25:in 'ProductsController#update'
  [1m[36mProduct Update (1.6ms)[0m  [1m[33mUPDATE "products" SET "name" = 'hello world updated', "updated_at" = '2026-06-08 06:41:01.795569' WHERE "products"."id" = 1 /*action='update',application='Store',controller='products'*/[0m
  ↳ app/controllers/products_controller.rb:25:in 'ProductsController#update'
  [1m[36mTRANSACTION (0.7ms)[0m  [1m[35mCOMMIT TRANSACTION /*action='update',application='Store',controller='products'*/[0m
  ↳ app/controllers/products_controller.rb:25:in 'ProductsController#update'
Redirected to http://localhost:3000/products/1
↳ app/controllers/products_controller.rb:26:in 'ProductsController#update'
Completed 302 Found in 27ms (ActiveRecord: 2.5ms (2 queries, 0 cached) | GC: 0.2ms)


Started GET "/products/1" for ::1 at 2026-06-08 09:41:01 +0300
Processing by ProductsController#show as TURBO_STREAM
  Parameters: {"id" => "1"}
  [1m[36mProduct Load (0.1ms)[0m  [1m[34mSELECT "products".* FROM "products" WHERE "products"."id" = 1 LIMIT 1 /*action='show',application='Store',controller='products'*/[0m
  ↳ app/controllers/products_controller.rb:6:in 'ProductsController#show'
  Rendering layout layouts/application.html.erb
  Rendering products/show.html.erb within layouts/application
  Rendered products/show.html.erb within layouts/application (Duration: 0.2ms | GC: 0.0ms)
  Rendered layout layouts/application.html.erb (Duration: 1.0ms | GC: 0.0ms)
Completed 200 OK in 3ms (Views: 1.5ms | ActiveRecord: 0.1ms (1 query, 0 cached) | GC: 0.0ms)


Started GET "/products" for ::1 at 2026-06-08 09:41:03 +0300
Processing by ProductsController#index as HTML
  Rendering layout layouts/application.html.erb
  Rendering products/index.html.erb within layouts/application
  [1m[36mProduct Load (0.1ms)[0m  [1m[34mSELECT "products".* FROM "products" /*action='index',application='Store',controller='products'*/[0m
  ↳ app/views/products/index.html.erb:7
  Rendered products/index.html.erb within layouts/application (Duration: 2.1ms | GC: 0.0ms)
  Rendered layout layouts/application.html.erb (Duration: 3.1ms | GC: 0.0ms)
Completed 200 OK in 5ms (Views: 3.5ms | ActiveRecord: 0.1ms (1 query, 0 cached) | GC: 0.0ms)


Started GET "/" for ::1 at 2026-06-08 09:41:47 +0300
Processing by ProductsController#index as HTML
  Rendering layout layouts/application.html.erb
  Rendering products/index.html.erb within layouts/application
  [1m[36mProduct Load (0.1ms)[0m  [1m[34mSELECT "products".* FROM "products" /*action='index',application='Store',controller='products'*/[0m
  ↳ app/views/products/index.html.erb:7
  Rendered products/index.html.erb within layouts/application (Duration: 1.4ms | GC: 0.0ms)
  Rendered layout layouts/application.html.erb (Duration: 2.4ms | GC: 0.0ms)
Completed 200 OK in 4ms (Views: 2.8ms | ActiveRecord: 0.1ms (1 query, 0 cached) | GC: 0.0ms)


  [1m[36mActiveRecord::SchemaMigration Load (0.3ms)[0m  [1m[34mSELECT "schema_migrations"."version" FROM "schema_migrations" ORDER BY "schema_migrations"."version" ASC /*application='Store'*/[0m
Started GET "/" for ::1 at 2026-06-08 14:20:01 +0300
  [1m[36mActiveRecord::SchemaMigration Load (0.2ms)[0m  [1m[34mSELECT "schema_migrations"."version" FROM "schema_migrations" ORDER BY "schema_migrations"."version" ASC /*application='Store'*/[0m
Processing by ProductsController#index as HTML
  Rendering layout layouts/application.html.erb
  Rendering products/index.html.erb within layouts/application
  [1m[36mProduct Load (1.0ms)[0m  [1m[34mSELECT "products".* FROM "products" /*action='index',application='Store',controller='products'*/[0m
  ↳ app/views/products/index.html.erb:7
  Rendered products/index.html.erb within layouts/application (Duration: 7.3ms | GC: 0.0ms)
  Rendered layout layouts/application.html.erb (Duration: 21.7ms | GC: 0.0ms)
Completed 200 OK in 47ms (Views: 23.8ms | ActiveRecord: 1.8ms (1 query, 0 cached) | GC: 0.4ms)


Started GET "/products/1" for ::1 at 2026-06-08 14:20:03 +0300
Processing by ProductsController#show as HTML
  Parameters: {"id" => "1"}
  [1m[36mProduct Load (0.5ms)[0m  [1m[34mSELECT "products".* FROM "products" WHERE "products"."id" = 1 LIMIT 1 /*action='show',application='Store',controller='products'*/[0m
  ↳ app/controllers/products_controller.rb:35:in 'ProductsController#set_product'
  Rendering layout layouts/application.html.erb
  Rendering products/show.html.erb within layouts/application
  Rendered products/show.html.erb within layouts/application (Duration: 1.1ms | GC: 0.0ms)
  Rendered layout layouts/application.html.erb (Duration: 1.7ms | GC: 0.0ms)
Completed 200 OK in 7ms (Views: 2.1ms | ActiveRecord: 0.5ms (1 query, 0 cached) | GC: 0.0ms)


Started DELETE "/products/1" for ::1 at 2026-06-08 14:20:09 +0300
  
AbstractController::ActionNotFound (The action 'destroy' could not be found for ProductsController):
  
actionpack (8.1.3) lib/abstract_controller/base.rb:149:in 'AbstractController::Base#process'
actionview (8.1.3) lib/action_view/rendering.rb:40:in 'ActionView::Rendering#process'
actionpack (8.1.3) lib/action_controller/metal.rb:252:in 'ActionController::Metal#dispatch'
actionpack (8.1.3) lib/action_controller/metal.rb:335:in 'ActionController::Metal.dispatch'
actionpack (8.1.3) lib/action_dispatch/routing/route_set.rb:65:in 'ActionDispatch::Routing::RouteSet::Dispatcher#dispatch'
actionpack (8.1.3) lib/action_dispatch/routing/route_set.rb:50:in 'ActionDispatch::Routing::RouteSet::Dispatcher#serve'
actionpack (8.1.3) lib/action_dispatch/journey/router.rb:35:in 'block in ActionDispatch::Journey::Router#serve'
actionpack (8.1.3) lib/action_dispatch/journey/router.rb:86:in 'block in ActionDispatch::Journey::Router#recognize'
actionpack (8.1.3) lib/action_dispatch/journey/router.rb:66:in 'Array#each'
actionpack (8.1.3) lib/action_dispatch/journey/router.rb:66:in 'ActionDispatch::Journey::Router#recognize'
actionpack (8.1.3) lib/action_dispatch/journey/router.rb:31:in 'ActionDispatch::Journey::Router#serve'
actionpack (8.1.3) lib/action_dispatch/routing/route_set.rb:906:in 'ActionDispatch::Routing::RouteSet#call'
railties (8.1.3) lib/rails/engine/lazy_route_set.rb:60:in 'Rails::Engine::LazyRouteSet#call'
rack (3.2.6) lib/rack/tempfile_reaper.rb:20:in 'Rack::TempfileReaper#call'
rack (3.2.6) lib/rack/etag.rb:29:in 'Rack::ETag#call'
rack (3.2.6) lib/rack/conditional_get.rb:44:in 'Rack::ConditionalGet#call'
rack (3.2.6) lib/rack/head.rb:15:in 'Rack::Head#call'
actionpack (8.1.3) lib/action_dispatch/http/content_security_policy.rb:38:in 'ActionDispatch::ContentSecurityPolicy::Middleware#call'
rack-session (2.1.2) lib/rack/session/abstract/id.rb:274:in 'Rack::Session::Abstract::Persisted#context'
rack-session (2.1.2) lib/rack/session/abstract/id.rb:268:in 'Rack::Session::Abstract::Persisted#call'
actionpack (8.1.3) lib/action_dispatch/middleware/cookies.rb:708:in 'ActionDispatch::Cookies#call'
activerecord (8.1.3) lib/active_record/migration.rb:671:in 'ActiveRecord::Migration::CheckPending#call'
actionpack (8.1.3) lib/action_dispatch/middleware/callbacks.rb:31:in 'block in ActionDispatch::Callbacks#call'
activesupport (8.1.3) lib/active_support/callbacks.rb:101:in 'ActiveSupport::Callbacks#run_callbacks'
actionpack (8.1.3) lib/action_dispatch/middleware/callbacks.rb:30:in 'ActionDispatch::Callbacks#call'
actionpack (8.1.3) lib/action_dispatch/middleware/executor.rb:20:in 'ActionDispatch::Executor#call'
actionpack (8.1.3) lib/action_dispatch/middleware/actionable_exceptions.rb:18:in 'ActionDispatch::ActionableExceptions#call'
actionpack (8.1.3) lib/action_dispatch/middleware/debug_exceptions.rb:31:in 'ActionDispatch::DebugExceptions#call'
web-console (4.3.0) lib/web_console/middleware.rb:132:in 'WebConsole::Middleware#call_app'
web-console (4.3.0) lib/web_console/middleware.rb:28:in 'block in WebConsole::Middleware#call'
web-console (4.3.0) lib/web_console/middleware.rb:17:in 'Kernel#catch'
web-console (4.3.0) lib/web_console/middleware.rb:17:in 'WebConsole::Middleware#call'
actionpack (8.1.3) lib/action_dispatch/middleware/show_exceptions.rb:32:in 'ActionDispatch::ShowExceptions#call'
railties (8.1.3) lib/rails/rack/logger.rb:41:in 'Rails::Rack::Logger#call_app'
railties (8.1.3) lib/rails/rack/logger.rb:29:in 'Rails::Rack::Logger#call'
propshaft (1.3.2) lib/propshaft/quiet_assets.rb:11:in 'Propshaft::QuietAssets#call'
actionpack (8.1.3) lib/action_dispatch/middleware/remote_ip.rb:98:in 'ActionDispatch::RemoteIp#call'
actionpack (8.1.3) lib/action_dispatch/middleware/request_id.rb:34:in 'ActionDispatch::RequestId#call'
rack (3.2.6) lib/rack/method_override.rb:28:in 'Rack::MethodOverride#call'
rack (3.2.6) lib/rack/runtime.rb:24:in 'Rack::Runtime#call'
activesupport (8.1.3) lib/active_support/cache/strategy/local_cache_middleware.rb:30:in 'ActiveSupport::Cache::Strategy::LocalCache::Middleware#call'
actionpack (8.1.3) lib/action_dispatch/middleware/server_timing.rb:61:in 'block in ActionDispatch::ServerTiming#call'
actionpack (8.1.3) lib/action_dispatch/middleware/server_timing.rb:26:in 'ActionDispatch::ServerTiming::Subscriber#collect_events'
actionpack (8.1.3) lib/action_dispatch/middleware/server_timing.rb:60:in 'ActionDispatch::ServerTiming#call'
actionpack (8.1.3) lib/action_dispatch/middleware/executor.rb:20:in 'ActionDispatch::Executor#call'
propshaft (1.3.2) lib/propshaft/server.rb:37:in 'Propshaft::Server#call'
actionpack (8.1.3) lib/action_dispatch/middleware/static.rb:27:in 'ActionDispatch::Static#call'
rack (3.2.6) lib/rack/sendfile.rb:131:in 'Rack::Sendfile#call'
actionpack (8.1.3) lib/action_dispatch/middleware/host_authorization.rb:143:in 'ActionDispatch::HostAuthorization#call'
railties (8.1.3) lib/rails/engine.rb:534:in 'Rails::Engine#call'
puma (8.0.2) lib/puma/configuration.rb:305:in 'Puma::Configuration::ConfigMiddleware#call'
puma (8.0.2) lib/puma/response.rb:79:in 'block in Puma::Response#handle_request'
puma (8.0.2) lib/puma/thread_pool.rb:434:in 'Puma::ThreadPool#with_force_shutdown'
puma (8.0.2) lib/puma/response.rb:78:in 'Puma::Response#handle_request'
puma (8.0.2) lib/puma/server.rb:508:in 'Puma::Server#process_client'
puma (8.0.2) lib/puma/server.rb:263:in 'block in Puma::Server#run'
puma (8.0.2) lib/puma/thread_pool.rb:246:in 'block in Puma::ThreadPool#spawn_thread'
Started GET "/products/1" for ::1 at 2026-06-08 14:20:10 +0300
Processing by ProductsController#show as HTML
  Parameters: {"id" => "1"}
  [1m[36mProduct Load (0.2ms)[0m  [1m[34mSELECT "products".* FROM "products" WHERE "products"."id" = 1 LIMIT 1 /*action='show',application='Store',controller='products'*/[0m
  ↳ app/controllers/products_controller.rb:35:in 'ProductsController#set_product'
  Rendering layout layouts/application.html.erb
  Rendering products/show.html.erb within layouts/application
  Rendered products/show.html.erb within layouts/application (Duration: 0.8ms | GC: 0.0ms)
  Rendered layout layouts/application.html.erb (Duration: 1.5ms | GC: 0.0ms)
Completed 200 OK in 4ms (Views: 1.9ms | ActiveRecord: 0.2ms (1 query, 0 cached) | GC: 0.1ms)


Started DELETE "/products/1" for ::1 at 2026-06-08 14:20:14 +0300
  
AbstractController::ActionNotFound (The action 'destroy' could not be found for ProductsController):
  
actionpack (8.1.3) lib/abstract_controller/base.rb:149:in 'AbstractController::Base#process'
actionview (8.1.3) lib/action_view/rendering.rb:40:in 'ActionView::Rendering#process'
actionpack (8.1.3) lib/action_controller/metal.rb:252:in 'ActionController::Metal#dispatch'
actionpack (8.1.3) lib/action_controller/metal.rb:335:in 'ActionController::Metal.dispatch'
actionpack (8.1.3) lib/action_dispatch/routing/route_set.rb:65:in 'ActionDispatch::Routing::RouteSet::Dispatcher#dispatch'
actionpack (8.1.3) lib/action_dispatch/routing/route_set.rb:50:in 'ActionDispatch::Routing::RouteSet::Dispatcher#serve'
actionpack (8.1.3) lib/action_dispatch/journey/router.rb:35:in 'block in ActionDispatch::Journey::Router#serve'
actionpack (8.1.3) lib/action_dispatch/journey/router.rb:86:in 'block in ActionDispatch::Journey::Router#recognize'
actionpack (8.1.3) lib/action_dispatch/journey/router.rb:66:in 'Array#each'
actionpack (8.1.3) lib/action_dispatch/journey/router.rb:66:in 'ActionDispatch::Journey::Router#recognize'
actionpack (8.1.3) lib/action_dispatch/journey/router.rb:31:in 'ActionDispatch::Journey::Router#serve'
actionpack (8.1.3) lib/action_dispatch/routing/route_set.rb:906:in 'ActionDispatch::Routing::RouteSet#call'
railties (8.1.3) lib/rails/engine/lazy_route_set.rb:60:in 'Rails::Engine::LazyRouteSet#call'
rack (3.2.6) lib/rack/tempfile_reaper.rb:20:in 'Rack::TempfileReaper#call'
rack (3.2.6) lib/rack/etag.rb:29:in 'Rack::ETag#call'
rack (3.2.6) lib/rack/conditional_get.rb:44:in 'Rack::ConditionalGet#call'
rack (3.2.6) lib/rack/head.rb:15:in 'Rack::Head#call'
actionpack (8.1.3) lib/action_dispatch/http/content_security_policy.rb:38:in 'ActionDispatch::ContentSecurityPolicy::Middleware#call'
rack-session (2.1.2) lib/rack/session/abstract/id.rb:274:in 'Rack::Session::Abstract::Persisted#context'
rack-session (2.1.2) lib/rack/session/abstract/id.rb:268:in 'Rack::Session::Abstract::Persisted#call'
actionpack (8.1.3) lib/action_dispatch/middleware/cookies.rb:708:in 'ActionDispatch::Cookies#call'
activerecord (8.1.3) lib/active_record/migration.rb:671:in 'ActiveRecord::Migration::CheckPending#call'
actionpack (8.1.3) lib/action_dispatch/middleware/callbacks.rb:31:in 'block in ActionDispatch::Callbacks#call'
activesupport (8.1.3) lib/active_support/callbacks.rb:101:in 'ActiveSupport::Callbacks#run_callbacks'
actionpack (8.1.3) lib/action_dispatch/middleware/callbacks.rb:30:in 'ActionDispatch::Callbacks#call'
actionpack (8.1.3) lib/action_dispatch/middleware/executor.rb:20:in 'ActionDispatch::Executor#call'
actionpack (8.1.3) lib/action_dispatch/middleware/actionable_exceptions.rb:18:in 'ActionDispatch::ActionableExceptions#call'
actionpack (8.1.3) lib/action_dispatch/middleware/debug_exceptions.rb:31:in 'ActionDispatch::DebugExceptions#call'
web-console (4.3.0) lib/web_console/middleware.rb:132:in 'WebConsole::Middleware#call_app'
web-console (4.3.0) lib/web_console/middleware.rb:28:in 'block in WebConsole::Middleware#call'
web-console (4.3.0) lib/web_console/middleware.rb:17:in 'Kernel#catch'
web-console (4.3.0) lib/web_console/middleware.rb:17:in 'WebConsole::Middleware#call'
actionpack (8.1.3) lib/action_dispatch/middleware/show_exceptions.rb:32:in 'ActionDispatch::ShowExceptions#call'
railties (8.1.3) lib/rails/rack/logger.rb:41:in 'Rails::Rack::Logger#call_app'
railties (8.1.3) lib/rails/rack/logger.rb:29:in 'Rails::Rack::Logger#call'
propshaft (1.3.2) lib/propshaft/quiet_assets.rb:11:in 'Propshaft::QuietAssets#call'
actionpack (8.1.3) lib/action_dispatch/middleware/remote_ip.rb:98:in 'ActionDispatch::RemoteIp#call'
actionpack (8.1.3) lib/action_dispatch/middleware/request_id.rb:34:in 'ActionDispatch::RequestId#call'
rack (3.2.6) lib/rack/method_override.rb:28:in 'Rack::MethodOverride#call'
rack (3.2.6) lib/rack/runtime.rb:24:in 'Rack::Runtime#call'
activesupport (8.1.3) lib/active_support/cache/strategy/local_cache_middleware.rb:30:in 'ActiveSupport::Cache::Strategy::LocalCache::Middleware#call'
actionpack (8.1.3) lib/action_dispatch/middleware/server_timing.rb:61:in 'block in ActionDispatch::ServerTiming#call'
actionpack (8.1.3) lib/action_dispatch/middleware/server_timing.rb:26:in 'ActionDispatch::ServerTiming::Subscriber#collect_events'
actionpack (8.1.3) lib/action_dispatch/middleware/server_timing.rb:60:in 'ActionDispatch::ServerTiming#call'
actionpack (8.1.3) lib/action_dispatch/middleware/executor.rb:20:in 'ActionDispatch::Executor#call'
propshaft (1.3.2) lib/propshaft/server.rb:37:in 'Propshaft::Server#call'
actionpack (8.1.3) lib/action_dispatch/middleware/static.rb:27:in 'ActionDispatch::Static#call'
rack (3.2.6) lib/rack/sendfile.rb:131:in 'Rack::Sendfile#call'
actionpack (8.1.3) lib/action_dispatch/middleware/host_authorization.rb:143:in 'ActionDispatch::HostAuthorization#call'
railties (8.1.3) lib/rails/engine.rb:534:in 'Rails::Engine#call'
puma (8.0.2) lib/puma/configuration.rb:305:in 'Puma::Configuration::ConfigMiddleware#call'
puma (8.0.2) lib/puma/response.rb:79:in 'block in Puma::Response#handle_request'
puma (8.0.2) lib/puma/thread_pool.rb:434:in 'Puma::ThreadPool#with_force_shutdown'
puma (8.0.2) lib/puma/response.rb:78:in 'Puma::Response#handle_request'
puma (8.0.2) lib/puma/server.rb:508:in 'Puma::Server#process_client'
puma (8.0.2) lib/puma/server.rb:263:in 'block in Puma::Server#run'
puma (8.0.2) lib/puma/thread_pool.rb:246:in 'block in Puma::ThreadPool#spawn_thread'
Started GET "/products/1" for ::1 at 2026-06-08 14:20:15 +0300
Processing by ProductsController#show as HTML
  Parameters: {"id" => "1"}
  [1m[36mProduct Load (0.2ms)[0m  [1m[34mSELECT "products".* FROM "products" WHERE "products"."id" = 1 LIMIT 1 /*action='show',application='Store',controller='products'*/[0m
  ↳ app/controllers/products_controller.rb:35:in 'ProductsController#set_product'
  Rendering layout layouts/application.html.erb
  Rendering products/show.html.erb within layouts/application
  Rendered products/show.html.erb within layouts/application (Duration: 0.7ms | GC: 0.0ms)
  Rendered layout layouts/application.html.erb (Duration: 1.4ms | GC: 0.0ms)
Completed 200 OK in 4ms (Views: 1.8ms | ActiveRecord: 0.2ms (1 query, 0 cached) | GC: 0.0ms)


Started GET "/products" for ::1 at 2026-06-08 14:20:25 +0300
Processing by ProductsController#index as HTML
  Rendering layout layouts/application.html.erb
  Rendering products/index.html.erb within layouts/application
  [1m[36mProduct Load (0.2ms)[0m  [1m[34mSELECT "products".* FROM "products" /*action='index',application='Store',controller='products'*/[0m
  ↳ app/views/products/index.html.erb:7
  Rendered products/index.html.erb within layouts/application (Duration: 2.2ms | GC: 0.0ms)
  Rendered layout layouts/application.html.erb (Duration: 4.0ms | GC: 0.0ms)
Completed 200 OK in 6ms (Views: 4.4ms | ActiveRecord: 0.2ms (1 query, 0 cached) | GC: 0.0ms)


Started GET "/products/1" for ::1 at 2026-06-08 14:20:27 +0300
Processing by ProductsController#show as HTML
  Parameters: {"id" => "1"}
  [1m[36mProduct Load (0.2ms)[0m  [1m[34mSELECT "products".* FROM "products" WHERE "products"."id" = 1 LIMIT 1 /*action='show',application='Store',controller='products'*/[0m
  ↳ app/controllers/products_controller.rb:35:in 'ProductsController#set_product'
  Rendering layout layouts/application.html.erb
  Rendering products/show.html.erb within layouts/application
  Rendered products/show.html.erb within layouts/application (Duration: 0.6ms | GC: 0.0ms)
  Rendered layout layouts/application.html.erb (Duration: 1.3ms | GC: 0.0ms)
Completed 200 OK in 4ms (Views: 1.8ms | ActiveRecord: 0.2ms (1 query, 0 cached) | GC: 0.0ms)


Started GET "/products" for ::1 at 2026-06-08 14:23:30 +0300
  [1m[36mActiveRecord::SchemaMigration Load (0.2ms)[0m  [1m[34mSELECT "schema_migrations"."version" FROM "schema_migrations" ORDER BY "schema_migrations"."version" ASC /*application='Store'*/[0m
Processing by ProductsController#index as HTML
  Rendering layout layouts/application.html.erb
  Rendering products/index.html.erb within layouts/application
  [1m[36mProduct Load (2.4ms)[0m  [1m[34mSELECT "products".* FROM "products" /*action='index',application='Store',controller='products'*/[0m
  ↳ app/views/products/index.html.erb:7
  Rendered products/index.html.erb within layouts/application (Duration: 8.5ms | GC: 0.0ms)
  Rendered layout layouts/application.html.erb (Duration: 18.2ms | GC: 0.0ms)
Completed 200 OK in 37ms (Views: 17.1ms | ActiveRecord: 4.4ms (1 query, 0 cached) | GC: 1.1ms)


Started GET "/products/1" for ::1 at 2026-06-08 14:23:36 +0300
Processing by ProductsController#show as HTML
  Parameters: {"id" => "1"}
  [1m[36mProduct Load (0.3ms)[0m  [1m[34mSELECT "products".* FROM "products" WHERE "products"."id" = 1 LIMIT 1 /*action='show',application='Store',controller='products'*/[0m
  ↳ app/controllers/products_controller.rb:35:in 'ProductsController#set_product'
  Rendering layout layouts/application.html.erb
  Rendering products/show.html.erb within layouts/application
  Rendered products/show.html.erb within layouts/application (Duration: 1.7ms | GC: 0.0ms)
  Rendered layout layouts/application.html.erb (Duration: 3.0ms | GC: 0.0ms)
Completed 200 OK in 10ms (Views: 4.0ms | ActiveRecord: 0.3ms (1 query, 0 cached) | GC: 0.0ms)


Started DELETE "/products/1" for ::1 at 2026-06-08 14:23:39 +0300
  
AbstractController::ActionNotFound (The action 'destroy' could not be found for ProductsController):
  
actionpack (8.1.3) lib/abstract_controller/base.rb:149:in 'AbstractController::Base#process'
actionview (8.1.3) lib/action_view/rendering.rb:40:in 'ActionView::Rendering#process'
actionpack (8.1.3) lib/action_controller/metal.rb:252:in 'ActionController::Metal#dispatch'
actionpack (8.1.3) lib/action_controller/metal.rb:335:in 'ActionController::Metal.dispatch'
actionpack (8.1.3) lib/action_dispatch/routing/route_set.rb:65:in 'ActionDispatch::Routing::RouteSet::Dispatcher#dispatch'
actionpack (8.1.3) lib/action_dispatch/routing/route_set.rb:50:in 'ActionDispatch::Routing::RouteSet::Dispatcher#serve'
actionpack (8.1.3) lib/action_dispatch/journey/router.rb:35:in 'block in ActionDispatch::Journey::Router#serve'
actionpack (8.1.3) lib/action_dispatch/journey/router.rb:86:in 'block in ActionDispatch::Journey::Router#recognize'
actionpack (8.1.3) lib/action_dispatch/journey/router.rb:66:in 'Array#each'
actionpack (8.1.3) lib/action_dispatch/journey/router.rb:66:in 'ActionDispatch::Journey::Router#recognize'
actionpack (8.1.3) lib/action_dispatch/journey/router.rb:31:in 'ActionDispatch::Journey::Router#serve'
actionpack (8.1.3) lib/action_dispatch/routing/route_set.rb:906:in 'ActionDispatch::Routing::RouteSet#call'
railties (8.1.3) lib/rails/engine/lazy_route_set.rb:60:in 'Rails::Engine::LazyRouteSet#call'
rack (3.2.6) lib/rack/tempfile_reaper.rb:20:in 'Rack::TempfileReaper#call'
rack (3.2.6) lib/rack/etag.rb:29:in 'Rack::ETag#call'
rack (3.2.6) lib/rack/conditional_get.rb:44:in 'Rack::ConditionalGet#call'
rack (3.2.6) lib/rack/head.rb:15:in 'Rack::Head#call'
actionpack (8.1.3) lib/action_dispatch/http/content_security_policy.rb:38:in 'ActionDispatch::ContentSecurityPolicy::Middleware#call'
rack-session (2.1.2) lib/rack/session/abstract/id.rb:274:in 'Rack::Session::Abstract::Persisted#context'
rack-session (2.1.2) lib/rack/session/abstract/id.rb:268:in 'Rack::Session::Abstract::Persisted#call'
actionpack (8.1.3) lib/action_dispatch/middleware/cookies.rb:708:in 'ActionDispatch::Cookies#call'
activerecord (8.1.3) lib/active_record/migration.rb:671:in 'ActiveRecord::Migration::CheckPending#call'
actionpack (8.1.3) lib/action_dispatch/middleware/callbacks.rb:31:in 'block in ActionDispatch::Callbacks#call'
activesupport (8.1.3) lib/active_support/callbacks.rb:101:in 'ActiveSupport::Callbacks#run_callbacks'
actionpack (8.1.3) lib/action_dispatch/middleware/callbacks.rb:30:in 'ActionDispatch::Callbacks#call'
actionpack (8.1.3) lib/action_dispatch/middleware/executor.rb:20:in 'ActionDispatch::Executor#call'
actionpack (8.1.3) lib/action_dispatch/middleware/actionable_exceptions.rb:18:in 'ActionDispatch::ActionableExceptions#call'
actionpack (8.1.3) lib/action_dispatch/middleware/debug_exceptions.rb:31:in 'ActionDispatch::DebugExceptions#call'
web-console (4.3.0) lib/web_console/middleware.rb:132:in 'WebConsole::Middleware#call_app'
web-console (4.3.0) lib/web_console/middleware.rb:28:in 'block in WebConsole::Middleware#call'
web-console (4.3.0) lib/web_console/middleware.rb:17:in 'Kernel#catch'
web-console (4.3.0) lib/web_console/middleware.rb:17:in 'WebConsole::Middleware#call'
actionpack (8.1.3) lib/action_dispatch/middleware/show_exceptions.rb:32:in 'ActionDispatch::ShowExceptions#call'
railties (8.1.3) lib/rails/rack/logger.rb:41:in 'Rails::Rack::Logger#call_app'
railties (8.1.3) lib/rails/rack/logger.rb:29:in 'Rails::Rack::Logger#call'
propshaft (1.3.2) lib/propshaft/quiet_assets.rb:11:in 'Propshaft::QuietAssets#call'
actionpack (8.1.3) lib/action_dispatch/middleware/remote_ip.rb:98:in 'ActionDispatch::RemoteIp#call'
actionpack (8.1.3) lib/action_dispatch/middleware/request_id.rb:34:in 'ActionDispatch::RequestId#call'
rack (3.2.6) lib/rack/method_override.rb:28:in 'Rack::MethodOverride#call'
rack (3.2.6) lib/rack/runtime.rb:24:in 'Rack::Runtime#call'
activesupport (8.1.3) lib/active_support/cache/strategy/local_cache_middleware.rb:30:in 'ActiveSupport::Cache::Strategy::LocalCache::Middleware#call'
actionpack (8.1.3) lib/action_dispatch/middleware/server_timing.rb:61:in 'block in ActionDispatch::ServerTiming#call'
actionpack (8.1.3) lib/action_dispatch/middleware/server_timing.rb:26:in 'ActionDispatch::ServerTiming::Subscriber#collect_events'
actionpack (8.1.3) lib/action_dispatch/middleware/server_timing.rb:60:in 'ActionDispatch::ServerTiming#call'
actionpack (8.1.3) lib/action_dispatch/middleware/executor.rb:20:in 'ActionDispatch::Executor#call'
propshaft (1.3.2) lib/propshaft/server.rb:37:in 'Propshaft::Server#call'
actionpack (8.1.3) lib/action_dispatch/middleware/static.rb:27:in 'ActionDispatch::Static#call'
rack (3.2.6) lib/rack/sendfile.rb:131:in 'Rack::Sendfile#call'
actionpack (8.1.3) lib/action_dispatch/middleware/host_authorization.rb:143:in 'ActionDispatch::HostAuthorization#call'
railties (8.1.3) lib/rails/engine.rb:534:in 'Rails::Engine#call'
puma (8.0.2) lib/puma/configuration.rb:305:in 'Puma::Configuration::ConfigMiddleware#call'
puma (8.0.2) lib/puma/response.rb:79:in 'block in Puma::Response#handle_request'
puma (8.0.2) lib/puma/thread_pool.rb:434:in 'Puma::ThreadPool#with_force_shutdown'
puma (8.0.2) lib/puma/response.rb:78:in 'Puma::Response#handle_request'
puma (8.0.2) lib/puma/server.rb:508:in 'Puma::Server#process_client'
puma (8.0.2) lib/puma/server.rb:263:in 'block in Puma::Server#run'
puma (8.0.2) lib/puma/thread_pool.rb:246:in 'block in Puma::ThreadPool#spawn_thread'
Started GET "/products/1" for ::1 at 2026-06-08 14:23:40 +0300
Processing by ProductsController#show as HTML
  Parameters: {"id" => "1"}
  [1m[36mProduct Load (0.2ms)[0m  [1m[34mSELECT "products".* FROM "products" WHERE "products"."id" = 1 LIMIT 1 /*action='show',application='Store',controller='products'*/[0m
  ↳ app/controllers/products_controller.rb:35:in 'ProductsController#set_product'
  Rendering layout layouts/application.html.erb
  Rendering products/show.html.erb within layouts/application
  Rendered products/show.html.erb within layouts/application (Duration: 1.1ms | GC: 0.2ms)
  Rendered layout layouts/application.html.erb (Duration: 1.7ms | GC: 0.2ms)
Completed 200 OK in 4ms (Views: 2.1ms | ActiveRecord: 0.2ms (1 query, 0 cached) | GC: 0.2ms)


Started GET "/.well-known/appspecific/com.chrome.devtools.json" for ::1 at 2026-06-08 14:23:49 +0300
  
ActionController::RoutingError (No route matches [GET] "/.well-known/appspecific/com.chrome.devtools.json"):
  
Started DELETE "/products/1" for ::1 at 2026-06-08 14:24:00 +0300
  
AbstractController::ActionNotFound (The action 'destroy' could not be found for ProductsController):
  
actionpack (8.1.3) lib/abstract_controller/base.rb:149:in 'AbstractController::Base#process'
actionview (8.1.3) lib/action_view/rendering.rb:40:in 'ActionView::Rendering#process'
actionpack (8.1.3) lib/action_controller/metal.rb:252:in 'ActionController::Metal#dispatch'
actionpack (8.1.3) lib/action_controller/metal.rb:335:in 'ActionController::Metal.dispatch'
actionpack (8.1.3) lib/action_dispatch/routing/route_set.rb:65:in 'ActionDispatch::Routing::RouteSet::Dispatcher#dispatch'
actionpack (8.1.3) lib/action_dispatch/routing/route_set.rb:50:in 'ActionDispatch::Routing::RouteSet::Dispatcher#serve'
actionpack (8.1.3) lib/action_dispatch/journey/router.rb:35:in 'block in ActionDispatch::Journey::Router#serve'
actionpack (8.1.3) lib/action_dispatch/journey/router.rb:86:in 'block in ActionDispatch::Journey::Router#recognize'
actionpack (8.1.3) lib/action_dispatch/journey/router.rb:66:in 'Array#each'
actionpack (8.1.3) lib/action_dispatch/journey/router.rb:66:in 'ActionDispatch::Journey::Router#recognize'
actionpack (8.1.3) lib/action_dispatch/journey/router.rb:31:in 'ActionDispatch::Journey::Router#serve'
actionpack (8.1.3) lib/action_dispatch/routing/route_set.rb:906:in 'ActionDispatch::Routing::RouteSet#call'
railties (8.1.3) lib/rails/engine/lazy_route_set.rb:60:in 'Rails::Engine::LazyRouteSet#call'
rack (3.2.6) lib/rack/tempfile_reaper.rb:20:in 'Rack::TempfileReaper#call'
rack (3.2.6) lib/rack/etag.rb:29:in 'Rack::ETag#call'
rack (3.2.6) lib/rack/conditional_get.rb:44:in 'Rack::ConditionalGet#call'
rack (3.2.6) lib/rack/head.rb:15:in 'Rack::Head#call'
actionpack (8.1.3) lib/action_dispatch/http/content_security_policy.rb:38:in 'ActionDispatch::ContentSecurityPolicy::Middleware#call'
rack-session (2.1.2) lib/rack/session/abstract/id.rb:274:in 'Rack::Session::Abstract::Persisted#context'
rack-session (2.1.2) lib/rack/session/abstract/id.rb:268:in 'Rack::Session::Abstract::Persisted#call'
actionpack (8.1.3) lib/action_dispatch/middleware/cookies.rb:708:in 'ActionDispatch::Cookies#call'
activerecord (8.1.3) lib/active_record/migration.rb:671:in 'ActiveRecord::Migration::CheckPending#call'
actionpack (8.1.3) lib/action_dispatch/middleware/callbacks.rb:31:in 'block in ActionDispatch::Callbacks#call'
activesupport (8.1.3) lib/active_support/callbacks.rb:101:in 'ActiveSupport::Callbacks#run_callbacks'
actionpack (8.1.3) lib/action_dispatch/middleware/callbacks.rb:30:in 'ActionDispatch::Callbacks#call'
actionpack (8.1.3) lib/action_dispatch/middleware/executor.rb:20:in 'ActionDispatch::Executor#call'
actionpack (8.1.3) lib/action_dispatch/middleware/actionable_exceptions.rb:18:in 'ActionDispatch::ActionableExceptions#call'
actionpack (8.1.3) lib/action_dispatch/middleware/debug_exceptions.rb:31:in 'ActionDispatch::DebugExceptions#call'
web-console (4.3.0) lib/web_console/middleware.rb:132:in 'WebConsole::Middleware#call_app'
web-console (4.3.0) lib/web_console/middleware.rb:28:in 'block in WebConsole::Middleware#call'
web-console (4.3.0) lib/web_console/middleware.rb:17:in 'Kernel#catch'
web-console (4.3.0) lib/web_console/middleware.rb:17:in 'WebConsole::Middleware#call'
actionpack (8.1.3) lib/action_dispatch/middleware/show_exceptions.rb:32:in 'ActionDispatch::ShowExceptions#call'
railties (8.1.3) lib/rails/rack/logger.rb:41:in 'Rails::Rack::Logger#call_app'
railties (8.1.3) lib/rails/rack/logger.rb:29:in 'Rails::Rack::Logger#call'
propshaft (1.3.2) lib/propshaft/quiet_assets.rb:11:in 'Propshaft::QuietAssets#call'
actionpack (8.1.3) lib/action_dispatch/middleware/remote_ip.rb:98:in 'ActionDispatch::RemoteIp#call'
actionpack (8.1.3) lib/action_dispatch/middleware/request_id.rb:34:in 'ActionDispatch::RequestId#call'
rack (3.2.6) lib/rack/method_override.rb:28:in 'Rack::MethodOverride#call'
rack (3.2.6) lib/rack/runtime.rb:24:in 'Rack::Runtime#call'
activesupport (8.1.3) lib/active_support/cache/strategy/local_cache_middleware.rb:30:in 'ActiveSupport::Cache::Strategy::LocalCache::Middleware#call'
actionpack (8.1.3) lib/action_dispatch/middleware/server_timing.rb:61:in 'block in ActionDispatch::ServerTiming#call'
actionpack (8.1.3) lib/action_dispatch/middleware/server_timing.rb:26:in 'ActionDispatch::ServerTiming::Subscriber#collect_events'
actionpack (8.1.3) lib/action_dispatch/middleware/server_timing.rb:60:in 'ActionDispatch::ServerTiming#call'
actionpack (8.1.3) lib/action_dispatch/middleware/executor.rb:20:in 'ActionDispatch::Executor#call'
propshaft (1.3.2) lib/propshaft/server.rb:37:in 'Propshaft::Server#call'
actionpack (8.1.3) lib/action_dispatch/middleware/static.rb:27:in 'ActionDispatch::Static#call'
rack (3.2.6) lib/rack/sendfile.rb:131:in 'Rack::Sendfile#call'
actionpack (8.1.3) lib/action_dispatch/middleware/host_authorization.rb:143:in 'ActionDispatch::HostAuthorization#call'
railties (8.1.3) lib/rails/engine.rb:534:in 'Rails::Engine#call'
puma (8.0.2) lib/puma/configuration.rb:305:in 'Puma::Configuration::ConfigMiddleware#call'
puma (8.0.2) lib/puma/response.rb:79:in 'block in Puma::Response#handle_request'
puma (8.0.2) lib/puma/thread_pool.rb:434:in 'Puma::ThreadPool#with_force_shutdown'
puma (8.0.2) lib/puma/response.rb:78:in 'Puma::Response#handle_request'
puma (8.0.2) lib/puma/server.rb:508:in 'Puma::Server#process_client'
puma (8.0.2) lib/puma/server.rb:263:in 'block in Puma::Server#run'
puma (8.0.2) lib/puma/thread_pool.rb:246:in 'block in Puma::ThreadPool#spawn_thread'
Started GET "/products/1" for ::1 at 2026-06-08 14:24:00 +0300
Processing by ProductsController#show as HTML
  Parameters: {"id" => "1"}
  [1m[36mProduct Load (0.2ms)[0m  [1m[34mSELECT "products".* FROM "products" WHERE "products"."id" = 1 LIMIT 1 /*action='show',application='Store',controller='products'*/[0m
  ↳ app/controllers/products_controller.rb:35:in 'ProductsController#set_product'
  Rendering layout layouts/application.html.erb
  Rendering products/show.html.erb within layouts/application
  Rendered products/show.html.erb within layouts/application (Duration: 1.0ms | GC: 0.0ms)
  Rendered layout layouts/application.html.erb (Duration: 2.0ms | GC: 0.0ms)
Completed 200 OK in 5ms (Views: 2.6ms | ActiveRecord: 0.2ms (1 query, 0 cached) | GC: 0.0ms)


Started GET "/.well-known/appspecific/com.chrome.devtools.json" for ::1 at 2026-06-08 14:24:00 +0300
  
ActionController::RoutingError (No route matches [GET] "/.well-known/appspecific/com.chrome.devtools.json"):
  
Started GET "/products/1" for ::1 at 2026-06-08 14:25:35 +0300
Processing by ProductsController#show as HTML
  Parameters: {"id" => "1"}
  [1m[36mProduct Load (0.1ms)[0m  [1m[34mSELECT "products".* FROM "products" WHERE "products"."id" = 1 LIMIT 1 /*action='show',application='Store',controller='products'*/[0m
  ↳ app/controllers/products_controller.rb:35:in 'ProductsController#set_product'
  Rendering layout layouts/application.html.erb
  Rendering products/show.html.erb within layouts/application
  Rendered products/show.html.erb within layouts/application (Duration: 1.1ms | GC: 0.0ms)
  Rendered layout layouts/application.html.erb (Duration: 3.5ms | GC: 0.4ms)
Completed 200 OK in 13ms (Views: 4.5ms | ActiveRecord: 1.9ms (1 query, 0 cached) | GC: 1.2ms)


Started DELETE "/products/1" for ::1 at 2026-06-08 14:25:37 +0300
Processing by ProductsController#destroy as TURBO_STREAM
  Parameters: {"authenticity_token" => "[FILTERED]", "id" => "1"}
  [1m[36mProduct Load (0.2ms)[0m  [1m[34mSELECT "products".* FROM "products" WHERE "products"."id" = 1 LIMIT 1 /*action='destroy',application='Store',controller='products'*/[0m
  ↳ app/controllers/products_controller.rb:35:in 'ProductsController#set_product'
  [1m[36mTRANSACTION (0.1ms)[0m  [1m[35mBEGIN immediate TRANSACTION /*action='destroy',application='Store',controller='products'*/[0m
  ↳ app/controllers/products_controller.rb:30:in 'ProductsController#destroy'
  [1m[36mProduct Destroy (1.4ms)[0m  [1m[31mDELETE FROM "products" WHERE "products"."id" = 1 /*action='destroy',application='Store',controller='products'*/[0m
  ↳ app/controllers/products_controller.rb:30:in 'ProductsController#destroy'
  [1m[36mTRANSACTION (0.7ms)[0m  [1m[35mCOMMIT TRANSACTION /*action='destroy',application='Store',controller='products'*/[0m
  ↳ app/controllers/products_controller.rb:30:in 'ProductsController#destroy'
Redirected to http://localhost:3000/products
↳ app/controllers/products_controller.rb:31:in 'ProductsController#destroy'
Completed 302 Found in 7ms (ActiveRecord: 2.3ms (2 queries, 0 cached) | GC: 0.5ms)


Started GET "/products" for ::1 at 2026-06-08 14:25:37 +0300
Processing by ProductsController#index as TURBO_STREAM
  Rendering layout layouts/application.html.erb
  Rendering products/index.html.erb within layouts/application
  [1m[36mProduct Load (0.1ms)[0m  [1m[34mSELECT "products".* FROM "products" /*action='index',application='Store',controller='products'*/[0m
  ↳ app/views/products/index.html.erb:7
  Rendered products/index.html.erb within layouts/application (Duration: 1.3ms | GC: 0.0ms)
  Rendered layout layouts/application.html.erb (Duration: 2.1ms | GC: 0.0ms)
Completed 200 OK in 3ms (Views: 2.3ms | ActiveRecord: 0.1ms (1 query, 0 cached) | GC: 0.0ms)


  [1m[36mCACHE ActiveRecord::SchemaMigration Load (0.0ms)[0m  [1m[34mSELECT "schema_migrations"."version" FROM "schema_migrations" ORDER BY "schema_migrations"."version" ASC[0m
  [1m[36mCACHE ActiveRecord::SchemaMigration Load (0.0ms)[0m  [1m[34mSELECT "schema_migrations"."version" FROM "schema_migrations" ORDER BY "schema_migrations"."version" ASC[0m
  [1m[36mActiveRecord::InternalMetadata Load (0.3ms)[0m  [1m[34mSELECT * FROM "ar_internal_metadata" WHERE "ar_internal_metadata"."key" = 'environment' ORDER BY "ar_internal_metadata"."key" ASC LIMIT 1 /*application='Store'*/[0m
  [1m[36mActiveRecord::SchemaMigration Load (0.1ms)[0m  [1m[34mSELECT "schema_migrations"."version" FROM "schema_migrations" ORDER BY "schema_migrations"."version" ASC /*application='Store'*/[0m
Migrating to CreateUsers (20260608112811)
  [1m[36mTRANSACTION (0.1ms)[0m  [1m[35mBEGIN immediate TRANSACTION /*application='Store'*/[0m
  [1m[35m (1.4ms)[0m  [1m[35mCREATE TABLE "users" ("id" integer PRIMARY KEY AUTOINCREMENT NOT NULL, "email_address" varchar NOT NULL, "password_digest" varchar NOT NULL, "created_at" datetime(6) NOT NULL, "updated_at" datetime(6) NOT NULL) /*application='Store'*/[0m
  [1m[35m (0.2ms)[0m  [1m[35mCREATE UNIQUE INDEX "index_users_on_email_address" ON "users" ("email_address") /*application='Store'*/[0m
  [1m[36mActiveRecord::SchemaMigration Create (0.1ms)[0m  [1m[32mINSERT INTO "schema_migrations" ("version") VALUES ('20260608112811') RETURNING "version" /*application='Store'*/[0m
  [1m[36mTRANSACTION (0.4ms)[0m  [1m[35mCOMMIT TRANSACTION /*application='Store'*/[0m
Migrating to CreateSessions (20260608112812)
  [1m[36mTRANSACTION (0.1ms)[0m  [1m[35mBEGIN immediate TRANSACTION /*application='Store'*/[0m
  [1m[35m (1.3ms)[0m  [1m[35mCREATE TABLE "sessions" ("id" integer PRIMARY KEY AUTOINCREMENT NOT NULL, "user_id" integer NOT NULL, "ip_address" varchar, "user_agent" varchar, "created_at" datetime(6) NOT NULL, "updated_at" datetime(6) NOT NULL, CONSTRAINT "fk_rails_758836b4f0"
FOREIGN KEY ("user_id")
  REFERENCES "users" ("id")
) /*application='Store'*/[0m
  [1m[35m (0.1ms)[0m  [1m[35mCREATE INDEX "index_sessions_on_user_id" ON "sessions" ("user_id") /*application='Store'*/[0m
  [1m[36mActiveRecord::SchemaMigration Create (0.2ms)[0m  [1m[32mINSERT INTO "schema_migrations" ("version") VALUES ('20260608112812') RETURNING "version" /*application='Store'*/[0m
  [1m[36mTRANSACTION (0.3ms)[0m  [1m[35mCOMMIT TRANSACTION /*application='Store'*/[0m
  [1m[36mActiveRecord::SchemaMigration Load (0.0ms)[0m  [1m[34mSELECT "schema_migrations"."version" FROM "schema_migrations" ORDER BY "schema_migrations"."version" ASC /*application='Store'*/[0m
  [1m[36mActiveRecord::SchemaMigration Load (0.2ms)[0m  [1m[34mSELECT "schema_migrations"."version" FROM "schema_migrations" ORDER BY "schema_migrations"."version" ASC /*application='Store'*/[0m
  [1m[36mTRANSACTION (0.1ms)[0m  [1m[35mBEGIN immediate TRANSACTION /*application='Store'*/[0m
  [1m[36mUser Create (0.9ms)[0m  [1m[32mINSERT INTO "users" ("email_address", "password_digest", "created_at", "updated_at") VALUES ('you@example.com', '$2a$12$JeUDdXXQFc8YaW95Nn7Dae.oU5DTq666h./nOi0ekhrO/LHib7ldS', '2026-06-08 11:32:13.722518', '2026-06-08 11:32:13.722518') RETURNING "id" /*application='Store'*/[0m
  [1m[36mTRANSACTION (0.2ms)[0m  [1m[35mCOMMIT TRANSACTION /*application='Store'*/[0m
Started GET "/products" for ::1 at 2026-06-08 14:32:44 +0300
  [1m[36mActiveRecord::SchemaMigration Load (0.2ms)[0m  [1m[34mSELECT "schema_migrations"."version" FROM "schema_migrations" ORDER BY "schema_migrations"."version" ASC /*application='Store'*/[0m
  
NoMethodError (undefined method 'resource' for main):
  
config/routes.rb:34:in '<compiled>'
Started GET "/products/new" for ::1 at 2026-06-08 14:32:55 +0300
Processing by ProductsController#new as HTML
Redirected to http://localhost:3000/session/new
↳ app/controllers/concerns/authentication.rb:34:in 'Authentication#request_authentication'
Filter chain halted as :require_authentication rendered or redirected
Completed 302 Found in 5ms (ActiveRecord: 0.0ms (0 queries, 0 cached) | GC: 0.0ms)


Started GET "/session/new" for ::1 at 2026-06-08 14:32:55 +0300
Processing by SessionsController#new as HTML
  Rendering layout layouts/application.html.erb
  Rendering sessions/new.html.erb within layouts/application
  Rendered sessions/new.html.erb within layouts/application (Duration: 3.5ms | GC: 0.0ms)
  Rendered layout layouts/application.html.erb (Duration: 11.8ms | GC: 1.3ms)
Completed 200 OK in 36ms (Views: 14.9ms | ActiveRecord: 0.0ms (0 queries, 0 cached) | GC: 18.0ms)


Started POST "/session" for ::1 at 2026-06-08 14:33:05 +0300
Processing by SessionsController#create as TURBO_STREAM
  Parameters: {"authenticity_token" => "[FILTERED]", "email_address" => "[FILTERED]", "password" => "[FILTERED]", "commit" => "Sign in"}
[31mUnpermitted parameters: :authenticity_token, :commit. Context: { controller: SessionsController, action: create, request: #<ActionDispatch::Request:0x0000703b0ccf5c80>, params: {"authenticity_token" => "[FILTERED]", "email_address" => "[FILTERED]", "password" => "[FILTERED]", "commit" => "Sign in", "controller" => "sessions", "action" => "create"} }[0m
  [1m[36mUser Load (0.2ms)[0m  [1m[34mSELECT "users".* FROM "users" WHERE "users"."email_address" = 'you@example.com' LIMIT 1 /*action='create',application='Store',controller='sessions'*/[0m
  ↳ app/controllers/sessions_controller.rb:9:in 'SessionsController#create'
  [1m[36mTRANSACTION (0.1ms)[0m  [1m[35mBEGIN immediate TRANSACTION /*action='create',application='Store',controller='sessions'*/[0m
  ↳ app/controllers/concerns/authentication.rb:42:in 'Authentication#start_new_session_for'
  [1m[36mSession Create (2.1ms)[0m  [1m[32mINSERT INTO "sessions" ("user_id", "ip_address", "user_agent", "created_at", "updated_at") VALUES (1, '::1', 'Mozilla/5.0 (X11; Linux x86_64) AppleWebKit/537.36 (KHTML, like Gecko) Chrome/139.0.0.0 Safari/537.36', '2026-06-08 11:33:05.305192', '2026-06-08 11:33:05.305192') RETURNING "id" /*action='create',application='Store',controller='sessions'*/[0m
  ↳ app/controllers/concerns/authentication.rb:42:in 'Authentication#start_new_session_for'
  [1m[36mTRANSACTION (0.3ms)[0m  [1m[35mCOMMIT TRANSACTION /*action='create',application='Store',controller='sessions'*/[0m
  ↳ app/controllers/concerns/authentication.rb:42:in 'Authentication#start_new_session_for'
Redirected to http://localhost:3000/products/new
↳ app/controllers/sessions_controller.rb:11:in 'SessionsController#create'
Completed 302 Found in 258ms (ActiveRecord: 4.1ms (2 queries, 0 cached) | GC: 1.3ms)


Started GET "/products/new" for ::1 at 2026-06-08 14:33:05 +0300
Processing by ProductsController#new as TURBO_STREAM
  [1m[36mSession Load (0.1ms)[0m  [1m[34mSELECT "sessions".* FROM "sessions" WHERE "sessions"."id" = 1 LIMIT 1 /*action='new',application='Store',controller='products'*/[0m
  ↳ app/controllers/concerns/authentication.rb:29:in 'Authentication#find_session_by_cookie'
  Rendering layout layouts/application.html.erb
  Rendering products/new.html.erb within layouts/application
  Rendered products/_form.html.erb (Duration: 2.3ms | GC: 0.0ms)
  Rendered products/new.html.erb within layouts/application (Duration: 3.7ms | GC: 0.3ms)
  Rendered layout layouts/application.html.erb (Duration: 4.3ms | GC: 0.3ms)
Completed 200 OK in 11ms (Views: 5.1ms | ActiveRecord: 0.3ms (1 query, 0 cached) | GC: 0.3ms)


Started GET "/products" for ::1 at 2026-06-08 14:33:17 +0300
Processing by ProductsController#index as HTML
  [1m[36mSession Load (0.1ms)[0m  [1m[34mSELECT "sessions".* FROM "sessions" WHERE "sessions"."id" = 1 LIMIT 1 /*action='index',application='Store',controller='products'*/[0m
  ↳ app/controllers/concerns/authentication.rb:29:in 'Authentication#find_session_by_cookie'
  Rendering layout layouts/application.html.erb
  Rendering products/index.html.erb within layouts/application
  [1m[36mProduct Load (0.1ms)[0m  [1m[34mSELECT "products".* FROM "products" /*action='index',application='Store',controller='products'*/[0m
  ↳ app/views/products/index.html.erb:7
  Rendered products/index.html.erb within layouts/application (Duration: 1.4ms | GC: 0.0ms)
  Rendered layout layouts/application.html.erb (Duration: 2.4ms | GC: 0.2ms)
Completed 200 OK in 5ms (Views: 2.8ms | ActiveRecord: 0.3ms (2 queries, 0 cached) | GC: 0.2ms)


Started GET "/products" for ::1 at 2026-06-08 14:36:20 +0300
  
NoMethodError (undefined method 'resource' for main):
  
config/routes.rb:34:in '<compiled>'
Started GET "/products/new" for ::1 at 2026-06-08 14:36:31 +0300
Processing by ProductsController#new as HTML
  [1m[36mSession Load (0.5ms)[0m  [1m[34mSELECT "sessions".* FROM "sessions" WHERE "sessions"."id" = 1 LIMIT 1 /*action='new',application='Store',controller='products'*/[0m
  ↳ app/controllers/concerns/authentication.rb:29:in 'Authentication#find_session_by_cookie'
  Rendering layout layouts/application.html.erb
  Rendering products/new.html.erb within layouts/application
  Rendered products/_form.html.erb (Duration: 3.1ms | GC: 1.1ms)
  Rendered products/new.html.erb within layouts/application (Duration: 4.3ms | GC: 1.1ms)
  Rendered layout layouts/application.html.erb (Duration: 7.6ms | GC: 1.4ms)
Completed 200 OK in 35ms (Views: 9.7ms | ActiveRecord: 1.9ms (1 query, 0 cached) | GC: 13.3ms)


Started GET "/" for ::1 at 2026-06-08 14:36:34 +0300
Processing by ProductsController#index as HTML
  [1m[36mSession Load (0.1ms)[0m  [1m[34mSELECT "sessions".* FROM "sessions" WHERE "sessions"."id" = 1 LIMIT 1 /*action='index',application='Store',controller='products'*/[0m
  ↳ app/controllers/concerns/authentication.rb:29:in 'Authentication#find_session_by_cookie'
  Rendering layout layouts/application.html.erb
  Rendering products/index.html.erb within layouts/application
  [1m[36mProduct Load (0.1ms)[0m  [1m[34mSELECT "products".* FROM "products" /*action='index',application='Store',controller='products'*/[0m
  ↳ app/views/products/index.html.erb:7
  Rendered products/index.html.erb within layouts/application (Duration: 1.4ms | GC: 0.0ms)
  Rendered layout layouts/application.html.erb (Duration: 2.9ms | GC: 0.5ms)
Completed 200 OK in 6ms (Views: 3.3ms | ActiveRecord: 0.2ms (2 queries, 0 cached) | GC: 0.5ms)


Started GET "/products" for ::1 at 2026-06-08 14:36:40 +0300
Processing by ProductsController#index as HTML
  [1m[36mSession Load (0.2ms)[0m  [1m[34mSELECT "sessions".* FROM "sessions" WHERE "sessions"."id" = 1 LIMIT 1 /*action='index',application='Store',controller='products'*/[0m
  ↳ app/controllers/concerns/authentication.rb:29:in 'Authentication#find_session_by_cookie'
  Rendering layout layouts/application.html.erb
  Rendering products/index.html.erb within layouts/application
  [1m[36mProduct Load (0.2ms)[0m  [1m[34mSELECT "products".* FROM "products" /*action='index',application='Store',controller='products'*/[0m
  ↳ app/views/products/index.html.erb:7
  Rendered products/index.html.erb within layouts/application (Duration: 1.6ms | GC: 0.0ms)
  Rendered layout layouts/application.html.erb (Duration: 2.9ms | GC: 0.0ms)
Completed 200 OK in 7ms (Views: 3.3ms | ActiveRecord: 0.3ms (2 queries, 0 cached) | GC: 0.0ms)


Started GET "/products" for ::1 at 2026-06-08 14:36:43 +0300
Processing by ProductsController#index as HTML
  [1m[36mSession Load (0.1ms)[0m  [1m[34mSELECT "sessions".* FROM "sessions" WHERE "sessions"."id" = 1 LIMIT 1 /*action='index',application='Store',controller='products'*/[0m
  ↳ app/controllers/concerns/authentication.rb:29:in 'Authentication#find_session_by_cookie'
  Rendering layout layouts/application.html.erb
  Rendering products/index.html.erb within layouts/application
  [1m[36mProduct Load (0.1ms)[0m  [1m[34mSELECT "products".* FROM "products" /*action='index',application='Store',controller='products'*/[0m
  ↳ app/views/products/index.html.erb:7
  Rendered products/index.html.erb within layouts/application (Duration: 1.0ms | GC: 0.0ms)
  Rendered layout layouts/application.html.erb (Duration: 1.9ms | GC: 0.0ms)
Completed 200 OK in 5ms (Views: 2.3ms | ActiveRecord: 0.2ms (2 queries, 0 cached) | GC: 0.4ms)


Started GET "/products" for ::1 at 2026-06-08 14:36:43 +0300
Processing by ProductsController#index as HTML
  [1m[36mSession Load (0.1ms)[0m  [1m[34mSELECT "sessions".* FROM "sessions" WHERE "sessions"."id" = 1 LIMIT 1 /*action='index',application='Store',controller='products'*/[0m
  ↳ app/controllers/concerns/authentication.rb:29:in 'Authentication#find_session_by_cookie'
  Rendering layout layouts/application.html.erb
  Rendering products/index.html.erb within layouts/application
  [1m[36mProduct Load (0.1ms)[0m  [1m[34mSELECT "products".* FROM "products" /*action='index',application='Store',controller='products'*/[0m
  ↳ app/views/products/index.html.erb:7
  Rendered products/index.html.erb within layouts/application (Duration: 1.1ms | GC: 0.0ms)
  Rendered layout layouts/application.html.erb (Duration: 1.9ms | GC: 0.0ms)
Completed 200 OK in 5ms (Views: 2.3ms | ActiveRecord: 0.2ms (2 queries, 0 cached) | GC: 0.5ms)


Started GET "/products" for ::1 at 2026-06-08 14:36:44 +0300
Processing by ProductsController#index as HTML
  [1m[36mSession Load (0.1ms)[0m  [1m[34mSELECT "sessions".* FROM "sessions" WHERE "sessions"."id" = 1 LIMIT 1 /*action='index',application='Store',controller='products'*/[0m
  ↳ app/controllers/concerns/authentication.rb:29:in 'Authentication#find_session_by_cookie'
  Rendering layout layouts/application.html.erb
  Rendering products/index.html.erb within layouts/application
  [1m[36mProduct Load (0.1ms)[0m  [1m[34mSELECT "products".* FROM "products" /*action='index',application='Store',controller='products'*/[0m
  ↳ app/views/products/index.html.erb:7
  Rendered products/index.html.erb within layouts/application (Duration: 1.3ms | GC: 0.0ms)
  Rendered layout layouts/application.html.erb (Duration: 3.1ms | GC: 0.4ms)
Completed 200 OK in 6ms (Views: 3.4ms | ActiveRecord: 0.2ms (2 queries, 0 cached) | GC: 0.4ms)


Started GET "/products" for ::1 at 2026-06-08 14:36:44 +0300
Processing by ProductsController#index as HTML
  [1m[36mSession Load (0.1ms)[0m  [1m[34mSELECT "sessions".* FROM "sessions" WHERE "sessions"."id" = 1 LIMIT 1 /*action='index',application='Store',controller='products'*/[0m
  ↳ app/controllers/concerns/authentication.rb:29:in 'Authentication#find_session_by_cookie'
  Rendering layout layouts/application.html.erb
  Rendering products/index.html.erb within layouts/application
  [1m[36mProduct Load (0.1ms)[0m  [1m[34mSELECT "products".* FROM "products" /*action='index',application='Store',controller='products'*/[0m
  ↳ app/views/products/index.html.erb:7
  Rendered products/index.html.erb within layouts/application (Duration: 1.3ms | GC: 0.0ms)
  Rendered layout layouts/application.html.erb (Duration: 2.6ms | GC: 0.0ms)
Completed 200 OK in 5ms (Views: 3.0ms | ActiveRecord: 0.2ms (2 queries, 0 cached) | GC: 0.0ms)


Started GET "/products" for ::1 at 2026-06-08 14:36:44 +0300
Processing by ProductsController#index as HTML
  [1m[36mSession Load (0.1ms)[0m  [1m[34mSELECT "sessions".* FROM "sessions" WHERE "sessions"."id" = 1 LIMIT 1 /*action='index',application='Store',controller='products'*/[0m
  ↳ app/controllers/concerns/authentication.rb:29:in 'Authentication#find_session_by_cookie'
  Rendering layout layouts/application.html.erb
  Rendering products/index.html.erb within layouts/application
  [1m[36mProduct Load (0.1ms)[0m  [1m[34mSELECT "products".* FROM "products" /*action='index',application='Store',controller='products'*/[0m
  ↳ app/views/products/index.html.erb:7
  Rendered products/index.html.erb within layouts/application (Duration: 0.9ms | GC: 0.0ms)
  Rendered layout layouts/application.html.erb (Duration: 1.8ms | GC: 0.0ms)
Completed 200 OK in 4ms (Views: 2.1ms | ActiveRecord: 0.2ms (2 queries, 0 cached) | GC: 0.0ms)


Started GET "/products" for ::1 at 2026-06-08 14:36:44 +0300
Processing by ProductsController#index as HTML
  [1m[36mSession Load (0.2ms)[0m  [1m[34mSELECT "sessions".* FROM "sessions" WHERE "sessions"."id" = 1 LIMIT 1 /*action='index',application='Store',controller='products'*/[0m
  ↳ app/controllers/concerns/authentication.rb:29:in 'Authentication#find_session_by_cookie'
  Rendering layout layouts/application.html.erb
  Rendering products/index.html.erb within layouts/application
  [1m[36mProduct Load (0.1ms)[0m  [1m[34mSELECT "products".* FROM "products" /*action='index',application='Store',controller='products'*/[0m
  ↳ app/views/products/index.html.erb:7
  Rendered products/index.html.erb within layouts/application (Duration: 1.1ms | GC: 0.0ms)
  Rendered layout layouts/application.html.erb (Duration: 1.9ms | GC: 0.0ms)
Completed 200 OK in 5ms (Views: 2.3ms | ActiveRecord: 0.2ms (2 queries, 0 cached) | GC: 0.0ms)


Started GET "/products" for ::1 at 2026-06-08 14:36:44 +0300
Processing by ProductsController#index as HTML
  [1m[36mSession Load (0.1ms)[0m  [1m[34mSELECT "sessions".* FROM "sessions" WHERE "sessions"."id" = 1 LIMIT 1 /*action='index',application='Store',controller='products'*/[0m
  ↳ app/controllers/concerns/authentication.rb:29:in 'Authentication#find_session_by_cookie'
  Rendering layout layouts/application.html.erb
  Rendering products/index.html.erb within layouts/application
  [1m[36mProduct Load (0.1ms)[0m  [1m[34mSELECT "products".* FROM "products" /*action='index',application='Store',controller='products'*/[0m
  ↳ app/views/products/index.html.erb:7
  Rendered products/index.html.erb within layouts/application (Duration: 1.1ms | GC: 0.0ms)
  Rendered layout layouts/application.html.erb (Duration: 2.2ms | GC: 0.0ms)
Completed 200 OK in 5ms (Views: 2.5ms | ActiveRecord: 0.2ms (2 queries, 0 cached) | GC: 0.2ms)


Started GET "/products" for ::1 at 2026-06-08 14:36:44 +0300
Processing by ProductsController#index as HTML
  [1m[36mSession Load (0.2ms)[0m  [1m[34mSELECT "sessions".* FROM "sessions" WHERE "sessions"."id" = 1 LIMIT 1 /*action='index',application='Store',controller='products'*/[0m
  ↳ app/controllers/concerns/authentication.rb:29:in 'Authentication#find_session_by_cookie'
  Rendering layout layouts/application.html.erb
  Rendering products/index.html.erb within layouts/application
  [1m[36mProduct Load (0.2ms)[0m  [1m[34mSELECT "products".* FROM "products" /*action='index',application='Store',controller='products'*/[0m
  ↳ app/views/products/index.html.erb:7
  Rendered products/index.html.erb within layouts/application (Duration: 2.9ms | GC: 0.4ms)
  Rendered layout layouts/application.html.erb (Duration: 4.4ms | GC: 0.4ms)
Completed 200 OK in 8ms (Views: 4.9ms | ActiveRecord: 0.4ms (2 queries, 0 cached) | GC: 0.4ms)


Started DELETE "/session" for ::1 at 2026-06-08 14:37:00 +0300
Processing by SessionsController#destroy as TURBO_STREAM
  Parameters: {"authenticity_token" => "[FILTERED]"}
  [1m[36mSession Load (0.1ms)[0m  [1m[34mSELECT "sessions".* FROM "sessions" WHERE "sessions"."id" = 1 LIMIT 1 /*action='destroy',application='Store',controller='sessions'*/[0m
  ↳ app/controllers/concerns/authentication.rb:29:in 'Authentication#find_session_by_cookie'
  [1m[36mTRANSACTION (0.1ms)[0m  [1m[35mBEGIN immediate TRANSACTION /*action='destroy',application='Store',controller='sessions'*/[0m
  ↳ app/controllers/concerns/authentication.rb:49:in 'Authentication#terminate_session'
  [1m[36mSession Destroy (0.9ms)[0m  [1m[31mDELETE FROM "sessions" WHERE "sessions"."id" = 1 /*action='destroy',application='Store',controller='sessions'*/[0m
  ↳ app/controllers/concerns/authentication.rb:49:in 'Authentication#terminate_session'
  [1m[36mTRANSACTION (0.2ms)[0m  [1m[35mCOMMIT TRANSACTION /*action='destroy',application='Store',controller='sessions'*/[0m
  ↳ app/controllers/concerns/authentication.rb:49:in 'Authentication#terminate_session'
Redirected to http://localhost:3000/session/new
↳ app/controllers/sessions_controller.rb:19:in 'SessionsController#destroy'
Completed 303 See Other in 6ms (ActiveRecord: 1.3ms (2 queries, 0 cached) | GC: 0.2ms)


Started GET "/session/new" for ::1 at 2026-06-08 14:37:00 +0300
Processing by SessionsController#new as TURBO_STREAM
  Rendering layout layouts/application.html.erb
  Rendering sessions/new.html.erb within layouts/application
  Rendered sessions/new.html.erb within layouts/application (Duration: 1.6ms | GC: 0.0ms)
  Rendered layout layouts/application.html.erb (Duration: 2.6ms | GC: 0.2ms)
Completed 200 OK in 4ms (Views: 3.2ms | ActiveRecord: 0.0ms (0 queries, 0 cached) | GC: 0.2ms)


Started POST "/session" for ::1 at 2026-06-08 14:37:04 +0300
Processing by SessionsController#create as TURBO_STREAM
  Parameters: {"authenticity_token" => "[FILTERED]", "email_address" => "[FILTERED]", "password" => "[FILTERED]", "commit" => "Sign in"}
[31mUnpermitted parameters: :authenticity_token, :commit. Context: { controller: SessionsController, action: create, request: #<ActionDispatch::Request:0x0000703b159e1400>, params: {"authenticity_token" => "[FILTERED]", "email_address" => "[FILTERED]", "password" => "[FILTERED]", "commit" => "Sign in", "controller" => "sessions", "action" => "create"} }[0m
  [1m[36mUser Load (0.1ms)[0m  [1m[34mSELECT "users".* FROM "users" WHERE "users"."email_address" = 'you@example.com' LIMIT 1 /*action='create',application='Store',controller='sessions'*/[0m
  ↳ app/controllers/sessions_controller.rb:9:in 'SessionsController#create'
  [1m[36mTRANSACTION (0.1ms)[0m  [1m[35mBEGIN immediate TRANSACTION /*action='create',application='Store',controller='sessions'*/[0m
  ↳ app/controllers/concerns/authentication.rb:42:in 'Authentication#start_new_session_for'
  [1m[36mSession Create (1.2ms)[0m  [1m[32mINSERT INTO "sessions" ("user_id", "ip_address", "user_agent", "created_at", "updated_at") VALUES (1, '::1', 'Mozilla/5.0 (X11; Linux x86_64) AppleWebKit/537.36 (KHTML, like Gecko) Chrome/139.0.0.0 Safari/537.36', '2026-06-08 11:37:05.009561', '2026-06-08 11:37:05.009561') RETURNING "id" /*action='create',application='Store',controller='sessions'*/[0m
  ↳ app/controllers/concerns/authentication.rb:42:in 'Authentication#start_new_session_for'
  [1m[36mTRANSACTION (0.3ms)[0m  [1m[35mCOMMIT TRANSACTION /*action='create',application='Store',controller='sessions'*/[0m
  ↳ app/controllers/concerns/authentication.rb:42:in 'Authentication#start_new_session_for'
Redirected to http://localhost:3000/
↳ app/controllers/sessions_controller.rb:11:in 'SessionsController#create'
Completed 302 Found in 237ms (ActiveRecord: 1.9ms (2 queries, 0 cached) | GC: 0.3ms)


Started GET "/" for ::1 at 2026-06-08 14:37:05 +0300
Processing by ProductsController#index as TURBO_STREAM
  [1m[36mSession Load (0.1ms)[0m  [1m[34mSELECT "sessions".* FROM "sessions" WHERE "sessions"."id" = 2 LIMIT 1 /*action='index',application='Store',controller='products'*/[0m
  ↳ app/controllers/concerns/authentication.rb:29:in 'Authentication#find_session_by_cookie'
  Rendering layout layouts/application.html.erb
  Rendering products/index.html.erb within layouts/application
  [1m[36mProduct Load (0.2ms)[0m  [1m[34mSELECT "products".* FROM "products" /*action='index',application='Store',controller='products'*/[0m
  ↳ app/views/products/index.html.erb:7
  Rendered products/index.html.erb within layouts/application (Duration: 1.8ms | GC: 0.0ms)
  Rendered layout layouts/application.html.erb (Duration: 2.9ms | GC: 0.0ms)
Completed 200 OK in 6ms (Views: 3.5ms | ActiveRecord: 0.3ms (2 queries, 0 cached) | GC: 0.0ms)


Started GET "/" for ::1 at 2026-06-08 14:38:58 +0300
  
NoMethodError (undefined method 'resource' for main):
  
config/routes.rb:34:in '<compiled>'
Started GET "/" for ::1 at 2026-06-08 14:39:04 +0300
Processing by ProductsController#index as HTML
  [1m[36mSession Load (0.1ms)[0m  [1m[34mSELECT "sessions".* FROM "sessions" WHERE "sessions"."id" = 2 LIMIT 1 /*action='index',application='Store',controller='products'*/[0m
  ↳ app/controllers/concerns/authentication.rb:29:in 'Authentication#find_session_by_cookie'
  Rendering layout layouts/application.html.erb
  Rendering products/index.html.erb within layouts/application
  [1m[36mProduct Load (0.1ms)[0m  [1m[34mSELECT "products".* FROM "products" /*action='index',application='Store',controller='products'*/[0m
  ↳ app/views/products/index.html.erb:7
  Rendered products/index.html.erb within layouts/application (Duration: 3.8ms | GC: 0.0ms)
  Rendered layout layouts/application.html.erb (Duration: 6.6ms | GC: 0.2ms)
Completed 200 OK in 18ms (Views: 7.3ms | ActiveRecord: 2.7ms (2 queries, 0 cached) | GC: 0.7ms)


Started GET "/" for ::1 at 2026-06-08 14:39:05 +0300
Processing by ProductsController#index as HTML
  [1m[36mSession Load (0.2ms)[0m  [1m[34mSELECT "sessions".* FROM "sessions" WHERE "sessions"."id" = 2 LIMIT 1 /*action='index',application='Store',controller='products'*/[0m
  ↳ app/controllers/concerns/authentication.rb:29:in 'Authentication#find_session_by_cookie'
  Rendering layout layouts/application.html.erb
  Rendering products/index.html.erb within layouts/application
  [1m[36mProduct Load (0.1ms)[0m  [1m[34mSELECT "products".* FROM "products" /*action='index',application='Store',controller='products'*/[0m
  ↳ app/views/products/index.html.erb:7
  Rendered products/index.html.erb within layouts/application (Duration: 1.2ms | GC: 0.1ms)
  Rendered layout layouts/application.html.erb (Duration: 2.1ms | GC: 0.1ms)
Completed 200 OK in 5ms (Views: 2.4ms | ActiveRecord: 0.3ms (2 queries, 0 cached) | GC: 0.1ms)


Started GET "/" for ::1 at 2026-06-08 14:39:05 +0300
Processing by ProductsController#index as HTML
  [1m[36mSession Load (0.2ms)[0m  [1m[34mSELECT "sessions".* FROM "sessions" WHERE "sessions"."id" = 2 LIMIT 1 /*action='index',application='Store',controller='products'*/[0m
  ↳ app/controllers/concerns/authentication.rb:29:in 'Authentication#find_session_by_cookie'
  Rendering layout layouts/application.html.erb
  Rendering products/index.html.erb within layouts/application
  [1m[36mProduct Load (0.1ms)[0m  [1m[34mSELECT "products".* FROM "products" /*action='index',application='Store',controller='products'*/[0m
  ↳ app/views/products/index.html.erb:7
  Rendered products/index.html.erb within layouts/application (Duration: 1.0ms | GC: 0.0ms)
  Rendered layout layouts/application.html.erb (Duration: 2.1ms | GC: 0.1ms)
Completed 200 OK in 5ms (Views: 2.4ms | ActiveRecord: 0.3ms (2 queries, 0 cached) | GC: 0.1ms)


Started GET "/" for ::1 at 2026-06-08 14:39:05 +0300
Processing by ProductsController#index as HTML
  [1m[36mSession Load (0.2ms)[0m  [1m[34mSELECT "sessions".* FROM "sessions" WHERE "sessions"."id" = 2 LIMIT 1 /*action='index',application='Store',controller='products'*/[0m
  ↳ app/controllers/concerns/authentication.rb:29:in 'Authentication#find_session_by_cookie'
  Rendering layout layouts/application.html.erb
  Rendering products/index.html.erb within layouts/application
  [1m[36mProduct Load (0.1ms)[0m  [1m[34mSELECT "products".* FROM "products" /*action='index',application='Store',controller='products'*/[0m
  ↳ app/views/products/index.html.erb:7
  Rendered products/index.html.erb within layouts/application (Duration: 1.0ms | GC: 0.0ms)
  Rendered layout layouts/application.html.erb (Duration: 1.9ms | GC: 0.0ms)
Completed 200 OK in 5ms (Views: 2.2ms | ActiveRecord: 0.3ms (2 queries, 0 cached) | GC: 0.0ms)


Started GET "/" for ::1 at 2026-06-08 14:39:06 +0300
Processing by ProductsController#index as HTML
  [1m[36mSession Load (0.2ms)[0m  [1m[34mSELECT "sessions".* FROM "sessions" WHERE "sessions"."id" = 2 LIMIT 1 /*action='index',application='Store',controller='products'*/[0m
  ↳ app/controllers/concerns/authentication.rb:29:in 'Authentication#find_session_by_cookie'
  Rendering layout layouts/application.html.erb
  Rendering products/index.html.erb within layouts/application
  [1m[36mProduct Load (0.2ms)[0m  [1m[34mSELECT "products".* FROM "products" /*action='index',application='Store',controller='products'*/[0m
  ↳ app/views/products/index.html.erb:7
  Rendered products/index.html.erb within layouts/application (Duration: 2.1ms | GC: 0.0ms)
  Rendered layout layouts/application.html.erb (Duration: 4.2ms | GC: 0.0ms)
Completed 200 OK in 7ms (Views: 4.7ms | ActiveRecord: 0.3ms (2 queries, 0 cached) | GC: 0.0ms)


Started GET "/" for ::1 at 2026-06-08 14:39:06 +0300
Processing by ProductsController#index as HTML
  [1m[36mSession Load (0.2ms)[0m  [1m[34mSELECT "sessions".* FROM "sessions" WHERE "sessions"."id" = 2 LIMIT 1 /*action='index',application='Store',controller='products'*/[0m
  ↳ app/controllers/concerns/authentication.rb:29:in 'Authentication#find_session_by_cookie'
  Rendering layout layouts/application.html.erb
  Rendering products/index.html.erb within layouts/application
  [1m[36mProduct Load (0.1ms)[0m  [1m[34mSELECT "products".* FROM "products" /*action='index',application='Store',controller='products'*/[0m
  ↳ app/views/products/index.html.erb:7
  Rendered products/index.html.erb within layouts/application (Duration: 1.5ms | GC: 0.0ms)
  Rendered layout layouts/application.html.erb (Duration: 2.4ms | GC: 0.0ms)
Completed 200 OK in 7ms (Views: 3.0ms | ActiveRecord: 0.3ms (2 queries, 0 cached) | GC: 0.0ms)


Started DELETE "/session" for ::1 at 2026-06-08 14:39:07 +0300
Processing by SessionsController#destroy as TURBO_STREAM
  Parameters: {"authenticity_token" => "[FILTERED]"}
  [1m[36mSession Load (0.1ms)[0m  [1m[34mSELECT "sessions".* FROM "sessions" WHERE "sessions"."id" = 2 LIMIT 1 /*action='destroy',application='Store',controller='sessions'*/[0m
  ↳ app/controllers/concerns/authentication.rb:29:in 'Authentication#find_session_by_cookie'
  [1m[36mTRANSACTION (0.1ms)[0m  [1m[35mBEGIN immediate TRANSACTION /*action='destroy',application='Store',controller='sessions'*/[0m
  ↳ app/controllers/concerns/authentication.rb:49:in 'Authentication#terminate_session'
  [1m[36mSession Destroy (0.7ms)[0m  [1m[31mDELETE FROM "sessions" WHERE "sessions"."id" = 2 /*action='destroy',application='Store',controller='sessions'*/[0m
  ↳ app/controllers/concerns/authentication.rb:49:in 'Authentication#terminate_session'
  [1m[36mTRANSACTION (5.9ms)[0m  [1m[35mCOMMIT TRANSACTION /*action='destroy',application='Store',controller='sessions'*/[0m
  ↳ app/controllers/concerns/authentication.rb:49:in 'Authentication#terminate_session'
Redirected to http://localhost:3000/session/new
↳ app/controllers/sessions_controller.rb:19:in 'SessionsController#destroy'
Completed 303 See Other in 11ms (ActiveRecord: 6.8ms (2 queries, 0 cached) | GC: 0.0ms)


Started GET "/session/new" for ::1 at 2026-06-08 14:39:07 +0300
Processing by SessionsController#new as TURBO_STREAM
  Rendering layout layouts/application.html.erb
  Rendering sessions/new.html.erb within layouts/application
  Rendered sessions/new.html.erb within layouts/application (Duration: 1.3ms | GC: 0.0ms)
  Rendered layout layouts/application.html.erb (Duration: 1.9ms | GC: 0.0ms)
Completed 200 OK in 4ms (Views: 2.6ms | ActiveRecord: 0.0ms (0 queries, 0 cached) | GC: 0.0ms)


Started POST "/session" for ::1 at 2026-06-08 14:39:10 +0300
Processing by SessionsController#create as TURBO_STREAM
  Parameters: {"authenticity_token" => "[FILTERED]", "email_address" => "[FILTERED]", "password" => "[FILTERED]", "commit" => "Sign in"}
[31mUnpermitted parameters: :authenticity_token, :commit. Context: { controller: SessionsController, action: create, request: #<ActionDispatch::Request:0x0000703b0ca57000>, params: {"authenticity_token" => "[FILTERED]", "email_address" => "[FILTERED]", "password" => "[FILTERED]", "commit" => "Sign in", "controller" => "sessions", "action" => "create"} }[0m
  [1m[36mUser Load (0.1ms)[0m  [1m[34mSELECT "users".* FROM "users" WHERE "users"."email_address" = 'you@example.com' LIMIT 1 /*action='create',application='Store',controller='sessions'*/[0m
  ↳ app/controllers/sessions_controller.rb:9:in 'SessionsController#create'
  [1m[36mTRANSACTION (0.1ms)[0m  [1m[35mBEGIN immediate TRANSACTION /*action='create',application='Store',controller='sessions'*/[0m
  ↳ app/controllers/concerns/authentication.rb:42:in 'Authentication#start_new_session_for'
  [1m[36mSession Create (1.6ms)[0m  [1m[32mINSERT INTO "sessions" ("user_id", "ip_address", "user_agent", "created_at", "updated_at") VALUES (1, '::1', 'Mozilla/5.0 (X11; Linux x86_64) AppleWebKit/537.36 (KHTML, like Gecko) Chrome/139.0.0.0 Safari/537.36', '2026-06-08 11:39:10.572972', '2026-06-08 11:39:10.572972') RETURNING "id" /*action='create',application='Store',controller='sessions'*/[0m
  ↳ app/controllers/concerns/authentication.rb:42:in 'Authentication#start_new_session_for'
  [1m[36mTRANSACTION (0.2ms)[0m  [1m[35mCOMMIT TRANSACTION /*action='create',application='Store',controller='sessions'*/[0m
  ↳ app/controllers/concerns/authentication.rb:42:in 'Authentication#start_new_session_for'
Redirected to http://localhost:3000/
↳ app/controllers/sessions_controller.rb:11:in 'SessionsController#create'
Completed 302 Found in 229ms (ActiveRecord: 2.5ms (2 queries, 0 cached) | GC: 0.0ms)


Started GET "/" for ::1 at 2026-06-08 14:39:10 +0300
Processing by ProductsController#index as TURBO_STREAM
  [1m[36mSession Load (0.1ms)[0m  [1m[34mSELECT "sessions".* FROM "sessions" WHERE "sessions"."id" = 3 LIMIT 1 /*action='index',application='Store',controller='products'*/[0m
  ↳ app/controllers/concerns/authentication.rb:29:in 'Authentication#find_session_by_cookie'
  Rendering layout layouts/application.html.erb
  Rendering products/index.html.erb within layouts/application
  [1m[36mProduct Load (0.1ms)[0m  [1m[34mSELECT "products".* FROM "products" /*action='index',application='Store',controller='products'*/[0m
  ↳ app/views/products/index.html.erb:7
  Rendered products/index.html.erb within layouts/application (Duration: 1.1ms | GC: 0.0ms)
  Rendered layout layouts/application.html.erb (Duration: 2.1ms | GC: 0.0ms)
Completed 200 OK in 4ms (Views: 2.4ms | ActiveRecord: 0.2ms (2 queries, 0 cached) | GC: 0.0ms)


Started DELETE "/session" for ::1 at 2026-06-08 14:41:06 +0300
  
NoMethodError (undefined method 'resource' for main):
  
config/routes.rb:34:in '<compiled>'
Started GET "/" for ::1 at 2026-06-08 14:41:09 +0300
Processing by ProductsController#index as HTML
  Rendering layout layouts/application.html.erb
  Rendering products/index.html.erb within layouts/application
  [1m[36mProduct Load (2.7ms)[0m  [1m[34mSELECT "products".* FROM "products" /*action='index',application='Store',controller='products'*/[0m
  ↳ app/views/products/index.html.erb:7
  Rendered products/index.html.erb within layouts/application (Duration: 6.6ms | GC: 0.2ms)
  [1m[36mSession Load (0.2ms)[0m  [1m[34mSELECT "sessions".* FROM "sessions" WHERE "sessions"."id" = 3 LIMIT 1 /*action='index',application='Store',controller='products'*/[0m
  ↳ app/controllers/concerns/authentication.rb:29:in 'Authentication#find_session_by_cookie'
  Rendered layout layouts/application.html.erb (Duration: 15.3ms | GC: 0.5ms)
Completed 200 OK in 19ms (Views: 12.9ms | ActiveRecord: 3.6ms (2 queries, 0 cached) | GC: 0.5ms)


Started DELETE "/session" for ::1 at 2026-06-08 14:41:11 +0300
Processing by SessionsController#destroy as TURBO_STREAM
  Parameters: {"authenticity_token" => "[FILTERED]"}
  [1m[36mSession Load (0.2ms)[0m  [1m[34mSELECT "sessions".* FROM "sessions" WHERE "sessions"."id" = 3 LIMIT 1 /*action='destroy',application='Store',controller='sessions'*/[0m
  ↳ app/controllers/concerns/authentication.rb:29:in 'Authentication#find_session_by_cookie'
  [1m[36mTRANSACTION (0.1ms)[0m  [1m[35mBEGIN immediate TRANSACTION /*action='destroy',application='Store',controller='sessions'*/[0m
  ↳ app/controllers/concerns/authentication.rb:49:in 'Authentication#terminate_session'
  [1m[36mSession Destroy (0.7ms)[0m  [1m[31mDELETE FROM "sessions" WHERE "sessions"."id" = 3 /*action='destroy',application='Store',controller='sessions'*/[0m
  ↳ app/controllers/concerns/authentication.rb:49:in 'Authentication#terminate_session'
  [1m[36mTRANSACTION (5.9ms)[0m  [1m[35mCOMMIT TRANSACTION /*action='destroy',application='Store',controller='sessions'*/[0m
  ↳ app/controllers/concerns/authentication.rb:49:in 'Authentication#terminate_session'
Redirected to http://localhost:3000/session/new
↳ app/controllers/sessions_controller.rb:19:in 'SessionsController#destroy'
Completed 303 See Other in 11ms (ActiveRecord: 6.8ms (2 queries, 0 cached) | GC: 0.1ms)


Started GET "/session/new" for ::1 at 2026-06-08 14:41:11 +0300
Processing by SessionsController#new as TURBO_STREAM
  Rendering layout layouts/application.html.erb
  Rendering sessions/new.html.erb within layouts/application
  Rendered sessions/new.html.erb within layouts/application (Duration: 1.5ms | GC: 0.0ms)
  Rendered layout layouts/application.html.erb (Duration: 2.2ms | GC: 0.0ms)
Completed 200 OK in 4ms (Views: 2.9ms | ActiveRecord: 0.0ms (0 queries, 0 cached) | GC: 0.0ms)


Started GET "/products" for ::1 at 2026-06-08 14:41:18 +0300
Processing by ProductsController#index as HTML
  Rendering layout layouts/application.html.erb
  Rendering products/index.html.erb within layouts/application
  [1m[36mProduct Load (0.1ms)[0m  [1m[34mSELECT "products".* FROM "products" /*action='index',application='Store',controller='products'*/[0m
  ↳ app/views/products/index.html.erb:7
  Rendered products/index.html.erb within layouts/application (Duration: 1.2ms | GC: 0.0ms)
  Rendered layout layouts/application.html.erb (Duration: 2.1ms | GC: 0.0ms)
Completed 200 OK in 4ms (Views: 2.5ms | ActiveRecord: 0.1ms (1 query, 0 cached) | GC: 0.0ms)


Started GET "/products/new" for ::1 at 2026-06-08 14:41:21 +0300
Processing by ProductsController#new as HTML
Redirected to http://localhost:3000/session/new
↳ app/controllers/concerns/authentication.rb:34:in 'Authentication#request_authentication'
Filter chain halted as :require_authentication rendered or redirected
Completed 302 Found in 2ms (ActiveRecord: 0.0ms (0 queries, 0 cached) | GC: 0.0ms)


Started GET "/session/new" for ::1 at 2026-06-08 14:41:21 +0300
Processing by SessionsController#new as HTML
  Rendering layout layouts/application.html.erb
  Rendering sessions/new.html.erb within layouts/application
  Rendered sessions/new.html.erb within layouts/application (Duration: 0.8ms | GC: 0.0ms)
  Rendered layout layouts/application.html.erb (Duration: 1.4ms | GC: 0.0ms)
Completed 200 OK in 2ms (Views: 1.8ms | ActiveRecord: 0.0ms (0 queries, 0 cached) | GC: 0.0ms)


Started GET "/" for ::1 at 2026-06-08 14:41:27 +0300
Processing by ProductsController#index as HTML
  Rendering layout layouts/application.html.erb
  Rendering products/index.html.erb within layouts/application
  [1m[36mProduct Load (0.2ms)[0m  [1m[34mSELECT "products".* FROM "products" /*action='index',application='Store',controller='products'*/[0m
  ↳ app/views/products/index.html.erb:7
  Rendered products/index.html.erb within layouts/application (Duration: 1.8ms | GC: 0.0ms)
  Rendered layout layouts/application.html.erb (Duration: 2.7ms | GC: 0.0ms)
Completed 200 OK in 5ms (Views: 3.1ms | ActiveRecord: 0.2ms (1 query, 0 cached) | GC: 0.0ms)


Started GET "/products/3" for ::1 at 2026-06-08 14:41:29 +0300
Processing by ProductsController#show as HTML
  Parameters: {"id" => "3"}
  [1m[36mProduct Load (0.4ms)[0m  [1m[34mSELECT "products".* FROM "products" WHERE "products"."id" = 3 LIMIT 1 /*action='show',application='Store',controller='products'*/[0m
  ↳ app/controllers/products_controller.rb:36:in 'ProductsController#set_product'
  Rendering layout layouts/application.html.erb
  Rendering products/show.html.erb within layouts/application
  Rendered products/show.html.erb within layouts/application (Duration: 1.0ms | GC: 0.0ms)
  Rendered layout layouts/application.html.erb (Duration: 1.6ms | GC: 0.0ms)
Completed 200 OK in 6ms (Views: 2.0ms | ActiveRecord: 0.4ms (1 query, 0 cached) | GC: 0.0ms)


Started GET "/" for ::1 at 2026-06-08 14:41:30 +0300
Processing by ProductsController#index as HTML
  Rendering layout layouts/application.html.erb
  Rendering products/index.html.erb within layouts/application
  [1m[36mProduct Load (0.2ms)[0m  [1m[34mSELECT "products".* FROM "products" /*action='index',application='Store',controller='products'*/[0m
  ↳ app/views/products/index.html.erb:7
  Rendered products/index.html.erb within layouts/application (Duration: 1.8ms | GC: 0.0ms)
  Rendered layout layouts/application.html.erb (Duration: 3.2ms | GC: 0.0ms)
Completed 200 OK in 6ms (Views: 4.6ms | ActiveRecord: 0.2ms (1 query, 0 cached) | GC: 0.0ms)


Started GET "/" for ::1 at 2026-06-08 14:42:16 +0300
  
NoMethodError (undefined method 'resource' for main):
  
config/routes.rb:34:in '<compiled>'
Started GET "/" for ::1 at 2026-06-08 14:42:17 +0300
Processing by ProductsController#index as HTML
  Rendering layout layouts/application.html.erb
  Rendering products/index.html.erb within layouts/application
  [1m[36mProduct Load (2.8ms)[0m  [1m[34mSELECT "products".* FROM "products" /*action='index',application='Store',controller='products'*/[0m
  ↳ app/views/products/index.html.erb:7
  Rendered products/index.html.erb within layouts/application (Duration: 7.6ms | GC: 0.0ms)
  Rendered layout layouts/application.html.erb (Duration: 10.6ms | GC: 0.3ms)
Completed 200 OK in 14ms (Views: 8.5ms | ActiveRecord: 3.1ms (1 query, 0 cached) | GC: 0.3ms)


Started GET "/" for ::1 at 2026-06-08 14:46:21 +0300
  
NoMethodError (undefined method 'resource' for main):
  
config/routes.rb:34:in '<compiled>'
Started GET "/" for ::1 at 2026-06-08 14:46:22 +0300
Processing by ProductsController#index as HTML
  Rendering layout layouts/application.html.erb
  Rendering products/index.html.erb within layouts/application
  [1m[36mProduct Load (2.9ms)[0m  [1m[34mSELECT "products".* FROM "products" /*action='index',application='Store',controller='products'*/[0m
  ↳ app/views/products/index.html.erb:8
  Rendered products/index.html.erb within layouts/application (Duration: 9.4ms | GC: 0.8ms)
  Rendered layout layouts/application.html.erb (Duration: 12.2ms | GC: 1.2ms)
Completed 200 OK in 16ms (Views: 9.9ms | ActiveRecord: 3.5ms (1 query, 0 cached) | GC: 1.6ms)


Started GET "/" for ::1 at 2026-06-08 14:46:23 +0300
Processing by ProductsController#index as HTML
  Rendering layout layouts/application.html.erb
  Rendering products/index.html.erb within layouts/application
  [1m[36mProduct Load (0.1ms)[0m  [1m[34mSELECT "products".* FROM "products" /*action='index',application='Store',controller='products'*/[0m
  ↳ app/views/products/index.html.erb:8
  Rendered products/index.html.erb within layouts/application (Duration: 1.3ms | GC: 0.0ms)
  Rendered layout layouts/application.html.erb (Duration: 2.1ms | GC: 0.0ms)
Completed 200 OK in 4ms (Views: 2.5ms | ActiveRecord: 0.1ms (1 query, 0 cached) | GC: 0.0ms)


Started GET "/" for ::1 at 2026-06-08 14:46:23 +0300
Processing by ProductsController#index as HTML
  Rendering layout layouts/application.html.erb
  Rendering products/index.html.erb within layouts/application
  [1m[36mProduct Load (0.3ms)[0m  [1m[34mSELECT "products".* FROM "products" /*action='index',application='Store',controller='products'*/[0m
  ↳ app/views/products/index.html.erb:8
  Rendered products/index.html.erb within layouts/application (Duration: 2.2ms | GC: 0.0ms)
  Rendered layout layouts/application.html.erb (Duration: 3.1ms | GC: 0.0ms)
Completed 200 OK in 5ms (Views: 3.4ms | ActiveRecord: 0.3ms (1 query, 0 cached) | GC: 0.0ms)


Started GET "/" for ::1 at 2026-06-08 14:46:23 +0300
Processing by ProductsController#index as HTML
  Rendering layout layouts/application.html.erb
  Rendering products/index.html.erb within layouts/application
  [1m[36mProduct Load (0.1ms)[0m  [1m[34mSELECT "products".* FROM "products" /*action='index',application='Store',controller='products'*/[0m
  ↳ app/views/products/index.html.erb:8
  Rendered products/index.html.erb within layouts/application (Duration: 1.5ms | GC: 0.2ms)
  Rendered layout layouts/application.html.erb (Duration: 2.3ms | GC: 0.2ms)
Completed 200 OK in 4ms (Views: 2.6ms | ActiveRecord: 0.1ms (1 query, 0 cached) | GC: 0.2ms)


Started GET "/" for ::1 at 2026-06-08 14:46:23 +0300
Processing by ProductsController#index as HTML
  Rendering layout layouts/application.html.erb
  Rendering products/index.html.erb within layouts/application
  [1m[36mProduct Load (0.2ms)[0m  [1m[34mSELECT "products".* FROM "products" /*action='index',application='Store',controller='products'*/[0m
  ↳ app/views/products/index.html.erb:8
  Rendered products/index.html.erb within layouts/application (Duration: 1.3ms | GC: 0.0ms)
  Rendered layout layouts/application.html.erb (Duration: 2.1ms | GC: 0.0ms)
Completed 200 OK in 3ms (Views: 2.4ms | ActiveRecord: 0.2ms (1 query, 0 cached) | GC: 0.0ms)


Started GET "/" for ::1 at 2026-06-08 14:46:23 +0300
Processing by ProductsController#index as HTML
  Rendering layout layouts/application.html.erb
  Rendering products/index.html.erb within layouts/application
  [1m[36mProduct Load (0.2ms)[0m  [1m[34mSELECT "products".* FROM "products" /*action='index',application='Store',controller='products'*/[0m
  ↳ app/views/products/index.html.erb:8
  Rendered products/index.html.erb within layouts/application (Duration: 1.3ms | GC: 0.0ms)
  Rendered layout layouts/application.html.erb (Duration: 2.1ms | GC: 0.0ms)
Completed 200 OK in 4ms (Views: 2.5ms | ActiveRecord: 0.2ms (1 query, 0 cached) | GC: 0.0ms)


Started GET "/" for ::1 at 2026-06-08 14:46:53 +0300
  
NoMethodError (undefined method 'resource' for main):
  
config/routes.rb:34:in '<compiled>'
Started GET "/" for ::1 at 2026-06-08 14:46:54 +0300
Processing by ProductsController#index as HTML
  Rendering layout layouts/application.html.erb
  Rendering products/index.html.erb within layouts/application
  [1m[36mProduct Load (2.8ms)[0m  [1m[34mSELECT "products".* FROM "products" /*action='index',application='Store',controller='products'*/[0m
  ↳ app/views/products/index.html.erb:7
  Rendered products/index.html.erb within layouts/application (Duration: 7.4ms | GC: 0.0ms)
  Rendered layout layouts/application.html.erb (Duration: 10.3ms | GC: 0.5ms)
Completed 200 OK in 18ms (Views: 13.0ms | ActiveRecord: 3.1ms (1 query, 0 cached) | GC: 4.6ms)


Started GET "/session/new" for ::1 at 2026-06-08 14:46:57 +0300
Processing by SessionsController#new as HTML
  Rendering layout layouts/application.html.erb
  Rendering sessions/new.html.erb within layouts/application
  Rendered sessions/new.html.erb within layouts/application (Duration: 1.3ms | GC: 0.0ms)
  Rendered layout layouts/application.html.erb (Duration: 1.9ms | GC: 0.0ms)
Completed 200 OK in 4ms (Views: 2.5ms | ActiveRecord: 0.0ms (0 queries, 0 cached) | GC: 0.0ms)


Started POST "/session" for ::1 at 2026-06-08 14:46:59 +0300
Processing by SessionsController#create as TURBO_STREAM
  Parameters: {"authenticity_token" => "[FILTERED]", "email_address" => "[FILTERED]", "password" => "[FILTERED]", "commit" => "Sign in"}
[31mUnpermitted parameters: :authenticity_token, :commit. Context: { controller: SessionsController, action: create, request: #<ActionDispatch::Request:0x0000703b0ce1b6a0>, params: {"authenticity_token" => "[FILTERED]", "email_address" => "[FILTERED]", "password" => "[FILTERED]", "commit" => "Sign in", "controller" => "sessions", "action" => "create"} }[0m
  [1m[36mUser Load (0.1ms)[0m  [1m[34mSELECT "users".* FROM "users" WHERE "users"."email_address" = 'you@example.com' LIMIT 1 /*action='create',application='Store',controller='sessions'*/[0m
  ↳ app/controllers/sessions_controller.rb:9:in 'SessionsController#create'
  [1m[36mTRANSACTION (0.1ms)[0m  [1m[35mBEGIN immediate TRANSACTION /*action='create',application='Store',controller='sessions'*/[0m
  ↳ app/controllers/concerns/authentication.rb:42:in 'Authentication#start_new_session_for'
  [1m[36mSession Create (1.0ms)[0m  [1m[32mINSERT INTO "sessions" ("user_id", "ip_address", "user_agent", "created_at", "updated_at") VALUES (1, '::1', 'Mozilla/5.0 (X11; Linux x86_64) AppleWebKit/537.36 (KHTML, like Gecko) Chrome/139.0.0.0 Safari/537.36', '2026-06-08 11:47:00.022705', '2026-06-08 11:47:00.022705') RETURNING "id" /*action='create',application='Store',controller='sessions'*/[0m
  ↳ app/controllers/concerns/authentication.rb:42:in 'Authentication#start_new_session_for'
  [1m[36mTRANSACTION (5.9ms)[0m  [1m[35mCOMMIT TRANSACTION /*action='create',application='Store',controller='sessions'*/[0m
  ↳ app/controllers/concerns/authentication.rb:42:in 'Authentication#start_new_session_for'
Redirected to http://localhost:3000/products/new
↳ app/controllers/sessions_controller.rb:11:in 'SessionsController#create'
Completed 302 Found in 238ms (ActiveRecord: 7.9ms (2 queries, 0 cached) | GC: 0.9ms)


Started GET "/products/new" for ::1 at 2026-06-08 14:47:00 +0300
Processing by ProductsController#new as TURBO_STREAM
  [1m[36mSession Load (0.1ms)[0m  [1m[34mSELECT "sessions".* FROM "sessions" WHERE "sessions"."id" = 4 LIMIT 1 /*action='new',application='Store',controller='products'*/[0m
  ↳ app/controllers/concerns/authentication.rb:29:in 'Authentication#find_session_by_cookie'
  Rendering layout layouts/application.html.erb
  Rendering products/new.html.erb within layouts/application
  Rendered products/_form.html.erb (Duration: 1.3ms | GC: 0.0ms)
  Rendered products/new.html.erb within layouts/application (Duration: 2.0ms | GC: 0.0ms)
  Rendered layout layouts/application.html.erb (Duration: 2.6ms | GC: 0.0ms)
Completed 200 OK in 5ms (Views: 3.0ms | ActiveRecord: 0.1ms (1 query, 0 cached) | GC: 0.0ms)


Started GET "/products/new" for ::1 at 2026-06-08 14:48:05 +0300
  
NoMethodError (undefined method 'resource' for main):
  
config/routes.rb:34:in '<compiled>'
Started GET "/products/new" for ::1 at 2026-06-08 14:48:05 +0300
Processing by ProductsController#new as HTML
  [1m[36mSession Load (0.1ms)[0m  [1m[34mSELECT "sessions".* FROM "sessions" WHERE "sessions"."id" = 4 LIMIT 1 /*action='new',application='Store',controller='products'*/[0m
  ↳ app/controllers/concerns/authentication.rb:29:in 'Authentication#find_session_by_cookie'
  Rendering layout layouts/application.html.erb
  Rendering products/new.html.erb within layouts/application
  Rendered products/_form.html.erb (Duration: 1.5ms | GC: 0.3ms)
  Rendered products/new.html.erb within layouts/application (Duration: 2.0ms | GC: 0.3ms)
  Rendered layout layouts/application.html.erb (Duration: 6.2ms | GC: 0.6ms)
Completed 200 OK in 22ms (Views: 7.4ms | ActiveRecord: 3.4ms (1 query, 0 cached) | GC: 1.7ms)


Started GET "/products/new" for ::1 at 2026-06-08 14:48:06 +0300
Processing by ProductsController#new as HTML
  [1m[36mSession Load (0.2ms)[0m  [1m[34mSELECT "sessions".* FROM "sessions" WHERE "sessions"."id" = 4 LIMIT 1 /*action='new',application='Store',controller='products'*/[0m
  ↳ app/controllers/concerns/authentication.rb:29:in 'Authentication#find_session_by_cookie'
  Rendering layout layouts/application.html.erb
  Rendering products/new.html.erb within layouts/application
  Rendered products/_form.html.erb (Duration: 0.8ms | GC: 0.0ms)
  Rendered products/new.html.erb within layouts/application (Duration: 0.9ms | GC: 0.0ms)
  Rendered layout layouts/application.html.erb (Duration: 1.6ms | GC: 0.0ms)
Completed 200 OK in 5ms (Views: 2.0ms | ActiveRecord: 0.2ms (1 query, 0 cached) | GC: 0.0ms)


Started GET "/products/new" for ::1 at 2026-06-08 14:48:06 +0300
Processing by ProductsController#new as HTML
  [1m[36mSession Load (0.2ms)[0m  [1m[34mSELECT "sessions".* FROM "sessions" WHERE "sessions"."id" = 4 LIMIT 1 /*action='new',application='Store',controller='products'*/[0m
  ↳ app/controllers/concerns/authentication.rb:29:in 'Authentication#find_session_by_cookie'
  Rendering layout layouts/application.html.erb
  Rendering products/new.html.erb within layouts/application
  Rendered products/_form.html.erb (Duration: 0.7ms | GC: 0.0ms)
  Rendered products/new.html.erb within layouts/application (Duration: 0.9ms | GC: 0.0ms)
  Rendered layout layouts/application.html.erb (Duration: 1.5ms | GC: 0.0ms)
Completed 200 OK in 5ms (Views: 2.0ms | ActiveRecord: 0.2ms (1 query, 0 cached) | GC: 0.0ms)


Started GET "/products/new" for ::1 at 2026-06-08 14:48:06 +0300
Processing by ProductsController#new as HTML
  [1m[36mSession Load (0.3ms)[0m  [1m[34mSELECT "sessions".* FROM "sessions" WHERE "sessions"."id" = 4 LIMIT 1 /*action='new',application='Store',controller='products'*/[0m
  ↳ app/controllers/concerns/authentication.rb:29:in 'Authentication#find_session_by_cookie'
  Rendering layout layouts/application.html.erb
  Rendering products/new.html.erb within layouts/application
  Rendered products/_form.html.erb (Duration: 0.8ms | GC: 0.0ms)
  Rendered products/new.html.erb within layouts/application (Duration: 1.1ms | GC: 0.0ms)
  Rendered layout layouts/application.html.erb (Duration: 1.8ms | GC: 0.0ms)
Completed 200 OK in 6ms (Views: 2.5ms | ActiveRecord: 0.3ms (1 query, 0 cached) | GC: 0.0ms)


Started GET "/products/new" for ::1 at 2026-06-08 14:48:06 +0300
Processing by ProductsController#new as HTML
  [1m[36mSession Load (0.2ms)[0m  [1m[34mSELECT "sessions".* FROM "sessions" WHERE "sessions"."id" = 4 LIMIT 1 /*action='new',application='Store',controller='products'*/[0m
  ↳ app/controllers/concerns/authentication.rb:29:in 'Authentication#find_session_by_cookie'
  Rendering layout layouts/application.html.erb
  Rendering products/new.html.erb within layouts/application
  Rendered products/_form.html.erb (Duration: 0.8ms | GC: 0.0ms)
  Rendered products/new.html.erb within layouts/application (Duration: 1.0ms | GC: 0.0ms)
  Rendered layout layouts/application.html.erb (Duration: 1.7ms | GC: 0.0ms)
Completed 200 OK in 4ms (Views: 2.2ms | ActiveRecord: 0.2ms (1 query, 0 cached) | GC: 0.0ms)


Started GET "/products/new" for ::1 at 2026-06-08 14:48:06 +0300
Processing by ProductsController#new as HTML
  [1m[36mSession Load (0.2ms)[0m  [1m[34mSELECT "sessions".* FROM "sessions" WHERE "sessions"."id" = 4 LIMIT 1 /*action='new',application='Store',controller='products'*/[0m
  ↳ app/controllers/concerns/authentication.rb:29:in 'Authentication#find_session_by_cookie'
  Rendering layout layouts/application.html.erb
  Rendering products/new.html.erb within layouts/application
  Rendered products/_form.html.erb (Duration: 1.1ms | GC: 0.0ms)
  Rendered products/new.html.erb within layouts/application (Duration: 1.6ms | GC: 0.0ms)
  Rendered layout layouts/application.html.erb (Duration: 2.9ms | GC: 0.0ms)
Completed 200 OK in 6ms (Views: 3.3ms | ActiveRecord: 0.2ms (1 query, 0 cached) | GC: 0.0ms)


Started DELETE "/session" for ::1 at 2026-06-08 14:48:09 +0300
Processing by SessionsController#destroy as TURBO_STREAM
  Parameters: {"authenticity_token" => "[FILTERED]"}
  [1m[36mSession Load (0.2ms)[0m  [1m[34mSELECT "sessions".* FROM "sessions" WHERE "sessions"."id" = 4 LIMIT 1 /*action='destroy',application='Store',controller='sessions'*/[0m
  ↳ app/controllers/concerns/authentication.rb:29:in 'Authentication#find_session_by_cookie'
  [1m[36mTRANSACTION (0.1ms)[0m  [1m[35mBEGIN immediate TRANSACTION /*action='destroy',application='Store',controller='sessions'*/[0m
  ↳ app/controllers/concerns/authentication.rb:49:in 'Authentication#terminate_session'
  [1m[36mSession Destroy (1.0ms)[0m  [1m[31mDELETE FROM "sessions" WHERE "sessions"."id" = 4 /*action='destroy',application='Store',controller='sessions'*/[0m
  ↳ app/controllers/concerns/authentication.rb:49:in 'Authentication#terminate_session'
  [1m[36mTRANSACTION (5.8ms)[0m  [1m[35mCOMMIT TRANSACTION /*action='destroy',application='Store',controller='sessions'*/[0m
  ↳ app/controllers/concerns/authentication.rb:49:in 'Authentication#terminate_session'
Redirected to http://localhost:3000/session/new
↳ app/controllers/sessions_controller.rb:19:in 'SessionsController#destroy'
Completed 303 See Other in 11ms (ActiveRecord: 7.0ms (2 queries, 0 cached) | GC: 0.0ms)


Started GET "/session/new" for ::1 at 2026-06-08 14:48:09 +0300
Processing by SessionsController#new as TURBO_STREAM
  Rendering layout layouts/application.html.erb
  Rendering sessions/new.html.erb within layouts/application
  Rendered sessions/new.html.erb within layouts/application (Duration: 1.7ms | GC: 0.0ms)
  Rendered layout layouts/application.html.erb (Duration: 2.4ms | GC: 0.0ms)
Completed 200 OK in 5ms (Views: 3.2ms | ActiveRecord: 0.0ms (0 queries, 0 cached) | GC: 0.2ms)


Started GET "/" for ::1 at 2026-06-08 14:48:11 +0300
Processing by ProductsController#index as HTML
  Rendering layout layouts/application.html.erb
  Rendering products/index.html.erb within layouts/application
  [1m[36mProduct Load (0.1ms)[0m  [1m[34mSELECT "products".* FROM "products" /*action='index',application='Store',controller='products'*/[0m
  ↳ app/views/products/index.html.erb:7
  Rendered products/index.html.erb within layouts/application (Duration: 1.9ms | GC: 0.0ms)
  Rendered layout layouts/application.html.erb (Duration: 2.7ms | GC: 0.0ms)
Completed 200 OK in 5ms (Views: 3.1ms | ActiveRecord: 0.1ms (1 query, 0 cached) | GC: 0.0ms)


Started GET "/" for ::1 at 2026-06-08 14:48:15 +0300
Processing by ProductsController#index as HTML
  Rendering layout layouts/application.html.erb
  Rendering products/index.html.erb within layouts/application
  [1m[36mProduct Load (0.2ms)[0m  [1m[34mSELECT "products".* FROM "products" /*action='index',application='Store',controller='products'*/[0m
  ↳ app/views/products/index.html.erb:7
  Rendered products/index.html.erb within layouts/application (Duration: 2.1ms | GC: 0.0ms)
  Rendered layout layouts/application.html.erb (Duration: 3.3ms | GC: 0.0ms)
Completed 200 OK in 5ms (Views: 3.7ms | ActiveRecord: 0.2ms (1 query, 0 cached) | GC: 0.0ms)


Started GET "/" for ::1 at 2026-06-08 14:48:15 +0300
Processing by ProductsController#index as HTML
  Rendering layout layouts/application.html.erb
  Rendering products/index.html.erb within layouts/application
  [1m[36mProduct Load (0.1ms)[0m  [1m[34mSELECT "products".* FROM "products" /*action='index',application='Store',controller='products'*/[0m
  ↳ app/views/products/index.html.erb:7
  Rendered products/index.html.erb within layouts/application (Duration: 1.3ms | GC: 0.0ms)
  Rendered layout layouts/application.html.erb (Duration: 2.4ms | GC: 0.0ms)
Completed 200 OK in 4ms (Views: 2.8ms | ActiveRecord: 0.1ms (1 query, 0 cached) | GC: 0.0ms)


Started GET "/" for ::1 at 2026-06-08 14:48:15 +0300
Processing by ProductsController#index as HTML
  Rendering layout layouts/application.html.erb
  Rendering products/index.html.erb within layouts/application
  [1m[36mProduct Load (0.1ms)[0m  [1m[34mSELECT "products".* FROM "products" /*action='index',application='Store',controller='products'*/[0m
  ↳ app/views/products/index.html.erb:7
  Rendered products/index.html.erb within layouts/application (Duration: 1.4ms | GC: 0.0ms)
  Rendered layout layouts/application.html.erb (Duration: 2.5ms | GC: 0.0ms)
Completed 200 OK in 4ms (Views: 3.0ms | ActiveRecord: 0.1ms (1 query, 0 cached) | GC: 0.0ms)


Started GET "/" for ::1 at 2026-06-08 14:48:16 +0300
Processing by ProductsController#index as HTML
  Rendering layout layouts/application.html.erb
  Rendering products/index.html.erb within layouts/application
  [1m[36mProduct Load (0.1ms)[0m  [1m[34mSELECT "products".* FROM "products" /*action='index',application='Store',controller='products'*/[0m
  ↳ app/views/products/index.html.erb:7
  Rendered products/index.html.erb within layouts/application (Duration: 1.7ms | GC: 0.0ms)
  Rendered layout layouts/application.html.erb (Duration: 3.2ms | GC: 0.0ms)
Completed 200 OK in 5ms (Views: 3.7ms | ActiveRecord: 0.1ms (1 query, 0 cached) | GC: 0.0ms)


Started GET "/" for ::1 at 2026-06-08 14:48:16 +0300
Processing by ProductsController#index as HTML
  Rendering layout layouts/application.html.erb
  Rendering products/index.html.erb within layouts/application
  [1m[36mProduct Load (0.1ms)[0m  [1m[34mSELECT "products".* FROM "products" /*action='index',application='Store',controller='products'*/[0m
  ↳ app/views/products/index.html.erb:7
  Rendered products/index.html.erb within layouts/application (Duration: 1.3ms | GC: 0.0ms)
  Rendered layout layouts/application.html.erb (Duration: 2.1ms | GC: 0.0ms)
Completed 200 OK in 3ms (Views: 2.4ms | ActiveRecord: 0.1ms (1 query, 0 cached) | GC: 0.0ms)


Started GET "/" for ::1 at 2026-06-08 14:49:04 +0300
  
NoMethodError (undefined method 'resource' for main):
  
config/routes.rb:34:in '<compiled>'
Started GET "/" for ::1 at 2026-06-08 14:49:04 +0300
Processing by ProductsController#index as HTML
  Rendering layout layouts/application.html.erb
  Rendering products/index.html.erb within layouts/application
  [1m[36mProduct Load (1.5ms)[0m  [1m[34mSELECT "products".* FROM "products" /*action='index',application='Store',controller='products'*/[0m
  ↳ app/views/products/index.html.erb:7
  Rendered products/index.html.erb within layouts/application (Duration: 5.4ms | GC: 0.2ms)
  Rendered layout layouts/application.html.erb (Duration: 8.7ms | GC: 0.4ms)
Completed 200 OK in 12ms (Views: 7.9ms | ActiveRecord: 1.8ms (1 query, 0 cached) | GC: 0.4ms)


Started GET "/products/3" for ::1 at 2026-06-08 14:49:07 +0300
Processing by ProductsController#show as HTML
  Parameters: {"id" => "3"}
  [1m[36mProduct Load (0.2ms)[0m  [1m[34mSELECT "products".* FROM "products" WHERE "products"."id" = 3 LIMIT 1 /*action='show',application='Store',controller='products'*/[0m
  ↳ app/controllers/products_controller.rb:36:in 'ProductsController#set_product'
  Rendering layout layouts/application.html.erb
  Rendering products/show.html.erb within layouts/application
  Rendered products/show.html.erb within layouts/application (Duration: 0.6ms | GC: 0.0ms)
  Rendered layout layouts/application.html.erb (Duration: 1.5ms | GC: 0.0ms)
Completed 200 OK in 6ms (Views: 1.9ms | ActiveRecord: 0.2ms (1 query, 0 cached) | GC: 0.2ms)


Started GET "/products" for ::1 at 2026-06-08 14:49:09 +0300
Processing by ProductsController#index as HTML
  Rendering layout layouts/application.html.erb
  Rendering products/index.html.erb within layouts/application
  [1m[36mProduct Load (0.2ms)[0m  [1m[34mSELECT "products".* FROM "products" /*action='index',application='Store',controller='products'*/[0m
  ↳ app/views/products/index.html.erb:7
  Rendered products/index.html.erb within layouts/application (Duration: 1.7ms | GC: 0.0ms)
  Rendered layout layouts/application.html.erb (Duration: 2.5ms | GC: 0.0ms)
Completed 200 OK in 5ms (Views: 3.1ms | ActiveRecord: 0.2ms (1 query, 0 cached) | GC: 0.0ms)


